Census District,City/Town/Village,Total Population,Year,latitude,longitude,lat_decimals,lon_decimals,needs_reassign,good_coords,pop_clean
Gaborone,Gaborone West Extension 2 (Phase 1),"2,017",2022,-24.6683697,25.8920998,7,7,False,True,2017
Gaborone,Gaborone West Extension 3 (Phase 1),"5,131",2022,-24.6639467,25.8861856,7,7,False,True,5131
Gaborone,Gaborone West Extension 4 (Phase 1),"4,917",2022,-24.6595229,25.8802712,7,7,False,True,4917
Gaborone,Gaborone West Extension 5 (Phase 1),"2,200",2022,-24.650167,25.8861856,6,7,False,True,2200
Gaborone,Gaborone West Extension 6 (Phase 1),"5,088",2022,-24.6551348,25.8891427,7,7,False,True,5088
Gaborone,Gaborone West Extension 7 (Phase 1),"2,181",2022,-24.659558,25.8950568,6,7,False,True,2181
Gaborone,Gaborone West Extension 8 (Phase 2),"1,641",2022,-24.6510272,25.9002316,7,7,False,True,1641
Gaborone,Gaborone West Extension 9 (CBD),56,2022,-24.6524619,25.9261038,7,7,False,True,56
Gaborone,Gaborone West Extension 10 (Phase 2),"1,520",2022,-24.6435935,25.9031885,7,7,False,True,1520
Gaborone,Gaborone West Extension 11 (Phase 2),"3,093",2022,-24.6430231,25.8950568,7,7,False,True,3093
Gaborone,Gaborone West Extension 12 (Phase 2),"3,301",2022,-24.6496717,25.8941253,7,7,False,True,3301
Gaborone,Extension 13 Old Naledi Industrial,144,2022,-24.6865702,25.8980138,7,7,False,True,144
Gaborone,Gaborone West Extension 14 (Industrial),1,2022,-24.6580003,25.9077037,7,7,False,True,1
Gaborone,Gaborone West Extension 15 (Phase 4),716,2022,-24.6580003,25.9077037,7,7,False,True,716
Gaborone,Gaborone West Extension 16 (Phase 4),"1,031",2022,-24.6771559,25.8780533,7,7,False,True,1031
Gaborone,Gaborone West Extension 17 (Phase 4),"2,516",2022,-24.6755145,25.8832284,7,7,False,True,2516
Gaborone,Gaborone West Extension 18 (Phase 4),978,2022,-24.6782788,25.8869248,7,7,False,True,978
Gaborone,Gaborone West Extension 19 (Phase 4),654,2022,-24.671644,25.8780533,6,7,False,True,654
Gaborone,Gaborone West Extension 20 (Phase 4),"1,597",2022,-24.667238,25.8795319,6,7,False,True,1597
Gaborone,Gaborone West Extension 21 (Phase 4),"1,216",2022,-24.6727672,25.8869248,7,7,False,True,1216
Gaborone,Gaborone West Extension 22 (Block 9),"1,476",2022,-24.6700042,25.8715784,7,7,False,True,1476
Gaborone,Gaborone West Extension 23 (Block 9),982,2022,-24.6700042,25.8715784,7,7,False,True,982
Gaborone,Gaborone West Extension 24 (Block 9),"1,256",2022,-24.6700042,25.8715784,7,7,False,True,1256
Gaborone,Gaborone West Extension 25 (Block 9),"2,034",2022,-24.6700042,25.8715784,7,7,False,True,2034
Gaborone,Gaborone West Extension 26 (Block 9),"1,511",2022,-24.6700042,25.8715784,7,7,False,True,1511
Gaborone,Gaborone West Extension 27 (Block 9),836,2022,-24.6700042,25.8715784,7,7,False,True,836
Gaborone,Gaborone West Extension 28 (Block 9),694,2022,-24.6580003,25.9077037,7,7,False,True,694
Gaborone,Gaborone West Extension 29 (Block 9),"1,294",2022,-24.6700042,25.8715784,7,7,False,True,1294
Gaborone,Gaborone West Extension 30 (Block 3),"2,701",2022,-24.6580003,25.9077037,7,7,False,True,2701
Gaborone,Gaborone West Extension 31 (Block 3),"2,045",2022,-24.6295426,25.904667,7,6,False,True,2045
Gaborone,Gaborone West Extension 32 (Block 3),"1,085",2022,-24.6331145,25.9002316,7,7,False,True,1085
Gaborone,Gaborone West Extension 33 (Block 3),770,2022,-24.6580003,25.9077037,7,7,False,True,770
Gaborone,Gaborone West Extension 35 (Block 8),"4,133",2022,-24.607777,25.9068847,6,7,False,True,4133
Gaborone,Gaborone West Extension 36 (Block 8),"5,817",2022,-24.5989656,25.9098415,7,7,False,True,5817
Gaborone,Gaborone West Extension 37 (Block 8),"5,260",2022,-24.6028459,25.918712,7,6,False,True,5260
Gaborone,Gaborone West Extension 38 (Block 8),"1,649",2022,-24.6580003,25.9077037,7,7,False,True,1649
Gaborone,Gaborone West Extension 39 (Block 6),"2,807",2022,-24.624024,25.8890844,6,7,False,True,2807
Gaborone,Gaborone West Extension 40 (Block 6),"2,076",2022,-24.6226064,25.8861856,7,7,False,True,2076
Gaborone,Gaborone West Extension 41 (Block 6),"2,189",2022,-24.6256483,25.9501257,7,7,False,True,2189
Gaborone,Gaborone West Extension 42 (Block 6),"2,101",2022,-24.6380368,25.884707,7,6,False,True,2101
Gaborone,Gaborone West Extension 43 (Block 5),"4,689",2022,-24.6166825,25.9445824,7,7,False,True,4689
Gaborone,Gaborone West Extension 48 (Block 7),"9,794",2022,-24.6193257,25.8965353,7,7,False,True,9794
Gaborone,Gaborone West Extension 49 (Block 5),"2,480",2022,-24.6580003,25.9077037,7,7,False,True,2480
Gaborone,Extension 91 (New Naledi),"1,093",2022,-24.635809750690672,25.805518402604488,2,2,True,False,1093
Gaborone,Extension 92 (New Canada),818,2022,-24.66079438508553,25.95515512060444,2,2,True,False,818
Gaborone,Extension 1 (Mmaraka),5,2022,-24.6615616,25.9057866,7,7,False,True,5
Gaborone,Extension 2 (Selemela),810,2022,-24.615518718096727,25.881492999776675,2,2,True,False,810
Gaborone,Extension 3 (Main Mall),6,2022,-24.658243,25.9157412,6,7,False,True,6
Gaborone,Extension 4 (Dilalelo),"1,144",2022,-24.6595229,25.8802712,7,7,False,True,1144
Gaborone,Extension 5 (Botswelelo),478,2022,-24.606384706219515,25.845973254346937,2,2,True,False,478
Gaborone,Extension 6 (Madirelo),503,2022,-24.6700365,25.8980138,7,7,False,True,503
Gaborone,Extension 7 (Sekgwa),"3,203",2022,-24.637970657710177,25.866234443551356,2,2,True,False,3203
Gaborone,Extension 9 (Phologolo),"1,746",2022,-24.6524619,25.9261038,7,7,False,True,1746
Gaborone,Extension 10 (Boitshoko),"1,185",2022,-24.6435935,25.9031885,7,7,False,True,1185
Gaborone,Extension 11 (Madibeng),763,2022,-24.6430231,25.8950568,7,7,False,True,763
Gaborone,Extension 12 (Mephato),"1,043",2022,-24.648526,25.8913605,6,7,False,True,1043
Gaborone,Extension 14 (Badiri Township),482,2022,-24.6766844,25.9142768,7,7,False,True,482
Gaborone,Extension 15 (Village),"4,809",2022,-24.6832292,25.8824891,7,7,False,True,4809
Gaborone,Extension 16A (Broadhurst),"3,909",2022,-24.6342465,25.9127984,7,7,False,True,3909
Gaborone,Gaborone International Commerce Park,623,2022,-24.6920494,25.8832284,7,7,False,True,623
Gaborone,Kgale Mews,23,2022,-24.6923527,25.8782086,7,7,False,True,23
Gaborone,Kgale Hill Township (Extension 28),506,2022,-24.6414325,25.9224079,7,7,False,True,506
Gaborone,Maruapula (Extension 39),522,2022,-24.6480517,25.9320005,7,7,False,True,522
Gaborone,WUC Sewage Ponds (Extension 67),155,2022,-24.60902143635311,25.948537605669053,2,2,True,False,155
Gaborone,Madirelo (Extension 1),70,2022,-24.6700365,25.8980138,7,7,False,True,70
Gaborone,Gaborone West Extension 13,2,2022,-24.6580003,25.9077037,7,7,False,True,2
Gaborone,Broadhurst Industrial (Extension 16),2,2022,-24.6239018,25.9243893,7,7,False,True,2
Gaborone,Partial (Extension 17),527,2022,-24.6755145,25.8832284,7,7,False,True,527
Gaborone,Partial (Extension 18),"1,323",2022,-24.6782788,25.8869248,7,7,False,True,1323
Gaborone,Tshimotharo (Extension 19),"1,247",2022,-24.6359333,25.9237218,7,7,False,True,1247
Gaborone,Broadhust Industrial (Extension 20),"1,334",2022,-24.6239018,25.9243893,7,7,False,True,1334
Gaborone,Ginger (Extension 21),914,2022,-24.6727672,25.8869248,7,7,False,True,914
Gaborone,Ginger (Extension 22),"1,721",2022,-24.6354008,25.936452,7,6,False,True,1721
Gaborone,Maruapula (Extension 23),"2,911",2022,-24.6480517,25.9320005,7,7,False,True,2911
Gaborone,Maruapula (Extension 24),454,2022,-24.6480517,25.9320005,7,7,False,True,454
Gaborone,Broadhurst (Extension 25),"4,180",2022,-24.6298903,25.936452,7,6,False,True,4180
Gaborone,Broadhurst (Extension 26),"3,347",2022,-24.6685797,25.8647455,7,7,False,True,3347
Gaborone,Broadhurst (Extension 27,"6,638",2022,-24.6287689,25.9275821,7,7,False,True,6638
Gaborone,Partial (Extension 28),520,2022,-24.6414325,25.9224079,7,7,False,True,520
Gaborone,Ginger (Extension 29),682,2022,-24.6602917,25.857352,7,6,False,True,682
Gaborone,Ginger (Extension 30),151,2022,-24.6259708,25.9091023,7,7,False,True,151
Gaborone,Tsholofelo (Extension 31),"1,254",2022,-24.63355531524526,25.88985367626614,2,2,True,False,1254
Gaborone,Tsholofelo (Extension 32),"1,892",2022,-24.61027801930618,25.970861389055553,2,2,True,False,1892
Gaborone,Tawana (Extention 33),"2,745",2022,-24.63616,25.9061454,5,7,False,True,2745
Gaborone,Tshweneng (Extension 35),265,2022,-24.6580003,25.9077037,7,7,False,True,265
Gaborone,Phiring (Extension 36),490,2022,-24.666380576090713,25.9440282618272,2,2,True,False,490
Gaborone,Tshweneng (Extension 37),"1,358",2022,-24.6580003,25.9077037,7,7,False,True,1358
Gaborone,Tshwenyana (Extension 38),"1,012",2022,-24.611657,25.9157552,6,7,False,True,1012
Gaborone,Tapologo Estate (Extension 40),178,2022,-24.6158475,25.940702,7,6,False,True,178
Gaborone,Tsholofelo (Extension 41),213,2022,-24.607291654677297,25.99205780662638,2,2,True,False,213
Gaborone,Tsholofelo (Extension 42),340,2022,-24.621615,25.9470081,6,7,False,True,340
Gaborone,Phiring (Extension 43),"3,216",2022,-24.6196825,25.9451991,7,7,False,True,3216
Gaborone,Tshweneng (Extension 44),134,2022,-24.6119724,25.9327562,7,7,False,True,134
Gaborone,Phiring (Extension 45),305,2022,-24.6196825,25.9451991,7,7,False,True,305
Gaborone,Taung (Extension 46),"1,750",2022,-24.6213072,25.9271244,7,7,False,True,1750
Gaborone,Tshwenyana (Extension 47),90,2022,-24.6133542,25.9346041,7,7,False,True,90
Gaborone,Ledumang (Extension 48),"5,901",2022,-24.60897,25.9372693,5,7,False,True,5901
Gaborone,Tshweneng Extension 49,136,2022,-24.61001903391475,25.974879967695347,2,2,True,False,136
Gaborone,Tsholofelo (Extension 50),178,2022,-24.661592809563537,25.847526971186845,2,2,True,False,178
Gaborone,Tshweneng (Extension 51),191,2022,-24.6580003,25.9077037,7,7,False,True,191
Gaborone,Tshweneng (Extension 52),79,2022,-24.6580003,25.9077037,7,7,False,True,79
Gaborone,Tshweneng (Extension 53),158,2022,-24.6580003,25.9077037,7,7,False,True,158
Gaborone,Tshweneng (Extension 54),124,2022,-24.6580003,25.9077037,7,7,False,True,124
Gaborone,Industrial Area,4,2022,-24.628319563653264,25.928787773040774,2,2,True,False,4
Gaborone,Maruapula Extension,"1,808",2022,-24.6480517,25.9320005,7,7,False,True,1808
Gaborone,Maruapula Extension (Universal Estate),"2,194",2022,-24.6480517,25.9320005,7,7,False,True,2194
Gaborone,Morula Park,11,2022,-24.593899277246127,25.800518808034223,2,2,True,False,11
Gaborone,Acacia Park,"1,380",2022,-24.5611078,25.9807967,7,7,False,True,1380
Gaborone,Segodi Park,"2,023",2022,-24.5578239,25.9911427,7,7,False,True,2023
Gaborone,Talana Park,"2,121",2022,-24.5655281,25.9867087,7,7,False,True,2121
Gaborone,Mowana Park,"1,938",2022,-24.5732169,25.9748845,7,7,False,True,1938
Gaborone,Golf Estate,969,2022,-24.66355713939258,25.995491465443767,2,2,True,False,969
Gaborone,Teto Estate,"2,180",2022,-24.607620892575504,25.848824473172918,2,2,True,False,2180
Gaborone,Gaborone West Extension 69 (Block 10),"5,037",2022,-24.6580003,25.9077037,7,7,False,True,5037
Gaborone,Ledumang (Extension 70),740,2022,-24.582555229095433,25.92994002717767,2,2,True,False,740
Gaborone,Tsholofelo East (Extension 71),"1,566",2022,-24.59264244037284,25.966975074348298,2,2,True,False,1566
Gaborone,Tsholofelo East (Extension 72),"4,056",2022,-24.646079410252845,25.828627104236773,2,2,True,False,4056
Gaborone,Segoditshane (Extension 90),217,2022,-24.622428004406892,25.966719089659826,2,2,True,False,217
Gaborone,Sebele (Extension 95),"1,804",2022,-24.578208327572685,25.798851982818057,2,2,True,False,1804
Gaborone,Gaborone North (Extension 98),"6,024",2022,-24.5395866,25.9720286,7,7,False,True,6024
Gaborone,Bontleng (Extension 8),"4,736",2022,-24.6700761,25.9164944,7,7,False,True,4736
Gaborone,Old Naledi (Extension 13),"18,050",2022,-24.6865702,25.8980138,7,7,False,True,18050
Gaborone,Babusi (Extension 14),"2,109",2022,-24.6766844,25.9142768,7,7,False,True,2109
Gaborone,New Stance (Extension 15),"4,054",2022,-24.6832292,25.8824891,7,7,False,True,4054
Gaborone,Gaborone Dam Area,49,2022,-24.700161,25.926381,6,6,False,True,49
Gaborone,Conservation Area,61,2022,-24.626886087378143,25.885179019361427,2,2,True,False,61
Gaborone,Glen Valley,"3,132",2022,-24.5963307,25.9615816,7,7,False,True,3132
Gaborone,Village B.D.F Camp,883,2022,-24.6583849,25.9468528,7,7,False,True,883
Gaborone,Gaborone Village Prisons,947,2022,-24.6580003,25.9077037,7,7,False,True,947
Gaborone,University of Botswana,"4,306",2022,-24.6605376,25.9309113,7,7,False,True,4306
Gaborone,SSK Airport,69,2022,-24.5575861,25.9241017,7,7,False,True,69
Gaborone,Foreign Missions,247,2022,-24.67902232107934,25.891217749839793,2,2,True,False,247
Francistown,Block 1,"5,704",2022,-21.1880016,27.5180298,7,7,False,True,5704
Francistown,Block 3,"2,074",2022,-21.1956066,27.5136264,7,7,False,True,2074
Francistown,Block 4,"2,891",2022,-21.20210425968022,27.51810929575547,14,14,False,True,2891
Francistown,Block 5,"1,594",2022,-21.2037012,27.5297717,7,7,False,True,1594
Francistown,Block 6,508,2022,-21.2056598,27.5341748,7,7,False,True,508
Francistown,Block 7,"3,528",2022,-21.20125709681564,27.515704068635426,14,15,False,True,3528
Francistown,Block 8,"1,925",2022,-21.20193813937952,27.52815608750957,14,14,False,True,1925
Francistown,Block 9,"1,931",2022,-21.208058,27.528304,6,6,False,True,1931
Francistown,Block 10,346,2022,-21.2105707,27.533441,7,6,False,True,346
Francistown,Gerald Block 3,5,2022,-21.194090219529887,27.5327641236245,2,1,True,False,5
Francistown,Moselewapula (Gerald),"5,171",2022,-21.202101527474294,27.54218607530638,2,1,True,False,5171
Francistown,Kanana (Gerald) ension,"7,748",2022,-21.193128955002365,27.55666960246679,15,14,False,True,7748
Francistown,Somerset East (Extension 103),"1,956",2022,-21.1812478,27.5253686,7,7,False,True,1956
Francistown,Somerset Wast (Extension 104),"2,298",2022,-21.182405571368864,27.510382392412343,15,15,False,True,2298
Francistown,Satellite (Extension 105),"3,819",2022,-21.188195,27.5363763,6,7,False,True,3819
Francistown,Satellite North (Extension 106),"3,217",2022,-21.184851366542148,27.53650176118363,15,14,False,True,3217
Francistown,Minestone (Area A) Extension 107,986,2022,-21.170239,27.5180298,6,7,False,True,986
Francistown,CBD (Area C),57,2022,-21.17132637968295,27.51235591154598,14,14,False,True,57
Francistown,Area L,488,2022,-21.1606747,27.5180298,7,7,False,True,488
Francistown,Area G,407,2022,-21.1568331,27.516562,7,6,False,True,407
Francistown,Blue Town,"2,897",2022,-21.1620589,27.4945438,7,7,False,True,2897
Francistown,Government Camp,"1,517",2022,-21.154526,27.507988,6,6,False,True,1517
Francistown,Prison (Area S),127,2022,-21.1561187,27.5011495,7,7,False,True,127
Francistown,Area S,"1,732",2022,-21.1561187,27.5011495,7,7,False,True,1732
Francistown,Central Residential Area,984,2022,-21.16388707135134,27.513548323760094,14,15,False,True,984
Francistown,Light Industrial Area,"1,204",2022,-21.166348989029473,27.508196988035262,15,15,False,True,1204
Francistown,Somerset East Extension,"2,033",2022,-21.1812478,27.5253686,7,7,False,True,2033
Francistown,Area W,"1,438",2022,-21.1747346,27.5040853,7,7,False,True,1438
Francistown,River Side South,"1,036",2022,-21.1799034,27.5018835,7,7,False,True,1036
Francistown,Aero Drome (Extension 127),897,2022,-21.1685942,27.4923418,7,7,False,True,897
Francistown,White City (Extension 128),392,2022,-21.14275415244831,27.485185609336224,2,1,True,False,392
Francistown,River Side North (Ext 129),901,2022,-21.1671592,27.4985807,7,7,False,True,901
Francistown,Monarch West (Extension 131),"4,477",2022,-21.1462154,27.4952778,7,7,False,True,4477
Francistown,Monarch South(Extension 132),"3,400",2022,-21.1511672,27.4982137,7,7,False,True,3400
Francistown,Monarch East (Extension 133),"6,213",2022,-21.1451871,27.5011495,7,7,False,True,6213
Francistown,CBD Extension,72,2022,-21.1704571,27.5128925,7,7,False,True,72
Francistown,Area Donga (Extension 136),"4,960",2022,-21.1661005,27.5143603,7,7,False,True,4960
Francistown,Selepa,"5,126",2022,-21.186639952440125,27.554626114156545,15,15,False,True,5126
Francistown,Tati River North,"1,221",2022,-21.196016099134024,27.54345365091557,15,14,False,True,1221
Francistown,Tati River South,"1,603",2022,-21.205308,27.5442872,6,7,False,True,1603
Francistown,Phase 4 Industrial,40,2022,-21.19632840821436,27.518203541988044,14,15,False,True,40
Francistown,Airport,86,2022,-21.15681366158392,27.476166574510035,14,15,False,True,86
Francistown,Gerald Wildlife Park,12,2022,-21.122547836639914,27.490415962968175,15,15,False,True,12
Francistown,Gerald Prison,792,2022,-21.154237585373934,27.50572713130616,15,14,False,True,792
Francistown,Dumela Industrial Area,26,2022,-21.11721135446195,27.53178284260927,14,14,False,True,26
Francistown,Area G Industrial,1,2022,-21.1568331,27.516562,7,6,False,True,1
Francistown,Ntshe,"2,365",2022,-21.128755094796503,27.499673625019152,15,15,False,True,2365
Francistown,Botsalano,"1,937",2022,-21.178042421765415,27.500568011098157,15,15,False,True,1937
Francistown,Bulawayo Road Industrial,5,2022,-21.130861794341627,27.53607767734129,15,14,False,True,5
Francistown,Area H,489,2022,-21.17047584071613,27.51488027243736,14,14,False,True,489
Francistown,Area A,"1,583",2022,-21.1727534,27.523167,7,6,False,True,1583
Francistown,China Town,646,2022,-21.168450720020708,27.530071908697433,15,15,False,True,646
Francistown,Gerald Block 12,5,2022,-21.167229720544636,27.48387939340711,2,1,True,False,5
Francistown,Gerald Farms Extension,186,2022,-21.204088981311365,27.468345802575975,15,15,False,True,186
Francistown,Donga BDF Camp,"1,846",2022,-21.1718125,27.5413125,7,7,False,True,1846
Francistown,BDF Camp Area W,189,2022,-21.1747346,27.5040853,7,7,False,True,189
Francistown,Gerald BDF Camp,5,2022,-21.157769530074795,27.502573259955017,15,15,False,True,5
Lobatse,Hillside/Boswelatlou (Extension 101),"1,038",2022,-25.228500939430777,25.6953910519058,15,13,False,True,1038
Lobatse,Peleng (Extension 102),"7,374",2022,-25.232095184557764,25.686891076497098,15,15,False,True,7374
Lobatse,New Look (Extension 104),"1,118",2022,-25.209795295272837,25.68280414622443,15,14,False,True,1118
Lobatse,Wood Hall 1 (Extension 105),"5,980",2022,-25.2141948,25.6827427,7,7,False,True,5980
Lobatse,B.C Thema (Extension 106),763,2022,-25.213554506989695,25.68288628041279,15,14,False,True,763
Lobatse,Motswedi (Extension 107),"2,753",2022,-25.22882069071256,25.69559977834672,14,14,False,True,2753
Lobatse,Wood Hall 2Tsopeng (Extension 108),"5,233",2022,-25.200153207151413,25.69658348781156,15,14,False,True,5233
Lobatse,Pitikwe (Extension 109),"2,460",2022,-25.18305570511478,25.69549989553749,14,14,False,True,2460
Lobatse,Town Centre (Extension 110),434,2022,-25.22722218935612,25.66972201547946,14,14,False,True,434
Lobatse,Jacaranda (Extension 111),665,2022,-25.214148178590563,25.676563603482546,15,15,False,True,665
Lobatse,Wood Hall 3Airport (Extension 112),846,2022,-25.19669976572326,25.714818540261493,14,15,False,True,846
Lobatse,Plantation Extension 113,47,2022,-25.17033129054624,25.683347341578195,14,15,False,True,47
Selibe Phikwe,Kopano (Extension 1),"2,153",2022,-21.978876672915145,27.836164005496663,15,15,False,True,2153
Selibe Phikwe,Leseding (Extension 2),795,2022,-21.968772210069467,27.84323271529399,15,14,False,True,795
Selibe Phikwe,Thakadiawa (Extension 3),"2,547",2022,-21.92441,28.37852,5,5,False,True,2547
Selibe Phikwe,Botshabelo South (Extension 5),"3,353",2022,-21.973779403181236,27.872417942881185,15,15,False,True,3353
Selibe Phikwe,Botshabelo North (Extension 6),"1,511",2022,-21.962342976949422,27.87307795510808,15,14,False,True,1511
Selibe Phikwe,Mannathoko,35,2022,-22.00784640127224,27.804025411974433,2,2,True,False,35
Selibe Phikwe,Tidimane,58,2022,-21.9586570524035,27.86700672772455,2,2,True,False,58
Selibe Phikwe,Mokhondo,97,2022,-22.008639690705053,27.82219356901177,2,2,True,False,97
Selibe Phikwe,Botshabelo East,"1,488",2022,-21.96868442492378,27.875026710782148,14,15,False,True,1488
Selibe Phikwe,Botshabelo Central,"1,763",2022,-21.96346917092498,27.872660782209437,14,15,False,True,1763
Selibe Phikwe,Botshabelo West,"1,654",2022,-21.959435291927008,27.868397413602032,15,15,False,True,1654
Selibe Phikwe,BCL Mine,50,2022,-21.944643153376035,27.860995081933655,15,15,False,True,50
Selibe Phikwe,Moruleng,209,2022,-22.009438151090727,27.827589985632937,2,2,True,False,209
Selibe Phikwe,Makhubu,169,2022,-21.984571098381096,27.836505910770743,15,15,False,True,169
Selibe Phikwe,Senwelo (Extension 155,15,2022,-22.04619140335173,27.865735167130673,2,2,True,False,15
Selibe Phikwe,Mphakenoko (Pimville),682,2022,-21.977704403894684,27.824024232123165,15,15,False,True,682
Selibe Phikwe,Bolelanoto (Industrial Site),110,2022,-22.05038112505054,27.86588500511468,2,2,True,False,110
Selibe Phikwe,Kagiso,"2,107",2022,-21.982990590103345,27.822715026713404,15,15,False,True,2107
Selibe Phikwe,Sesame,"4,716",2022,-21.98582539678782,27.8143913052217,14,13,False,True,4716
Selibe Phikwe,Bontleng (Extension 161),883,2022,-21.983253704441267,27.828240275842457,15,15,False,True,883
Selibe Phikwe,Itekeng Phase 1 (Extension 162),"5,229",2022,-21.984872559321108,27.852041027985877,15,15,False,True,5229
Selibe Phikwe,Ikageleng Phase 1 (Extension 163),"4,265",2022,-21.983072626710367,27.842467231380148,15,15,False,True,4265
Selibe Phikwe,Ralenyetse Extion 172,46,2022,-21.98669440784372,27.881004476399692,14,15,False,True,46
Selibe Phikwe,Mabothaphofu Phase II (Extension 173),"2,118",2022,-21.98553931250974,27.850597523510647,14,15,False,True,2118
Selibe Phikwe,Mekoro,"1,262",2022,-21.982779842315804,27.86984249390578,15,14,False,True,1262
Selibe Phikwe,Kolobeng,7,2022,-21.987197529315218,27.835687501834034,2,2,True,False,7
Selibe Phikwe,Special Economic Zone,72,2022,-21.9591670224835,27.815517713219112,2,2,True,False,72
Selibe Phikwe,Botswana Defence Force Camp,"2,217",2022,-21.9203346088233,27.85167048357177,13,14,False,True,2217
Orapa,Morakeng,583,2022,-21.33642467577186,25.3515654637964,14,13,False,True,583
Orapa,Temong,"1,230",2022,-21.333389979876912,25.353304464767657,15,15,False,True,1230
Orapa,Tidimalo,"1,015",2022,-21.338901253763968,25.357205417097266,15,15,False,True,1015
Orapa,Thabeng,"1,034",2022,-21.338075732413024,25.372111007963824,15,15,False,True,1034
Orapa,Kagisong,"1,751",2022,-21.329294899619804,25.35760827090446,15,14,False,True,1751
Orapa,Tshepong,"1,491",2022,-21.33912639514415,25.377589819741807,14,15,False,True,1491
Orapa,Madirelo,18,2022,-21.334848649823027,25.351484893034957,15,15,False,True,18
Jwaneng,Jwaneng Mall,5,2022,-24.5917741,24.7298879,7,7,False,True,5
Jwaneng,Kgalagadi Area (Unit 2),"2,744",2022,-24.604172425763036,24.721938929018723,15,15,False,True,2744
Jwaneng,Rapohalane Keng Area (Unit 6),"2,587",2022,-24.602946,24.745459,6,6,False,True,2587
Jwaneng,Ngami Area (Unit 1),"2,514",2022,-24.5994677,24.7335861,7,7,False,True,2514
Jwaneng,Molopo Area(Unit 3),"2,371",2022,-24.6077915,24.7335861,7,7,False,True,2371
Jwaneng,Mogale Area (Unit 5),"1,788",2022,-24.6116014,24.7276495,7,7,False,True,1788
Jwaneng,Masaasele (Unit 7),"2,433",2022,-24.5946226,24.745459,7,6,False,True,2433
Jwaneng,Unit 8,"1,541",2022,-24.6112692,24.745459,7,6,False,True,1541
Jwaneng,Seole Area (unit 4),"2,011",2022,-24.59690468622316,24.72319033615958,14,14,False,True,2011
Jwaneng,Mine Golf Course,41,2022,-24.590758553215355,24.72496211085882,15,14,False,True,41
Jwaneng,Jwaneng Mine Park,30,2022,-24.524558,24.7020721,6,7,False,True,30
Sowa,Cresent (Soda Ash Camp/P Camp),598,2022,-20.559713707888033,26.22238219168389,15,14,False,True,598
Sowa,Phatsima,876,2022,-20.56088651564301,26.224244916954408,14,15,False,True,876
Sowa,Moonlight,"1,135",2022,-20.568896176420463,26.22778735749423,15,14,False,True,1135
Sowa,Popagano,144,2022,-20.568633705199463,26.2268112067684,15,13,False,True,144
Sowa,Borakanelo,161,2022,-20.557068003848705,26.221424443296733,15,15,False,True,161
Ngwaketse,Village Kanye,"48,028",2022,-24.98782590963426,25.342297581604175,14,15,False,True,48028
Ngwaketse,Village Lotlhakane West,"2,056",2022,-24.79837051410416,25.3722086060368,14,13,False,True,2056
Ngwaketse,Village Gasita,"1,188",2022,-25.101917037358124,24.87992004908604,15,14,False,True,1188
Ngwaketse,Village Lorolwana,"2,225",2022,-25.32528896023248,24.493440320710697,14,15,False,True,2225
Ngwaketse,Village Kgomokasitwa,"1,669",2022,-25.090945210302337,25.62620863387271,15,14,False,True,1669
Ngwaketse,Village Pitseng,"1,526",2022,-24.69104515908329,25.041561837848448,14,15,False,True,1526
Ngwaketse,Village Seherelela,884,2022,-24.877188511241513,24.90568419692993,15,14,False,True,884
Ngwaketse,Village Lotlhakane,"6,045",2022,-25.083546,25.4555858,6,7,False,True,6045
Ngwaketse,Village Sese,"6,798",2022,-24.6539712,24.8061321,7,7,False,True,6798
Ngwaketse,Village Sesung,"1,006",2022,-24.1000203,24.9184262,7,7,False,True,1006
Ngwaketse,Village Magotlhwane,"1,751",2022,-24.9943967,25.5839707,7,7,False,True,1751
Ngwaketse,Village Segwagwa,"1,008",2022,-25.1892051,25.1735622,7,7,False,True,1008
Ngwaketse,Village Manyana,"3,750",2022,-24.7711226,25.5897031,7,7,False,True,3750
Ngwaketse,Village Dipotsana,113,2022,-25.2361506,25.4222089,7,7,False,True,113
Ngwaketse,Village Diabo,261,2022,-25.199836,25.3638144,6,7,False,True,261
Ngwaketse,Village Molapowabojang,"8,722",2022,-25.207442,25.5621872,6,7,False,True,8722
Ngwaketse,Village Ralekgetho,554,2022,-24.6633017,25.1674056,7,7,False,True,554
Ngwaketse,Village Moshaneng,"1,961",2022,-24.9061999,25.24069,7,5,False,True,1961
Ngwaketse,Village Moshupa,"23,858",2022,-24.7762704,25.4141193,7,7,False,True,23858
Ngwaketse,Village Ntlhantlhe,"2,842",2022,-24.9630609,25.5939777,7,7,False,True,2842
Ngwaketse,Village Tshwaane,193,2022,-23.8774104,23.6710502,7,7,False,True,193
Ngwaketse,Village Selokolela,"1,750",2022,-24.956989,25.11051,6,5,False,True,1750
Ngwaketse,Village Mogonye,"1,081",2022,-24.8250242,25.7072198,7,7,False,True,1081
Ngwaketse,Village Betesankwe,507,2022,-25.0232549,25.1881801,7,7,False,True,507
Barolong,Village Pitsane Siding,"4,312",2022,-25.4698831,25.6036327,7,7,False,True,4312
Barolong,Village Tlhareseleele,775,2022,-25.4833329,25.633333,7,6,False,True,775
Barolong,Village Pitsana-Potokwe,"1,012",2022,-22.328474,24.684866,6,6,False,True,1012
Barolong,Village Rakhuna,"1,980",2022,-25.559139,25.5829107,6,7,False,True,1980
Barolong,Village Malokaganyane,239,2022,-25.4845625,25.4683125,7,7,False,True,239
Barolong,Village Bethel,430,2022,-22.328474,24.684866,6,6,False,True,430
Barolong,Village Dinatshana,750,2022,-24.6481494,25.8687892,7,7,False,True,750
Barolong,Village Ngwatsau,407,2022,-25.5457091,25.528178,7,6,False,True,407
Barolong,Village Good Hope,"5,672",2022,-25.4741508,25.4318914,7,7,False,True,5672
Barolong,Village Mokatako,837,2022,-25.7546294,25.2216819,7,7,False,True,837
Barolong,Village Tswanyaneng,333,2022,-22.328474,24.684866,6,6,False,True,333
Barolong,Village Metlojane,914,2022,-25.5380308,25.3696844,7,7,False,True,914
Barolong,Village Borobadilepe,330,2022,-25.6175476,25.491124,7,6,False,True,330
Barolong,Village Hebron,890,2022,-25.6556821,25.3990841,7,7,False,True,890
Barolong,Village Logagane,492,2022,-24.6222131,25.9290519,7,7,False,True,492
Barolong,Village Tswagare/Lothoje/Lokalana,891,2022,-25.5936425,25.3141606,7,7,False,True,891
Barolong,Village Makokwe,137,2022,-22.328474,24.684866,6,6,False,True,137
Barolong,Village Marojane,266,2022,-25.6916302,25.388079,7,6,False,True,266
Barolong,Village Papatlo,452,2022,-25.6470587,25.50303,7,5,False,True,452
Barolong,Village Phihitshwane,437,2022,-22.328474,24.684866,6,6,False,True,437
Barolong,Village Molete,390,2022,-22.8890097,27.5174799,7,7,False,True,390
Barolong,Village Ditlharapa,688,2022,-24.6137257,25.8975513,7,7,False,True,688
Barolong,Village Madingwana,331,2022,-25.5419106,25.435758,7,6,False,True,331
Barolong,Village Kgoro,818,2022,-22.328474,24.684866,6,6,False,True,818
Barolong,Village Sheep Farm,273,2022,-25.542194,25.493714,6,6,False,True,273
Barolong,Village Mogwalale,375,2022,-25.4619611,25.3919604,7,7,False,True,375
Barolong,Village Gathwane,"1,099",2022,-25.3919416,25.4993974,7,7,False,True,1099
Barolong,Village Digawana,"4,356",2022,-24.6169308,25.9463035,7,7,False,True,4356
Barolong,Village Magoriapitse,"1,048",2022,-25.4418315,25.2926485,7,7,False,True,1048
Barolong,Village Lejwana,829,2022,-25.4057945,25.5380466,7,7,False,True,829
Barolong,Village Mogojogojo,981,2022,-25.3025879,25.4906905,7,7,False,True,981
Barolong,Village Mmathethe,"5,421",2022,-25.3169512,25.2659777,7,7,False,True,5421
Barolong,Village Mokgomane,847,2022,-25.5544257,25.2423606,7,7,False,True,847
Barolong,Village Phitshane Molopo,"1,625",2022,-25.7346261,25.1002226,7,7,False,True,1625
Barolong,Village Sedibeng,744,2022,-25.383453,25.0831728,6,7,False,True,744
Barolong,Village Musi,224,2022,-22.328474,24.684866,6,6,False,True,224
Barolong,Village Tswaaneng,771,2022,-25.5145193,24.9835929,7,7,False,True,771
Barolong,Village Gamajalela,571,2022,-22.328474,24.684866,6,6,False,True,571
Barolong,Village Dikhukhung,303,2022,-25.8018554,24.8887393,7,7,False,True,303
Barolong,Village Leporung,646,2022,-22.328474,24.684866,6,6,False,True,646
Barolong,Village Mmakgori,749,2022,-25.8115733,24.8010297,7,7,False,True,749
Barolong,Village Mabule,"1,835",2022,-25.350327257717424,24.447314663732513,6,1,True,False,1835
Barolong,Village Tshidilamolomo,754,2022,-22.328474,24.684866,6,6,False,True,754
Barolong,Village Metlobo,"1,039",2022,-25.422461,25.1148647,6,7,False,True,1039
Barolong,Village Lorwana,"1,721",2022,-24.6169308,25.9463035,7,7,False,True,1721
Barolong,Village Kangwe,142,2022,-22.328474,24.684866,6,6,False,True,142
Barolong,Village Sekhutlane,"1,266",2022,-25.6071788,24.5309374,7,7,False,True,1266
Ngwaketse West,Village Mabutsane,"2,507",2022,-24.3870141,23.5788021,7,7,False,True,2507
Ngwaketse West,Village Morwamosu,847,2022,-23.9833329,23.083333,7,6,False,True,847
Ngwaketse West,Village Sekoma,"1,471",2022,-24.5141177,23.9313421,7,7,False,True,1471
Ngwaketse West,Village Khonkhwa,655,2022,-22.328474,24.684866,6,6,False,True,655
Ngwaketse West,Village Keng,"1,220",2022,-22.328474,24.684866,6,6,False,True,1220
Ngwaketse West,Village Khakhea,"3,084",2022,-24.700428,23.507374,6,6,False,True,3084
Ngwaketse West,Village Kokong,"1,141",2022,-24.34495,23.125509,5,6,False,True,1141
Ngwaketse West,Village Kanaku,418,2022,-22.328474,24.684866,6,6,False,True,418
Ngwaketse West,Village Mahotshwane,"1,181",2022,-25.0410643,25.2325056,7,7,False,True,1181
Ngwaketse West,Village Kutuku,403,2022,-22.328474,24.684866,6,6,False,True,403
Ngwaketse West,Village Maokane,"2,096",2022,-23.6926,26.656281,4,6,False,True,2096
Ngwaketse West,Village Mokhomba,"1,077",2022,-24.767639,24.596849,6,6,False,True,1077
Ngwaketse West,Village Semane,695,2022,-22.328474,24.684866,6,6,False,True,695
Ngwaketse West,Village Lefoko,768,2022,-24.834172,24.6669537,6,7,False,True,768
Ngwaketse West,Village Tsonyane,770,2022,-24.599387,24.7161659,6,7,False,True,770
Ngwaketse West,Village Tlhankane,"1,150",2022,-24.9115887,24.2356888,7,7,False,True,1150
South East,Village Otse,"6,957",2022,-25.0324274,25.7486438,7,7,False,True,6957
South East,Village Ramotswa Station/Taung,"6,286",2022,-24.9782959,25.6780728,7,7,False,True,6286
South East,Village Ramotswa,"33,271",2022,-24.8705652,25.8640062,7,7,False,True,33271
South East,Village Mogobane,"2,926",2022,-24.9854362,25.6972642,7,7,False,True,2926
South East,Village Tlokweng,"55,508",2022,-24.6728977,25.9823883,7,7,False,True,55508
Kweneng East,Village Molepolole,"74,674",2022,-24.3965818,25.4970466,7,7,False,True,74674
Kweneng East,Village Lentsweletau,"6,652",2022,-24.259633,25.8580914,6,7,False,True,6652
Kweneng East,Village Mahetlwe,721,2022,-22.328474,24.684866,6,6,False,True,721
Kweneng East,Village Gakgatla,632,2022,-24.5453252,25.6157141,7,7,False,True,632
Kweneng East,Village Gamodubu,"1,613",2022,-24.5027874,25.7021985,7,7,False,True,1613
Kweneng East,Village Hatsalatladi,"1,314",2022,-24.1386579,25.594752,7,6,False,True,1314
Kweneng East,Village Ramaphatle,823,2022,-22.328474,24.684866,6,6,False,True,823
Kweneng East,Village Kopong,"13,816",2022,-24.4770763,25.8906212,7,7,False,True,13816
Kweneng East,Village Tloaneng,"1,319",2022,-24.6659266,25.8002165,7,7,False,True,1319
Kweneng East,Village Kumakwane,"6,821",2022,-24.6554392,25.7001151,7,7,False,True,6821
Kweneng East,Village Boatlaname,"1,405",2022,-23.6035595,25.8225997,7,7,False,True,1405
Kweneng East,Village Metsimotlhabe,"11,589",2022,-24.5551012,25.8107681,7,7,False,True,11589
Kweneng East,Village Mmankgodi,"7,396",2022,-24.7288065,25.6450721,7,7,False,True,7396
Kweneng East,Village Mmopane,"25,345",2022,-24.5685435,25.8728782,7,7,False,True,25345
Kweneng East,Village Mogoditshane,"88,006",2022,-24.6071572,25.8539999,7,7,False,True,88006
Kweneng East,Village Shadishadi,873,2022,-23.4767672,25.6703794,7,7,False,True,873
Kweneng East,Village Sojwe,"2,419",2022,-23.4393092,25.7516025,7,7,False,True,2419
Kweneng East,Village Thamaga,"25,297",2022,-24.6664408,25.5325797,7,7,False,True,25297
Kweneng East,Village Mmanoko,"1,846",2022,-24.4778964,25.6650435,7,7,False,True,1846
Kweneng East,Village Kubung,996,2022,-20.0064968,23.4076581,7,7,False,True,996
Kweneng East,Village Losilakgokong,249,2022,-24.5729444,25.3318,7,4,False,True,249
Kweneng East,Village Kgope l,534,2022,-24.3105924,25.9149477,7,7,False,True,534
Kweneng East,Village Mogonono,238,2022,-22.328474,24.684866,6,6,False,True,238
Kweneng East,Village Kweneng,879,2022,-23.8983478,25.9574361,7,7,False,True,879
Kweneng East,Village Ditshukudu,270,2022,-24.3132071,25.7555377,7,7,False,True,270
Kweneng East,Village Mokolodi,"1,242",2022,-24.7610185,25.8126595,7,7,False,True,1242
Kweneng East,Village Mmatseta,"2,120",2022,-24.5157038,25.8619735,7,7,False,True,2120
Kweneng East,Village Leologane,"1,128",2022,-23.4784072,25.6665064,7,7,False,True,1128
Kweneng East,Village Gakuto,"3,218",2022,-24.6642348,25.9291228,7,7,False,True,3218
Kweneng East,Village Dikgatlhong,379,2022,-24.6736631,25.9159244,7,7,False,True,379
Kweneng East,Village Medie,828,2022,-22.328474,24.684866,6,6,False,True,828
Kweneng West,Village Letlhakeng,"8,343",2022,-24.097317,25.0288051,6,7,False,True,8343
Kweneng West,Village Botlhapatlou,"1,493",2022,-24.023293,25.4896433,6,7,False,True,1493
Kweneng West,Village Ditshegwane,"2,607",2022,-24.1662514,24.9601602,7,7,False,True,2607
Kweneng West,Village Dutlwe,"1,464",2022,-24.105913234821774,23.880715777429863,7,1,True,False,1464
Kweneng West,Village Moshaweng,"1,700",2022,-24.178865,25.4890551,6,7,False,True,1700
Kweneng West,Village Khudumelapye,"3,135",2022,-23.9128287,24.9429167,7,7,False,True,3135
Kweneng West,Village Serinane,"1,198",2022,-24.2243722,25.2414048,7,7,False,True,1198
Kweneng West,Village Mantshwabisi,795,2022,-24.182972,25.2736457,6,7,False,True,795
Kweneng West,Village Motokwe,"1,720",2022,-24.060007,23.3019718,6,7,False,True,1720
Kweneng West,Village Ngware,"1,124",2022,-23.8636456,25.3651696,7,7,False,True,1124
Kweneng West,Village Salajwe,"2,602",2022,-23.6979999,24.7179914,7,7,False,True,2602
Kweneng West,Village Takatokwane,"3,444",2022,-24.0066906,24.3074003,7,7,False,True,3444
Kweneng West,Village Tswaane,809,2022,-24.6076963,25.9076346,7,7,False,True,809
Kweneng West,Village Monwane,742,2022,-22.328474,24.684866,6,6,False,True,742
Kweneng West,Village Malwelwe,"1,414",2022,-23.9870832,25.2487208,7,7,False,True,1414
Kweneng West,Village Maboane,"1,811",2022,-24.0967539,24.5326846,7,7,False,True,1811
Kweneng West,Village Sesung,"2,014",2022,-24.1000203,24.9184262,7,7,False,True,2014
Kweneng West,Village Sorilatholo,"1,371",2022,-23.6372928,24.9655181,7,7,False,True,1371
Kweneng West,Village Kotolaname,689,2022,-24.4743409,25.2761165,7,7,False,True,689
Kweneng West,Village Metsibotlhoko,572,2022,-24.0443243,24.8688445,7,7,False,True,572
Kweneng West,Village Kaudwane,"1,283",2022,-23.3865787,24.6601118,7,7,False,True,1283
Kweneng West,Village Diphuduhudu,945,2022,-23.9656262,24.9646483,7,7,False,True,945
Kweneng West,Village Maratswane,441,2022,-22.328474,24.684866,6,6,False,True,441
Kweneng West,Village Khekhenye,654,2022,-22.328474,24.684866,6,6,False,True,654
Kgatleng,Mochudi,"50,317",2022,-24.658310255869015,26.141233311685085,1,1,True,False,50317
Kgatleng,Village Pilane Station,"3,222",2022,-24.4092741,26.0798058,7,7,False,True,3222
Kgatleng,Village Rasesa,"5,966",2022,-24.3775991,26.0735078,7,7,False,True,5966
Kgatleng,Village Bokaa,"9,150",2022,-24.42787,26.023656,5,6,False,True,9150
Kgatleng,Village Morwa,"4,988",2022,-22.328474,24.684866,6,6,False,True,4988
Kgatleng,Village Matebeleng,"3,198",2022,-24.5419379,26.0397245,7,7,False,True,3198
Kgatleng,Village Oodi,"10,257",2022,-22.328474,24.684866,6,6,False,True,10257
Kgatleng,Village Modipane,"7,945",2022,-24.6290665,26.1280605,7,7,False,True,7945
Kgatleng,Village Mabalane,"1,227",2022,-22.328474,24.684866,6,6,False,True,1227
Kgatleng,Village Sikwane,"1,580",2022,-24.6327013,26.4016834,7,7,False,True,1580
Kgatleng,Village Mmathubudukwane,"2,517",2022,-24.288720352244564,26.133940980543098,1,2,True,False,2517
Kgatleng,Village Ramonaka,622,2022,-24.579513,26.4683553,6,7,False,True,622
Kgatleng,Village Malolwane,"2,806",2022,-24.5472022,26.4730519,7,7,False,True,2806
Kgatleng,Village Artesia,"2,422",2022,-24.013392,26.3160877,6,7,False,True,2422
Kgatleng,Village Malotwana Siding,"1,035",2022,-22.328474,24.684866,6,6,False,True,1035
Kgatleng,Village Leshibitse,579,2022,-23.8427448,26.4354498,7,7,False,True,579
Kgatleng,Village Ramotlabaki,526,2022,-23.8512724,26.9226982,7,7,False,True,526
Kgatleng,Village Kgomodiatshaba,522,2022,-23.6628827,26.0719269,7,7,False,True,522
Kgatleng,Village Dikgonnye,501,2022,-24.1385828,26.0075101,7,7,False,True,501
Kgatleng,Village Dikwididi,530,2022,-24.596255,26.2192633,6,7,False,True,530
Central Serowe/ Palapye,Village Serowe,"55,676",2022,-22.3872346,26.7046943,7,7,False,True,55676
Central Serowe/ Palapye,Village Palapye,"52,636",2022,-22.5514872,27.1147095,7,7,False,True,52636
Central Serowe/ Palapye,Village Lecheng,"3,352",2022,-22.6700589,27.225321,7,6,False,True,3352
Central Serowe/ Palapye,Village Moremi,598,2022,-22.5719591,27.4476633,7,7,False,True,598
Central Serowe/ Palapye,Village Malaka,"1,112",2022,-22.328474,24.684866,6,6,False,True,1112
Central Serowe/ Palapye,Village Mogapi,"2,214",2022,-22.3281412,27.8252814,7,7,False,True,2214
Central Serowe/ Palapye,Village Mogapinyana,"1,754",2022,-22.38146,27.59223,5,5,False,True,1754
Central Serowe/ Palapye,Village Kgagodi,"1,593",2022,-22.3867269,27.5671944,7,7,False,True,1593
Central Serowe/ Palapye,Village Maunatlala,"3,862",2022,-22.5923709,27.637617,7,6,False,True,3862
Central Serowe/ Palapye,Village Tamasane,"1,426",2022,-22.4146649,27.3998369,7,7,False,True,1426
Central Serowe/ Palapye,Village Diloro,632,2022,-22.328474,24.684866,6,6,False,True,632
Central Serowe/ Palapye,Village Lesenepole/Matolwane,"2,403",2022,-22.5186136,27.5381866,7,7,False,True,2403
Central Serowe/ Palapye,Village Mosweu,437,2022,-22.328474,24.684866,6,6,False,True,437
Central Serowe/ Palapye,Village Mokokwana,427,2022,-22.6429161,27.6345338,7,7,False,True,427
Central Serowe/ Palapye,Village Lerala,"7,204",2022,-22.7867687,27.7666567,7,7,False,True,7204
Central Serowe/ Palapye,Village Majwaneng,"1,779",2022,-22.7541381,27.6346832,7,7,False,True,1779
Central Serowe/ Palapye,Village Ratholo,"2,338",2022,-22.7224401,27.5701292,7,7,False,True,2338
Central Serowe/ Palapye,Village Moeng,250,2022,-22.6803567,27.6126786,7,7,False,True,250
Central Serowe/ Palapye,Village Gootau,"1,455",2022,-22.7299785,27.4262714,7,7,False,True,1455
Central Serowe/ Palapye,Village Goo-Sekgweng,666,2022,-22.7255003,27.3904581,7,7,False,True,666
Central Serowe/ Palapye,Village Matlhakola,"1,192",2022,-22.7193833,27.3104979,7,7,False,True,1192
Central Serowe/ Palapye,Village Topisi,"1,607",2022,-22.1817308,27.2499749,7,7,False,True,1607
Central Serowe/ Palapye,Village Paje,"2,735",2022,-22.2637003,26.790893,7,6,False,True,2735
Central Serowe/ Palapye,Village Mabeleapudi,"2,407",2022,-22.2133399,26.8331628,7,7,False,True,2407
Central Serowe/ Palapye,Village Tshimoyapula,"2,073",2022,-22.1168253,26.9261591,7,7,False,True,2073
Central Serowe/ Palapye,Village Mmashoro,"2,939",2022,-21.865622,26.4400439,6,7,False,True,2939
Central Serowe/ Palapye,Village Mogorosi,"3,027",2022,-22.4330211,26.5639347,7,7,False,True,3027
Central Serowe/ Palapye,Village Thabala,"2,911",2022,-22.4899329,26.4282413,7,7,False,True,2911
Central Serowe/ Palapye,Village Moiyabana,"3,264",2022,-22.6295397,26.4016834,7,7,False,True,3264
Central Serowe/ Palapye,Village Mabuo,882,2022,-21.1677714,27.547598,7,6,False,True,882
Central Serowe/ Palapye,Village Radisele,"3,164",2022,-22.8010495,26.9940721,7,7,False,True,3164
Central Serowe/ Palapye,Village Mogome,615,2022,-22.8081615,26.9995065,7,7,False,True,615
Central Serowe/ Palapye,Village Mokgware,474,2022,-22.7714716,26.7961514,7,7,False,True,474
Central Serowe/ Palapye,Village Motshegaletau,"1,238",2022,-22.328474,24.684866,6,6,False,True,1238
Central Serowe/ Palapye,Village Malatswai,"1,867",2022,-21.8130353,25.9379302,7,7,False,True,1867
Central Serowe/ Palapye,Village Mokhungwana,283,2022,-22.328474,24.684866,6,6,False,True,283
Central Serowe/ Palapye,Village Serule,"3,062",2022,-21.921323,27.2970026,6,7,False,True,3062
Central Serowe/ Palapye,Village Moreomabele,744,2022,-22.049295,27.2705509,6,7,False,True,744
Central Serowe/ Palapye,Village Gojwane,"1,888",2022,-21.7853335,27.2764294,7,7,False,True,1888
Central Serowe/ Palapye,Village Manaledi,327,2022,-22.7193781,27.4780881,7,7,False,True,327
Central Serowe/ Palapye,Village Dimajwe,"1,788",2022,-22.328474,24.684866,6,6,False,True,1788
Central Serowe/ Palapye,Village Majwanaadipitse,727,2022,-22.1136348,26.8833526,7,7,False,True,727
Central Serowe/ Palapye,Village Sehunou,"1,274",2022,-22.595254,26.3828499,6,7,False,True,1274
Central Mahalapye,Village Mahalapye,"48,431",2022,-23.107801,26.8321332,6,7,False,True,48431
Central Mahalapye,Village Palla Road/Dinokwe,"1,369",2022,-23.4039982,26.6995478,7,7,False,True,1369
Central Mahalapye,Village Mookane,"3,001",2022,-23.6926,26.656281,4,6,False,True,3001
Central Mahalapye,Village Mmaphashalala,"1,342",2022,-23.6469927,26.8235124,7,7,False,True,1342
Central Mahalapye,Village Taupye,825,2022,-23.1312722,26.9587504,7,7,False,True,825
Central Mahalapye,Village Dibete Station,"1,403",2022,-23.7474863,26.4680726,7,7,False,True,1403
Central Mahalapye,Village Dovedale,"1,006",2022,-23.5236752,27.0441617,7,7,False,True,1006
Central Mahalapye,Village Kudumatse,"1,876",2022,-23.4144264,27.1470637,7,7,False,True,1876
Central Mahalapye,Village Makwate,"1,806",2022,-23.313551,27.283279,6,6,False,True,1806
Central Mahalapye,Village Shakwe,"1,272",2022,-23.106424,27.1529458,6,7,False,True,1272
Central Mahalapye,Village Moshopha,"1,191",2022,-22.9509859,27.3745192,7,7,False,True,1191
Central Mahalapye,Village Machaneng,"2,786",2022,-23.1862263,27.4879378,7,7,False,True,2786
Central Mahalapye,Village Sefhare,"5,381",2022,-23.0308474,27.5290379,7,7,False,True,5381
Central Mahalapye,Village Chadibe,"3,678",2022,-21.0503684,27.350046,7,6,False,True,3678
Central Mahalapye,Village Bonwapitse,929,2022,-23.039147,26.6447119,6,7,False,True,929
Central Mahalapye,Village Mokobeng,"2,257",2022,-22.9988503,27.6845508,7,7,False,True,2257
Central Mahalapye,Village Ngwapa,579,2022,-23.0058507,27.749281,7,6,False,True,579
Central Mahalapye,Village Tumasera,"2,636",2022,-22.328474,24.684866,6,6,False,True,2636
Central Mahalapye,Village Ramokgonami,"3,932",2022,-22.8646869,27.4239752,7,7,False,True,3932
Central Mahalapye,Village Maape,"1,318",2022,-22.766667,27.333333,6,6,False,True,1318
Central Mahalapye,Village Pilikwe,"1,346",2022,-23.029972383163607,27.01277760739477,2,2,True,False,1346
Central Mahalapye,Village Mhalapitsa,778,2022,-22.805349,27.18956,6,5,False,True,778
Central Mahalapye,Village Borotsi,"1,086",2022,-23.0389917,27.5657269,7,7,False,True,1086
Central Mahalapye,Village Tewane,583,2022,-22.8522114,26.9013402,7,7,False,True,583
Central Mahalapye,Village Kalamare,"2,350",2022,-23.138822090522414,24.887942888165043,6,1,True,False,2350
Central Mahalapye,Village Mokgenene,"1,000",2022,-23.5412528,26.0251338,7,7,False,True,1000
Central Mahalapye,Village Shoshong,"8,887",2022,-23.035633,26.5019976,6,7,False,True,8887
Central Mahalapye,Village Moralane,"1,310",2022,-23.0356211,26.5019904,7,7,False,True,1310
Central Mahalapye,Village Mosolotshane,"2,375",2022,-22.9388888,26.3810252,7,7,False,True,2375
Central Mahalapye,Village Kodibeleng,"1,589",2022,-23.1212831,26.1920678,7,7,False,True,1589
Central Mahalapye,Village Ikongwe,536,2022,-23.1352577,26.4223398,7,7,False,True,536
Central Mahalapye,Village Poloka,902,2022,-23.5980938,26.2836124,7,7,False,True,902
Central Mahalapye,Village Otse,"2,360",2022,-25.0324274,25.7486438,7,7,False,True,2360
Central Mahalapye,Village Matlhako,875,2022,-22.328474,24.684866,6,6,False,True,875
Central Mahalapye,Village Mokoswane,704,2022,-21.7356808,27.604458,7,6,False,True,704
Central Mahalapye,Village Seleka,"2,210",2022,-22.328474,24.684866,6,6,False,True,2210
Central Mahalapye,Village Tobela,247,2022,-22.328474,24.684866,6,6,False,True,247
Central Mahalapye,Village Setsile,318,2022,-22.328474,24.684866,6,6,False,True,318
Central Mahalapye,Village Letloreng,498,2022,-22.328474,24.684866,6,6,False,True,498
Central Bobonong,Village Bobonong,"21,216",2022,-22.0939778,28.5797981,7,7,False,True,21216
Central Bobonong,Village Tsetsebjwe,"5,248",2022,-22.42144,28.39901,5,5,False,True,5248
Central Bobonong,Village Tshokwe,"1,586",2022,-21.7441047,28.1165664,7,7,False,True,1586
Central Bobonong,Village Mathathane,"2,587",2022,-22.2657604,28.7460373,7,7,False,True,2587
Central Bobonong,Village Lentswelemoriti,242,2022,-22.2056852,29.0358096,7,7,False,True,242
Central Bobonong,Village Semolale,"1,497",2022,-21.8739395,28.8249532,7,7,False,True,1497
Central Bobonong,Village Kobojango,"1,981",2022,-21.8312432,28.730071,7,6,False,True,1981
Central Bobonong,Village Lepokole,"1,051",2022,-21.7935383,28.349754,7,6,False,True,1051
Central Bobonong,Village Molalatau,"2,703",2022,-22.074096,28.5977916,6,7,False,True,2703
Central Bobonong,Village Tobane,"3,001",2022,-21.9112432,28.0416979,7,7,False,True,3001
Central Bobonong,Village Sefophe,"6,001",2022,-22.1929246,27.9659037,7,7,False,True,6001
Central Bobonong,Village Mabolwe,816,2022,-21.8201839,28.8264555,7,7,False,True,816
Central Bobonong,Village Mmadinare,"13,198",2022,-21.88106,27.751381,5,6,False,True,13198
Central Bobonong,Village Robelela,924,2022,-21.5899614,27.9851392,7,7,False,True,924
Central Bobonong,Village Damochojena,"1,527",2022,-21.8985703,27.4632459,7,7,False,True,1527
Central Bobonong,Village Motlhabaneng,"1,790",2022,-22.328474,24.684866,6,6,False,True,1790
Central Boteti,Village Letlhakane,"36,338",2022,-21.4110018,25.5785566,7,7,False,True,36338
Central Boteti,Village Mosu,"1,697",2022,-21.2177239,26.0196133,7,7,False,True,1697
Central Boteti,Village Mmatshumo,"1,719",2022,-21.1453645,25.6533171,7,7,False,True,1719
Central Boteti,Village Mopipi,"4,115",2022,-21.2001343,24.8656498,7,7,False,True,4115
Central Boteti,Village Xhumo,"2,041",2022,-21.1628791,24.6084901,7,7,False,True,2041
Central Boteti,Village Kedia,"1,560",2022,-22.328474,24.684866,6,6,False,True,1560
Central Boteti,Village Tsienyane/Rakops,"7,439",2022,-21.0299906,24.3995073,7,7,False,True,7439
Central Boteti,Village Toromoja,996,2022,-22.328474,24.684866,6,6,False,True,996
Central Boteti,Village Moreomaoto,751,2022,-20.2384007,24.2540907,7,7,False,True,751
Central Boteti,Village Makalamabedi,"1,591",2022,-20.3140527,23.8882172,7,7,False,True,1591
Central Boteti,Village Khwee,"1,480",2022,-21.9447611,25.4477267,7,7,False,True,1480
Central Boteti,Village Kumaga,"1,016",2022,-20.4554677,24.5164678,7,7,False,True,1016
Central Boteti,Village Motopi,"1,257",2022,-20.2221381,24.13799,7,5,False,True,1257
Central Boteti,Village Mmadikola,"1,004",2022,-21.0901682,24.4794899,7,7,False,True,1004
Central Boteti,Village Mokoboxane,"2,589",2022,-21.2602547,24.9427875,7,7,False,True,2589
Central Boteti,Village Xere,742,2022,-21.0006966,23.9649754,7,7,False,True,742
Central Tutume,Village Maitengwe,"5,929",2022,-20.1294374,27.214697,7,6,False,True,5929
Central Tutume,Village Dagwi,"1,048",2022,-20.3120776,27.2254942,7,7,False,True,1048
Central Tutume,Village Nkange,"3,995",2022,-22.328474,24.684866,6,6,False,True,3995
Central Tutume,Village Senete,"2,457",2022,-20.3117106,27.1382404,7,7,False,True,2457
Central Tutume,Village Changate,853,2022,-20.3120776,27.2254942,7,7,False,True,853
Central Tutume,Village Tutume,"18,582",2022,-20.4893899,27.0362664,7,7,False,True,18582
Central Tutume,Village Matobo,"1,553",2022,-20.5612356,27.1189607,7,7,False,True,1553
Central Tutume,Village Goshwe,"1,640",2022,-20.5055364,27.2058765,7,7,False,True,1640
Central Tutume,Village Mosetse,"2,064",2022,-20.6493321,26.6405956,7,7,False,True,2064
Central Tutume,Village Nswazwi,"2,239",2022,-20.6648812,27.2183918,7,7,False,True,2239
Central Tutume,Village Nshakashokwe,"2,491",2022,-22.328474,24.684866,6,6,False,True,2491
Central Tutume,Village Sebina,"3,865",2022,-20.8097593,27.2029363,7,7,False,True,3865
Central Tutume,Village Marobela,"1,970",2022,-20.8681819,27.2293969,7,7,False,True,1970
Central Tutume,Village Mathangwane,"5,918",2022,-20.9977174,27.3352044,7,7,False,True,5918
Central Tutume,Village Marapong,"2,493",2022,-20.8997822,27.0764662,7,7,False,True,2493
Central Tutume,Village Chadibe,"5,371",2022,-21.0503684,27.350046,7,6,False,True,5371
Central Tutume,Village Matsitama,"1,502",2022,-21.0222212,26.6851026,7,7,False,True,1502
Central Tutume,Village Dukwi,"4,075",2022,-20.5913786,26.5343574,7,7,False,True,4075
Central Tutume,Village Mafongo/ Hobona,"1,583",2022,-20.9358859,27.259785,7,6,False,True,1583
Central Tutume,Village Mokubilo,"2,047",2022,-22.328474,24.684866,6,6,False,True,2047
Central Tutume,Village Tonota,"23,296",2022,-21.4433017,27.4615118,7,7,False,True,23296
Central Tutume,Village Borotsi,"1,388",2022,-23.0389917,27.5657269,7,7,False,True,1388
Central Tutume,Village Mandunyane,"4,584",2022,-21.3148887,27.3495825,7,7,False,True,4584
Central Tutume,Village Natale,"1,638",2022,-21.102115,27.2272535,6,7,False,True,1638
Central Tutume,Village Shashe/ Semotswane,"3,805",2022,-21.3818193,27.4380189,7,7,False,True,3805
Central Tutume,Village Foley,865,2022,-21.662905,27.343821,6,6,False,True,865
Central Tutume,Village Shashe-Mooke,"5,897",2022,-21.1952061,27.3792744,7,7,False,True,5897
Central Tutume,Village Gweta,"5,548",2022,-20.2111684,25.2541233,7,7,False,True,5548
Central Tutume,Village Zoroga,"1,592",2022,-20.1577632,25.7959779,7,7,False,True,1592
Central Tutume,Village Lepashe,828,2022,-20.82673723067548,26.61373844309778,14,14,False,True,828
Central Tutume,Village Mmanxotae,987,2022,-22.328474,24.684866,6,6,False,True,987
Central Tutume,Village Sepako,832,2022,-19.862259,26.4916731,6,7,False,True,832
Central Tutume,Village Semitwe,978,2022,-22.328474,24.684866,6,6,False,True,978
Central Tutume,Village Makobo,"2,191",2022,-23.4833329,27.116667,7,6,False,True,2191
Central Tutume,Village Mabesekwa,"2,048",2022,-21.308522,26.8774653,6,7,False,True,2048
Central Tutume,Village Jamataka,"1,079",2022,-21.0847709,27.1438245,7,7,False,True,1079
Central Tutume,Village Tshokatshaa,693,2022,-22.328474,24.684866,6,6,False,True,693
Central Tutume,Village Makuta,907,2022,-20.6791698,27.117651,7,6,False,True,907
Central Tutume,Village Maposa,427,2022,-20.1170159,26.2201718,7,7,False,True,427
Central Tutume,Village Kutamogree,"1,397",2022,-22.328474,24.684866,6,6,False,True,1397
Central Tutume,Village Mmeya,"1,043",2022,-22.328474,24.684866,6,6,False,True,1043
North East,Village Mbalambi,975,2022,-20.5013095,27.3440192,7,7,False,True,975
North East,Village Gambule,553,2022,-20.5781358,27.6043534,7,7,False,True,553
North East,Village Gulubane,815,2022,-22.328474,24.684866,6,6,False,True,815
North East,Village Gungwe,448,2022,-20.5019066,27.3807432,7,7,False,True,448
North East,Village Jackalas NO 1,"1,312",2022,-22.328474,24.684866,6,6,False,True,1312
North East,Village Jackalas NO 2,"1,388",2022,-20.9537773,27.6822895,7,7,False,True,1388
North East,Village Kalakamati,955,2022,-21.228512117683422,27.943191908997623,6,1,True,False,955
North East,Village Letsholathebe,325,2022,-25.2275773,25.6694828,7,7,False,True,325
North East,Village Makaleng,"1,455",2022,-20.7954651,27.2647396,7,7,False,True,1455
North East,Village Mulambakwena,"1,170",2022,-20.5687307,27.4615118,7,7,False,True,1170
North East,Village Mambo,577,2022,-20.7964589,27.3333236,7,7,False,True,577
North East,Village Mapoka,"1,456",2022,-20.5356843,27.5906715,7,7,False,True,1456
North East,Village Masingwaneng,848,2022,-20.8485369,27.3245095,7,7,False,True,848
North East,Village Masunga,"6,216",2022,-20.666667,27.416667,6,6,False,True,6216
North East,Village Matsiloje,"2,368",2022,-21.3000989,27.8866333,7,7,False,True,2368
North East,Village Moroka,"2,000",2022,-20.5332787,27.6522851,7,7,False,True,2000
North East,Village Mosojane,"1,142",2022,-22.328474,24.684866,6,6,False,True,1142
North East,Village Nlakhwane,"1,547",2022,-20.5150006,27.5202315,7,7,False,True,1547
North East,Village Ramokgwebana,"1,565",2022,-20.5910692,27.6493515,7,7,False,True,1565
North East,Village Sekakangwe,964,2022,-20.5393616,27.3203014,7,7,False,True,964
North East,Village Senyawe,"1,476",2022,-20.7704841,27.6845508,7,7,False,True,1476
North East,Village Siviya,"1,366",2022,-22.328474,24.684866,6,6,False,True,1366
North East,Village Tati Siding,"12,393",2022,-21.2795511,27.4908738,7,7,False,True,12393
North East,Village Themashanga,"1,954",2022,-20.8008357,27.5506946,7,7,False,True,1954
North East,Village Tsamaya,"2,190",2022,-20.8002951,27.6229478,7,7,False,True,2190
North East,Village Tshesebe,"2,375",2022,-20.7321921,27.5906715,7,7,False,True,2375
North East,Village Zwenshambe,"1,776",2022,-20.5091885,27.4262714,7,7,False,True,1776
North East,Village Butale,635,2022,-20.6811534,27.6962824,7,7,False,True,635
North East,Village Masukwane,727,2022,-22.328474,24.684866,6,6,False,True,727
North East,Village Shashe Bridge,"1,222",2022,-24.6231618,25.8853665,7,7,False,True,1222
North East,Village Matshelagabedi,"3,987",2022,-21.120979,27.6641008,6,7,False,True,3987
North East,Village Ditladi,"1,755",2022,-22.328474,24.684866,6,6,False,True,1755
North East,Village Botalaote,279,2022,-21.198419,27.5554494,6,7,False,True,279
North East,Village Toteng,302,2022,-20.3580462,22.962477,7,6,False,True,302
North East,Village Matenge,485,2022,-20.8533922,27.263285,7,6,False,True,485
North East,Village Vukwi,493,2022,-20.6012404,27.3867182,7,7,False,True,493
North East,Village Pole,254,2022,-22.328474,24.684866,6,6,False,True,254
North East,Village Kgari,619,2022,-22.328474,24.684866,6,6,False,True,619
North East,Village Mowana,548,2022,-22.328474,24.684866,6,6,False,True,548
North East,Village Mabudzane,996,2022,-20.907246,27.6349984,6,7,False,True,996
North East,Village Matopi,440,2022,-21.4840568,27.9377454,7,7,False,True,440
North East,Village Pataya Matebele,476,2022,-22.328474,24.684866,6,6,False,True,476
Ngamiland East,Village Maun,"84,993",2022,-19.9952622,23.4180769,7,7,False,True,84993
Ngamiland East,Village Makalamabedi,414,2022,-20.3140527,23.8882172,7,7,False,True,414
Ngamiland East,Village Shorobe,"1,027",2022,-19.7625009,23.6773619,7,7,False,True,1027
Ngamiland East,Village Toteng,"1,854",2022,-20.3580462,22.962477,7,6,False,True,1854
Ngamiland East,Village Tsau,"2,144",2022,-20.1686125,22.4559679,7,7,False,True,2144
Ngamiland East,Village Sehithwa,"2,703",2022,-20.4727124,22.700315,7,6,False,True,2703
Ngamiland East,Village Kareng,"1,361",2022,-20.6251958,22.3292615,7,7,False,True,1361
Ngamiland East,Village Matsaudi and Sakapne,788,2022,-19.7862556,23.6468453,7,7,False,True,788
Ngamiland East,Village Boro 1,89,2022,-22.328474,24.684866,6,6,False,True,89
Ngamiland East,Village Boro 2,244,2022,-19.8785979,23.4329607,7,7,False,True,244
Ngamiland East,Nxharaga,490,2022,-19.379106012495942,24.52648768211624,1,0,True,False,490
Ngamiland East,Village Somelo,"1,041",2022,-20.4253864,23.3291946,7,7,False,True,1041
Ngamiland East,Village Matlapana,"2,999",2022,-22.328474,24.684866,6,6,False,True,2999
Ngamiland East,Village Phuduhudu,679,2022,-23.945308,22.9833275,6,7,False,True,679
Ngamiland East,Village Komana,492,2022,-20.198435683499746,24.836785167748086,1,2,True,False,492
Ngamiland East,Village Sankuyo,329,2022,-19.4281338,23.8748328,7,7,False,True,329
Ngamiland East,Village Mababe,373,2022,-19.180866,23.9975091,6,7,False,True,373
Ngamiland East,Village Chanoga,667,2022,-20.1548572,23.6573567,7,7,False,True,667
Ngamiland East,Village Bodibeng,"1,083",2022,-20.6273852,22.6016295,7,7,False,True,1083
Ngamiland East,Village Botlhatlogo,705,2022,-22.328474,24.684866,6,6,False,True,705
Ngamiland East,Village Kgakge / Makakung,379,2022,-20.3833052,22.3332203,7,7,False,True,379
Ngamiland East,Village Habu,734,2022,-19.8639662,22.3883608,7,7,False,True,734
Ngamiland West,Village Seronga,"2,793",2022,-18.8203141,22.4202058,7,7,False,True,2793
Ngamiland West,Village Ngarange,"1,336",2022,-18.3964106,22.0041084,7,7,False,True,1336
Ngamiland West,Village Beetsha,"1,502",2022,-18.719925,22.7375583,6,7,False,True,1502
Ngamiland West,Village Gonutsuga,928,2022,-22.328474,24.684866,6,6,False,True,928
Ngamiland West,Village Mokgacha,351,2022,-22.328474,24.684866,6,6,False,True,351
Ngamiland West,Village Tsodilo,238,2022,-18.7833673,21.7435799,7,7,False,True,238
Ngamiland West,Village Qangwa,"1,018",2022,-19.5281565,21.1831534,7,7,False,True,1018
Ngamiland West,Village Xakao,"1,594",2022,-18.3073856,21.8894434,7,7,False,True,1594
Ngamiland West,Village Kauxwhi,"1,888",2022,-22.328474,24.684866,6,6,False,True,1888
Ngamiland West,Village Etsha 6,"4,565",2022,-19.0157221,22.3158945,7,7,False,True,4565
Ngamiland West,Village Ikoga,755,2022,-18.8663257,22.2771485,7,7,False,True,755
Ngamiland West,Village Sepopa,"2,090",2022,-18.7418932,22.1728283,7,7,False,True,2090
Ngamiland West,Village Nxamasere,"1,500",2022,-18.5745565,21.9820582,7,7,False,True,1500
Ngamiland West,Village Shakawe,"10,589",2022,-18.3673364,21.8389726,7,7,False,True,10589
Ngamiland West,Village Nxaunxau,479,2022,-22.328474,24.684866,6,6,False,True,479
Ngamiland West,Village Mohembo West,"2,500",2022,-18.2876171,21.7897859,7,7,False,True,2500
Ngamiland West,Village Etsha 13,"3,401",2022,-19.0160658,22.3161432,7,7,False,True,3401
Ngamiland West,Village Nokaneng,"2,510",2022,-19.6633028,22.1936928,7,7,False,True,2510
Ngamiland West,Village Gani,"1,119",2022,-22.328474,24.684866,6,6,False,True,1119
Ngamiland West,Village Tubu,578,2022,-19.3546801,22.2771485,7,7,False,True,578
Ngamiland West,Village Gumare,"11,572",2022,-19.3562398,22.1549442,7,7,False,True,11572
Ngamiland West,Village Mohembo East,785,2022,-18.2876171,21.7897859,7,7,False,True,785
Ngamiland West,Village Tobere,588,2022,-22.328474,24.684866,6,6,False,True,588
Ngamiland West,Village Sekondomboro,978,2022,-18.3558277,21.9726204,7,7,False,True,978
Ngamiland West,Village Samochema,"1,667",2022,-22.328474,24.684866,6,6,False,True,1667
Ngamiland West,Village Xhauga,526,2022,-22.328474,24.684866,6,6,False,True,526
Ngamiland West,Village Mogomotho,"1,078",2022,-22.328474,24.684866,6,6,False,True,1078
Ngamiland West,Village Eretsha,774,2022,-24.662288,25.8780703,6,7,False,True,774
Ngamiland West,Village Chukumuchu,620,2022,-18.7094595,21.4401948,7,7,False,True,620
Ngamiland West,Village Gudingwa,909,2022,-22.328474,24.684866,6,6,False,True,909
Ngamiland West,Village Etsha 1,"1,554",2022,-19.1309815,22.2920509,7,7,False,True,1554
Ngamiland West,Village Kajaja,580,2022,-18.6608142,22.0787128,7,7,False,True,580
Chobe,Village Kachikau,"1,214",2022,-18.153243,24.5034739,6,7,False,True,1214
Chobe,Village Kasane,"9,095",2022,-17.7994636,25.1703327,7,7,False,True,9095
Chobe,Village Kazungula,"8,704",2022,-22.328474,24.684866,6,6,False,True,8704
Chobe,Village Kavimba,567,2022,-18.0819815,24.5805471,7,7,False,True,567
Chobe,Village Lesoma,"1,228",2022,-17.9064797,25.2249703,7,7,False,True,1228
Chobe,Village Muchinje/Mabele,950,2022,-17.9511462,24.6868329,7,7,False,True,950
Chobe,Village Parakarungu,"1,005",2022,-18.0339625,24.3261328,7,7,False,True,1005
Chobe,Village Pandamatenga,"2,728",2022,-18.5325039,25.6539512,7,7,False,True,2728
Chobe,Village Satau,710,2022,-18.0123678,24.4058234,7,7,False,True,710
Ngamiland Delta,Village Xaxaba,303,2022,-19.5460243,23.0496852,7,7,False,True,303
Ngamiland Delta,Village Jao,329,2022,-19.3037029,22.6019799,7,7,False,True,329
Ngamiland Delta,Village Ditshiping,367,2022,-22.328474,24.684866,6,6,False,True,367
Ngamiland Delta,Village Daonara,192,2022,-22.328474,24.684866,6,6,False,True,192
Ghanzi,Village Dekar,"2,814",2022,-21.5237263,21.9373445,7,7,False,True,2814
Ghanzi,Village Tsootsha,"1,911",2022,-22.1534184,20.8612525,7,7,False,True,1911
Ghanzi,Village Karakobis,"1,096",2022,-22.0915823,20.6198718,7,7,False,True,1096
Ghanzi,Village Chobokwane,990,2022,-22.1545183,21.2136261,7,7,False,True,990
Ghanzi,Village West Hanahai,"1,101",2022,-22.1044713,21.7718997,7,7,False,True,1101
Ghanzi,Village Charles Hill,"5,147",2022,-22.2789264,20.0747439,7,7,False,True,5147
Ghanzi,Village Kuke,"1,226",2022,-22.461051747515352,25.313588294873842,2,2,True,False,1226
Ghanzi,Village Makunda,824,2022,-22.3838557,20.1136787,7,7,False,True,824
Ghanzi,Village Kule,969,2022,-23.01569,20.173441,5,6,False,True,969
Ghanzi,Village Groote Laagte,"1,206",2022,-21.3596326,21.2111389,7,7,False,True,1206
Ghanzi,Village New Xanagas,984,2022,-22.328474,24.684866,6,6,False,True,984
Ghanzi,Village East Hanahai,720,2022,-22.1572251,21.8896493,7,7,False,True,720
Ghanzi,Village Kacgae,746,2022,-22.8569368,22.2063389,7,7,False,True,746
Ghanzi,Village Bere,874,2022,-22.8199,21.8759958,4,7,False,True,874
Ghanzi,Village Qabo,"1,042",2022,-21.0623407,21.7347178,7,7,False,True,1042
Ghanzi,Village New Xade,"1,614",2022,-22.1197704,22.4112651,7,7,False,True,1614
Central Kalahari Game Reserve,Central Kalahari Game Reserve (CGGR),488,2022,-22.351362,23.8631019,6,7,False,True,488
Kgalagadi South,Village Werda,"3,349",2022,-25.2661646,23.2781528,7,7,False,True,3349
Kgalagadi South,Village Khisa,433,2022,-25.7088768,22.6943559,7,7,False,True,433
Kgalagadi South,Village Omaweneno,"1,256",2022,-25.7621148,22.5682819,7,7,False,True,1256
Kgalagadi South,Village Tsabong,"11,651",2022,-26.0207794,22.4112651,7,7,False,True,11651
Kgalagadi South,Village Kolonkwane,634,2022,-26.6442077,21.9948359,7,7,False,True,634
Kgalagadi South,Village Bogogobo,354,2022,-25.16469253093392,20.593003601703728,2,6,True,False,354
Kgalagadi South,Village Middlepits,966,2022,-26.6623919,21.8874344,7,7,False,True,966
Kgalagadi South,Village Khuis,950,2022,-22.328474,24.684866,6,6,False,True,950
Kgalagadi South,Village Gachibana,871,2022,-26.7156324,21.7710197,7,7,False,True,871
Kgalagadi South,Village Rapples Pan,338,2022,-26.8218742,20.8149512,7,7,False,True,338
Kgalagadi South,Village Vaalhoek,588,2022,-26.8690552,20.7103517,7,7,False,True,588
Kgalagadi South,Village Bokspits,705,2022,-26.8942314,20.6930739,7,7,False,True,705
Kgalagadi South,Village Struizendam,727,2022,-26.6587001,20.640673,7,6,False,True,727
Kgalagadi South,Village Bray,"1,286",2022,-22.328474,24.684866,6,6,False,True,1286
Kgalagadi South,Village Phepheng/Draaihoek,"1,411",2022,-25.4765815,22.8492798,7,7,False,True,1411
Kgalagadi South,Village Maubelo,832,2022,-22.328474,24.684866,6,6,False,True,832
Kgalagadi South,Village Khawa,"1,299",2022,-26.281531,21.3685968,6,7,False,True,1299
Kgalagadi South,Village Kokotsha,"1,696",2022,-24.9201224,23.221637,7,6,False,True,1696
Kgalagadi South,Village Maralaleng,702,2022,-22.328474,24.684866,6,6,False,True,702
Kgalagadi South,Village Maleshe,494,2022,-25.8738391,22.3450409,7,7,False,True,494
Kgalagadi North,Village Kang,"6,764",2022,-23.6719404,22.7926759,7,7,False,True,6764
Kgalagadi North,Village Hukuntsi,"5,224",2022,-23.9931196,21.7495419,7,7,False,True,5224
Kgalagadi North,Village Lokgwabe,"1,792",2022,-24.1071858,21.7793523,7,7,False,True,1792
Kgalagadi North,Village Monong,392,2022,-23.6606858,21.5146664,7,7,False,True,392
Kgalagadi North,Village Ncaang,358,2022,-23.440861,21.2208706,6,7,False,True,358
Kgalagadi North,Village Hunhukwe,565,2022,-23.4116052,21.6050105,7,7,False,True,565
Kgalagadi North,Village Zutswa,613,2022,-24.1360156,21.2515011,7,7,False,True,613
Kgalagadi North,Village Ngwatle,461,2022,-22.328474,24.684866,6,6,False,True,461
Kgalagadi North,Village Ukwi,669,2022,-23.5555645,20.4992004,7,7,False,True,669
Kgalagadi North,Village Make,502,2022,-22.328474,24.684866,6,6,False,True,502
Kgalagadi North,Village Inalegolo,853,2022,-22.328474,24.684866,6,6,False,True,853
Kgalagadi North,Village Phuduhudu,661,2022,-23.945308,22.9833275,6,7,False,True,661
Ngwaketse,Masoke,111,2022,-25.117665790961635,25.21414112253349,1,1,True,False,111
Ngwaketse,Maunyele,115,2022,-25.201636262856955,25.06428059860414,1,1,True,False,115
Ngwaketse,Gasethebe,61,2022,-24.904809426881265,25.591496904751256,1,1,True,False,61
Ngwaketse,Letlapana,30,2022,-25.244194725962366,25.396723590494258,1,1,True,False,30
Ngwaketse,Diphiring,64,2022,-24.960629216808027,25.438328668048705,1,1,True,False,64
Ngwaketse,Ngwanawarungwane,35,2022,-24.873737340426093,25.431367223812646,1,1,True,False,35
Ngwaketse,Taupone,61,2022,-25.041789477622505,25.293894226450817,1,1,True,False,61
Ngwaketse,Ramonnedi,128,2022,-25.237403308419772,25.55863746114336,1,1,True,False,128
Ngwaketse,Dinatshana,59,2022,-25.07338735367524,25.293749772862306,1,1,True,False,59
Ngwaketse,Mohuduhutswe,55,2022,-25.112393521791464,25.246279890041475,1,1,True,False,55
Ngwaketse,Morwetsane,19,2022,-24.818299082951008,25.062926977635517,1,1,True,False,19
Ngwaketse,Mmamodungwa,51,2022,-24.95303778466514,25.068900525064315,1,1,True,False,51
Ngwaketse,Diponyane,70,2022,-24.939258428882592,25.407677639552272,1,1,True,False,70
Ngwaketse,Mmanthubi,5,2022,-25.0333653602686,25.108373091577057,1,1,True,False,5
Ngwaketse,Sobatho,13,2022,-24.944727914147105,25.40159416795981,1,1,True,False,13
Ngwaketse,Mogapinyana,158,2022,-24.938703872030175,25.568319552841327,1,1,True,False,158
Ngwaketse,Ditojana,181,2022,-25.23916239199054,25.186184629265476,1,1,True,False,181
Ngwaketse,Dikakana,21,2022,-25.16762159585064,24.931639714485105,1,1,True,False,21
Ngwaketse,Ramothose,37,2022,-25.263608571330884,25.35532387662257,1,1,True,False,37
Ngwaketse,Tirwane,7,2022,-25.036121502662297,24.866286211520677,1,1,True,False,7
Ngwaketse,Masire's Farm,1,2022,-24.868545272065937,25.44498282196396,1,1,True,False,1
Ngwaketse,Gakhuduga,5,2022,-24.99045048430812,25.25045370503361,1,1,True,False,5
Ngwaketse,Lerokolo,1,2022,-25.04051697965774,25.223716943284334,1,1,True,False,1
Ngwaketse,Gamaio,4,2022,-24.84557586928621,25.283046897287665,1,1,True,False,4
Ngwaketse,Mmakabile,5,2022,-25.19069265479549,25.24357275664712,1,1,True,False,5
Ngwaketse,Tlanege,245,2022,-25.235387074632456,25.10019287027503,1,1,True,False,245
Ngwaketse,Gamatlapeng,14,2022,-24.849541057081556,25.06873155617918,1,1,True,False,14
Ngwaketse,Masokwe,67,2022,-24.856191123438833,25.16831345178396,1,1,True,False,67
Ngwaketse,Gamokgosi,21,2022,-24.95683475368265,25.52529956144324,1,1,True,False,21
Ngwaketse,Goora-seno,159,2022,-25.156920013009405,24.959957346740666,1,1,True,False,159
Ngwaketse,Betesankwe,2,2022,-24.825522085536658,25.100927758899548,1,1,True,False,2
Ngwaketse,Sepapanana,62,2022,-24.919118396592285,25.002331631432583,1,1,True,False,62
Ngwaketse,Moraga,27,2022,-24.960991234803256,25.1771258759361,1,1,True,False,27
Ngwaketse,Galewane,27,2022,-25.167482037895695,24.958563943817015,1,1,True,False,27
Ngwaketse,Mogojwanamotswedi,22,2022,-25.034618887162686,25.425475673726552,1,1,True,False,22
Ngwaketse,Madiabatho,36,2022,-24.892914661549824,24.93621116005073,1,1,True,False,36
Ngwaketse,Gaphotshwana,32,2022,-24.875660371422278,25.35436787730749,1,1,True,False,32
Ngwaketse,Seinapi,15,2022,-25.012485115738304,25.058460952137487,1,1,True,False,15
Ngwaketse,Gamokgoleo,13,2022,-25.030175428363947,25.210659875031087,1,1,True,False,13
Ngwaketse,Bakwenyane,23,2022,-24.950098900900436,25.008053639629484,1,1,True,False,23
Ngwaketse,Gamatlagatsana,22,2022,-25.027677758152336,25.402720279778407,1,1,True,False,22
Ngwaketse,Mmapekanyang,111,2022,-25.078303218462953,25.565021629160167,1,1,True,False,111
Ngwaketse,Mheelo,2,2022,-25.230435368077135,25.024248117548215,1,1,True,False,2
Ngwaketse,Sekalaba,16,2022,-25.21183188707946,25.568651855024434,1,1,True,False,16
Ngwaketse,Mmakgodumo,48,2022,-24.921440191925896,25.101306771390234,1,1,True,False,48
Ngwaketse,Moatle,61,2022,-25.258253114058615,25.274416476921573,1,1,True,False,61
Ngwaketse,Logogwe,38,2022,-25.2455972024481,25.38140753716187,1,1,True,False,38
Ngwaketse,Lohalane,49,2022,-24.855338654188728,25.007518214115493,1,1,True,False,49
Ngwaketse,Diphawana,158,2022,-24.94720824965673,25.190246028201667,1,1,True,False,158
Ngwaketse,Molomo wa Kwena,25,2022,-25.267617129442613,24.909683553890307,1,1,True,False,25
Ngwaketse,Nneneke,61,2022,-25.126671324270884,25.378031157734505,1,1,True,False,61
Ngwaketse,Tsokwane,48,2022,-24.92004690308404,25.169294960081682,1,1,True,False,48
Ngwaketse,Mmagaoate,4,2022,-25.078339956916015,25.522869533467897,1,1,True,False,4
Ngwaketse,Makubu,1,2022,-25.0548984784436,25.063136464478422,1,1,True,False,1
Ngwaketse,Kwahu,10,2022,-25.059476591516965,25.54665570852476,1,1,True,False,10
Ngwaketse,Tshono,4,2022,-25.176995125048588,24.96417720031387,1,1,True,False,4
Ngwaketse,Phatayamookana,5,2022,-24.9392439451124,25.31097710088285,1,1,True,False,5
Ngwaketse,Makatanyane,2,2022,-25.22238269745684,25.088306707866998,1,1,True,False,2
Ngwaketse,Gamoralo,33,2022,-25.037291950805557,24.994502234009584,1,1,True,False,33
Ngwaketse,Nneneke 2,7,2022,-25.191728665192837,24.929117597465524,1,1,True,False,7
Ngwaketse,Lomapong,15,2022,-25.248240115544526,25.347207836315047,1,1,True,False,15
Ngwaketse,Makgoratlhaga,6,2022,-25.203959209115943,25.03275025558732,1,1,True,False,6
Ngwaketse,Gampudi,15,2022,-24.871505351380815,25.28555694163596,1,1,True,False,15
Ngwaketse,Gamogohe,30,2022,-25.1888936210223,25.588201882036923,1,1,True,False,30
Ngwaketse,Maemangwana,3,2022,-25.142089647007932,25.09437564995592,1,1,True,False,3
Ngwaketse,Mothinyane,21,2022,-25.206316815507098,24.88520782962295,1,1,True,False,21
Ngwaketse,Matlhakwana,11,2022,-24.932763435394165,24.965504156815385,1,1,True,False,11
Ngwaketse,Pitsaneng,244,2022,-25.0655890806866,24.94801211601095,1,1,True,False,244
Ngwaketse,Galosabanyana,1,2022,-24.83748571212566,25.204030584819982,1,1,True,False,1
Ngwaketse,Lowe,55,2022,-24.965373032175318,25.413458545961507,1,1,True,False,55
Ngwaketse,Lotlhware,28,2022,-25.02623988039416,25.07984837455831,1,1,True,False,28
Ngwaketse,Mokape,2,2022,-24.968895708597273,24.9677521287228,1,1,True,False,2
Ngwaketse,Makodu,22,2022,-25.251036510640557,25.336135441814246,1,1,True,False,22
Ngwaketse,Gaqwee,7,2022,-24.834269088015397,25.083373356591295,1,1,True,False,7
Ngwaketse,Mametlhosele,19,2022,-24.831627487137474,25.287310519911127,1,1,True,False,19
Ngwaketse,Mosepele,40,2022,-25.143110390664216,25.5542368134553,1,1,True,False,40
Ngwaketse,Motlhatsa,15,2022,-24.981869603907366,25.076054239531775,1,1,True,False,15
Ngwaketse,Metsalane/Maoto,3,2022,-25.177095470996164,25.240657295969264,1,1,True,False,3
Ngwaketse,Mabadisa,87,2022,-25.018876184349878,25.459726663989727,1,1,True,False,87
Ngwaketse,Moreane,60,2022,-24.916626272660594,25.374059700648573,1,1,True,False,60
Ngwaketse,Phokojeng,80,2022,-24.839231706506805,25.41854048948617,1,1,True,False,80
Ngwaketse,Mmasenyetse,41,2022,-25.11422942577819,25.434239154801016,1,1,True,False,41
Ngwaketse,Lubutse,5,2022,-24.952012132221135,25.261069912003094,1,1,True,False,5
Ngwaketse,Dipalane,18,2022,-24.941516950008086,25.258201356340138,1,1,True,False,18
Ngwaketse,Dinogeng,15,2022,-25.168289040708302,25.39428404918813,1,1,True,False,15
Ngwaketse,Tsitlane 2,6,2022,-24.981532316017383,25.378473653355734,1,1,True,False,6
Ngwaketse,Momare,5,2022,-24.969449565162172,25.357937330663567,1,1,True,False,5
Ngwaketse,Kgamagadi,3,2022,-24.919700001339553,25.143629640459704,1,1,True,False,3
Ngwaketse,Mmadinonyane,16,2022,-24.811702149123807,25.47590134760456,1,1,True,False,16
Ngwaketse,Mmadigetwane,20,2022,-25.251124885475434,25.035009243225208,1,1,True,False,20
Ngwaketse,Rakgokgonyane,37,2022,-25.176916994261443,24.97511288439155,1,1,True,False,37
Ngwaketse,Dinogeng 2,24,2022,-25.203119228533772,25.116110178418857,1,1,True,False,24
Ngwaketse,Lohatlheng,27,2022,-25.198835589286237,25.048130430351936,1,1,True,False,27
Ngwaketse,Lohawe,4,2022,-25.06156007425834,25.35281999703059,1,1,True,False,4
Ngwaketse,Lonatong,38,2022,-24.867292223896747,25.031149900021493,1,1,True,False,38
Ngwaketse,Mmabokgale,1,2022,-25.064089974238485,25.347838485950835,1,1,True,False,1
Ngwaketse,Tsitlane,35,2022,-24.963470217204353,25.24120153032428,1,1,True,False,35
Ngwaketse,Tsonye,43,2022,-25.097159090607974,24.972670092019982,1,1,True,False,43
Ngwaketse,Ranaka Cattle Post,2,2022,-25.12318239714513,25.05152828249935,1,1,True,False,2
Ngwaketse,Mokgaratlha Cattle Post,4,2022,-24.887576404392696,25.247531245272928,1,1,True,False,4
Ngwaketse,Mokgaratlha Poultry Farm,2,2022,-24.9693917726371,25.4048651391324,1,1,True,False,2
Ngwaketse,Mophuelo Lands,16,2022,-25.108882276236226,25.155625858547026,1,1,True,False,16
Ngwaketse,Taueshwele,23,2022,-24.850981269503283,25.032500690723886,1,1,True,False,23
Ngwaketse,Mongailwane,12,2022,-25.041293506702715,25.078831497827316,1,1,True,False,12
Ngwaketse,Nganalabaloi,4,2022,-25.183341018003567,24.929995911671543,1,1,True,False,4
Ngwaketse,Gamothei,41,2022,-25.048294172275646,24.877917352099985,1,1,True,False,41
Ngwaketse,Konowe Lands,41,2022,-24.960622717752276,25.583520528893434,1,1,True,False,41
Ngwaketse,Gasekhukhu,21,2022,-25.10145689298246,24.93095813157704,1,1,True,False,21
Ngwaketse,Magantshana,7,2022,-24.88320397037106,24.952154523374794,1,1,True,False,7
Ngwaketse,Ramatlapeng,12,2022,-25.025436431887844,25.507476600698734,1,1,True,False,12
Ngwaketse,Gamonakana,31,2022,-25.055371475740966,25.353060207566266,1,1,True,False,31
Ngwaketse,Motheelelo,9,2022,-24.87636951805309,25.183776814674115,1,1,True,False,9
Ngwaketse,Molehise,97,2022,-25.057590749788954,25.34228104842008,1,1,True,False,97
Ngwaketse,Mamatsepa Cattle Post 1,8,2022,-25.07980085717105,25.555128708804627,1,1,True,False,8
Ngwaketse,Magakabe,23,2022,-25.222057581501442,24.933166818579757,1,1,True,False,23
Ngwaketse,Ditelele,1,2022,-25.10357256841152,25.040597722880225,1,1,True,False,1
Ngwaketse,Mahurane,16,2022,-25.087750288717782,25.499539377212553,1,1,True,False,16
Ngwaketse,Lokhomma,6,2022,-25.18684481994132,25.440245819412556,1,1,True,False,6
Ngwaketse,Matsuatsue,10,2022,-25.000400566277996,25.599246145759615,1,1,True,False,10
Ngwaketse,Tshitsane,17,2022,-25.203685318841252,25.09284755096098,1,1,True,False,17
Ngwaketse,Konowe Cattle Post,32,2022,-25.16712560387151,25.562498677777352,1,1,True,False,32
Ngwaketse,Lorojane,17,2022,-25.01263993468,25.11501350197599,1,1,True,False,17
Ngwaketse,Logoreng,4,2022,-25.146387033186613,25.39145830934276,1,1,True,False,4
Ngwaketse,Galokhwa,7,2022,-24.976662350178152,25.51624387900254,1,1,True,False,7
Ngwaketse,Dintsana,210,2022,-24.953382132855864,24.98631504148899,1,1,True,False,210
Ngwaketse,Lokabane,33,2022,-25.131594762276354,25.012259580631763,1,1,True,False,33
Ngwaketse,Ramorekisi,29,2022,-25.229533977048458,25.291618883779382,1,1,True,False,29
Ngwaketse,Ngopilo,15,2022,-25.04544166774842,25.487276184307145,1,1,True,False,15
Ngwaketse,Gasekitla,181,2022,-25.2270107861894,24.917961954905127,1,1,True,False,181
Ngwaketse,Mantsho,7,2022,-25.03363606897203,25.492528156959946,1,1,True,False,7
Ngwaketse,Seobeng,10,2022,-24.9370340890601,25.114590501912595,1,1,True,False,10
Ngwaketse,Gasekitla 2,8,2022,-24.985516839038844,25.161561811991856,1,1,True,False,8
Ngwaketse,Nganalabaloi Cattle Post,13,2022,-25.064298591653536,25.11216443032545,1,1,True,False,13
Ngwaketse,Mokgacha,10,2022,-24.836467638391245,25.53763345703731,1,1,True,False,10
Ngwaketse,Gamothei Cattle Post,20,2022,-25.22295919788313,24.95655122554512,1,1,True,False,20
Ngwaketse,Mmamatsepa Cattle Post 2,17,2022,-24.866621470033248,25.28664370465262,1,1,True,False,17
Ngwaketse,Lokhomma Cattle Post 2,8,2022,-24.90319259334152,24.96943825089563,1,1,True,False,8
Ngwaketse,Radikhudu,3,2022,-25.077361135685628,25.550372340856082,1,1,True,False,3
Ngwaketse,Logoreng Cattle Post 2,15,2022,-25.199553013736164,25.45311662908477,1,1,True,False,15
Ngwaketse,Sethulo,4,2022,-25.198179586529562,25.03323506367583,1,1,True,False,4
Ngwaketse,Sethulwe,18,2022,-24.84748063994022,25.080841213838177,1,1,True,False,18
Ngwaketse,Moropeng,10,2022,-25.16254011277624,25.143168633455165,1,1,True,False,10
Ngwaketse,Molelema,6,2022,-24.86931638901503,25.160959700328924,1,1,True,False,6
Ngwaketse,Mookane,26,2022,-25.039103224240957,25.46756508856559,1,1,True,False,26
Ngwaketse,Mosimane,34,2022,-25.058132485350914,25.2793931606238,1,1,True,False,34
Ngwaketse,Ngwatshotsho,4,2022,-24.98589161493393,25.177730517908156,1,1,True,False,4
Ngwaketse,Letsibogo,16,2022,-25.17108648519384,25.394697205384837,1,1,True,False,16
Ngwaketse,Kodie,23,2022,-25.073408776209636,25.19999735835485,1,1,True,False,23
Ngwaketse,Bogatakgomo,15,2022,-24.839844006973266,24.954649994087738,1,1,True,False,15
Ngwaketse,Rra Jacob No.2,4,2022,-25.160455776442358,24.93920467210305,1,1,True,False,4
Ngwaketse,Lorolwane,39,2022,-24.847582379062846,25.10181505377518,1,1,True,False,39
Ngwaketse,JN 16,8,2022,-24.81432919463295,25.307928183872438,1,1,True,False,8
Ngwaketse,Mashampa,32,2022,-25.245779359610246,24.959563501519117,1,1,True,False,32
Ngwaketse,Lokalaneng,2,2022,-25.026244503897335,25.268675516336007,1,1,True,False,2
Ngwaketse,Modimosane,8,2022,-25.190875440887847,25.05987465965297,1,1,True,False,8
Ngwaketse,Gakapi,0,2022,-24.984882937053627,25.37681019974581,1,1,True,False,0
Ngwaketse,Ngalakane,8,2022,-24.816466089036492,24.8802345785277,1,1,True,False,8
Ngwaketse,Motserane,8,2022,-24.85889293817666,25.208302927589916,1,1,True,False,8
Ngwaketse,Kgaukgawane,5,2022,-24.846087484581222,24.89809940818672,1,1,True,False,5
Ngwaketse,Masiasole/Bahumagadi,19,2022,-25.171859947678414,25.10520253881625,1,1,True,False,19
Ngwaketse,Borite,3,2022,-25.021235209895753,24.870790938121043,1,1,True,False,3
Ngwaketse,Rasejamesi,1,2022,-25.162024392185277,25.208358996769647,1,1,True,False,1
Ngwaketse,Matlogane Cattlepost,0,2022,-24.857728207990835,25.430105552273158,1,1,True,False,0
Ngwaketse,Bojamala,11,2022,-25.18202270349908,24.933794079155174,1,1,True,False,11
Ngwaketse,Loherwane,8,2022,-25.199053140693024,25.40644115977307,1,1,True,False,8
Ngwaketse,Makong/Matimela Camp,7,2022,-25.263977120142364,25.294027973787966,1,1,True,False,7
Ngwaketse,Monganaokodu,1,2022,-25.186237897197856,25.23478731071642,1,1,True,False,1
Ngwaketse,Motsomatlhose,63,2022,-25.182659664836407,25.305407180230215,1,1,True,False,63
Ngwaketse,Peloyakgama Lands,35,2022,-25.234065722818023,25.10921396078007,1,1,True,False,35
Ngwaketse,Basarwa,83,2022,-24.872235116462424,25.387920067679474,1,1,True,False,83
Ngwaketse,Dipoong,5,2022,-24.912409963327924,25.439521218455994,1,1,True,False,5
Ngwaketse,Magoswane,14,2022,-25.153027065772605,25.438447922305222,1,1,True,False,14
Ngwaketse,Rajosaeya,2,2022,-24.910917361900307,25.05976311882088,1,1,True,False,2
Ngwaketse,Bolwetse,19,2022,-25.076250363287244,25.34591602717338,1,1,True,False,19
Ngwaketse,Moitshinki/Seherelela Cattle Post,11,2022,-24.914460066999364,24.9694290548739,1,1,True,False,11
Ngwaketse,Gamoeng,38,2022,-25.12165113246953,25.227950213050814,1,1,True,False,38
Ngwaketse,Lojwaneng,26,2022,-25.011008898626446,24.86115501873528,1,1,True,False,26
Ngwaketse,Kgokgole,111,2022,-25.09481874437653,25.003289077225364,1,1,True,False,111
Ngwaketse,Gamoswaane,129,2022,-25.183615249011098,25.32941223229887,1,1,True,False,129
Ngwaketse,Makaletso,8,2022,-25.001403442667772,25.51000537863731,1,1,True,False,8
Ngwaketse,Toi,7,2022,-24.92576460327574,24.895690890288446,1,1,True,False,7
Ngwaketse,Maalogane,63,2022,-24.924722347076326,25.274941689929573,1,1,True,False,63
Ngwaketse,Marusweng,10,2022,-25.106412476613002,25.333164293289638,1,1,True,False,10
Ngwaketse,Magodire,47,2022,-25.03204448002356,25.553198052286884,1,1,True,False,47
Ngwaketse,Mosetlhe,69,2022,-24.919836220623043,25.346836594661518,1,1,True,False,69
Ngwaketse,Toi Two,26,2022,-25.24459329539113,24.935887610201128,1,1,True,False,26
Ngwaketse,Tutudu,42,2022,-25.2366306326082,24.968423114843436,1,1,True,False,42
Ngwaketse,Metsimatala,55,2022,-25.097285646494463,25.332411863705556,1,1,True,False,55
Ngwaketse,Galetanyane,0,2022,-25.167225504980067,25.01968868466744,1,1,True,False,0
Ngwaketse,Majweaditau,5,2022,-25.09800757632058,25.55015711597709,1,1,True,False,5
Ngwaketse,Kgomo,3,2022,-25.226619464830833,25.544486659350554,1,1,True,False,3
Ngwaketse,Sese Lands,44,2022,-24.998484467010766,25.565304375799798,1,1,True,False,44
Ngwaketse,Rathipe,17,2022,-24.961977518001376,25.077249363904595,1,1,True,False,17
Ngwaketse,Jwaneng Cattle Post,25,2022,-24.906987570331633,25.392840306342748,1,1,True,False,25
Ngwaketse,Dinonyane,58,2022,-24.971692363389327,25.352694500251467,1,1,True,False,58
Ngwaketse,Sese Cattle Post,27,2022,-25.088055643431357,24.885698713336673,1,1,True,False,27
Ngwaketse,Lotlhakolwane,32,2022,-24.8414722835591,25.056864194321292,1,1,True,False,32
Ngwaketse,Mokgere,63,2022,-24.936981812485296,25.01309923253521,1,1,True,False,63
Ngwaketse,Sesung Lands/Kgageng,12,2022,-25.027937643335786,25.135199370871685,1,1,True,False,12
Ngwaketse,Gamasarwa,18,2022,-25.174835817236197,25.56857780146009,1,1,True,False,18
Ngwaketse,Gatlhaba,91,2022,-24.97240112077306,25.488598748714388,1,1,True,False,91
Ngwaketse,Mokalana,8,2022,-24.99861610661994,25.077600672121008,1,1,True,False,8
Ngwaketse,Mokalana 2,16,2022,-24.956671060046464,25.253712659322442,1,1,True,False,16
Ngwaketse,Magotlhwane Cattle Post,8,2022,-24.91189396595782,25.002306096417747,1,1,True,False,8
Ngwaketse,Ditladi,11,2022,-24.850574061057678,25.065698501447688,1,1,True,False,11
Ngwaketse,Maelo,107,2022,-24.83500335662803,24.907581413316507,1,1,True,False,107
Ngwaketse,Gamogweotsile,61,2022,-24.981004224512755,25.33750479858192,1,1,True,False,61
Ngwaketse,Loratalane,47,2022,-24.82726564182169,25.348159241635432,1,1,True,False,47
Ngwaketse,Letsopa,104,2022,-24.85223484901441,25.48331404190128,1,1,True,False,104
Ngwaketse,Gatsatsa,21,2022,-25.268348969582153,25.507914060425616,1,1,True,False,21
Ngwaketse,Dipineng,10,2022,-24.977601365964873,24.97833389218607,1,1,True,False,10
Ngwaketse,Tsatswi,1,2022,-25.187830568258097,25.412260466170874,1,1,True,False,1
Ngwaketse,Dinakana,6,2022,-25.134386729688394,24.959463989388937,1,1,True,False,6
Ngwaketse,Gantlelenama,20,2022,-25.133330178547464,25.137362678687676,1,1,True,False,20
Ngwaketse,Morebodi,18,2022,-25.048336398158636,25.242923727552675,1,1,True,False,18
Ngwaketse,Mosithwa,1,2022,-25.264570724814533,24.896019594863034,1,1,True,False,1
Ngwaketse,Gatau,8,2022,-25.161582370250564,24.975880836068647,1,1,True,False,8
Ngwaketse,Mekwele,7,2022,-25.256212445678713,25.060995948892884,1,1,True,False,7
Ngwaketse,Status Camp,9,2022,-24.971676050631263,24.954130689420307,1,1,True,False,9
Ngwaketse,Boswelakgosi,6,2022,-24.86236967491907,25.554467339617435,1,1,True,False,6
Ngwaketse,Fikeng,2,2022,-24.812690501900075,25.073800603034567,1,1,True,False,2
Ngwaketse,Bikwe,200,2022,-25.064166153073515,25.23223159684227,1,1,True,False,200
Ngwaketse,Phogotlhwe,16,2022,-25.150435710111836,25.60094135357556,1,1,True,False,16
Ngwaketse,Manyelanong,23,2022,-24.87893716237211,25.280963177221494,1,1,True,False,23
Ngwaketse,Serowe,7,2022,-25.21773433589078,25.165483769729434,1,1,True,False,7
Ngwaketse,Dialane,14,2022,-24.823473146221787,25.55126387295478,1,1,True,False,14
Ngwaketse,Ramating,0,2022,-24.942244804283085,25.02480819676774,1,1,True,False,0
Ngwaketse,Bikwane,2,2022,-25.03881044263755,24.99280452992329,1,1,True,False,2
Ngwaketse,Thakadiawa,1,2022,-25.225292811776427,25.257682013257543,1,1,True,False,1
Ngwaketse,Makokwe,6,2022,-25.261214663308436,25.177248511407875,1,1,True,False,6
Ngwaketse,Mokata,0,2022,-25.02022213180334,25.452413068025677,1,1,True,False,0
Ngwaketse,Seokangwane,49,2022,-25.080057095859452,24.89046703997379,1,1,True,False,49
Ngwaketse,Maphadikwe,36,2022,-24.883716893295443,25.318985538803233,1,1,True,False,36
Ngwaketse,Dipotsana lands,5,2022,-24.975454874623725,25.388172831679178,1,1,True,False,5
Ngwaketse,Dibajakwena,1,2022,-25.071794483622707,25.58261799916678,1,1,True,False,1
Ngwaketse,Gajanki,10,2022,-25.166064599405587,24.967692902492114,1,1,True,False,10
Ngwaketse,Lokgwathe,41,2022,-25.049576044095662,25.042482491279486,1,1,True,False,41
Ngwaketse,Ganamanyane,22,2022,-25.19491613556074,25.553236943451314,1,1,True,False,22
Ngwaketse,Maretswana,49,2022,-24.964142246258728,25.328589554156668,1,1,True,False,49
Ngwaketse,Gamarupe,14,2022,-24.992202041048248,24.887518770192795,1,1,True,False,14
Ngwaketse,Malau,121,2022,-24.898640242818793,24.916766919791026,1,1,True,False,121
Ngwaketse,Malesane,6,2022,-25.063720931176974,25.44381947440807,1,1,True,False,6
Ngwaketse,Lekaleng,8,2022,-25.14196175347975,25.281582321114573,1,1,True,False,8
Ngwaketse,Lerokoko,20,2022,-24.886587329657445,25.280049747525005,1,1,True,False,20
Ngwaketse,Maisane,233,2022,-24.953160548306126,25.514102235226385,1,1,True,False,233
Ngwaketse,Fikalatshukudu,48,2022,-24.945966488470475,25.03865272664015,1,1,True,False,48
Ngwaketse,Phate,59,2022,-25.027752973459318,24.97861046968271,1,1,True,False,59
Ngwaketse,Molokwe 1,48,2022,-24.86846342355898,25.31606788435191,1,1,True,False,48
Ngwaketse,Motlhwatse,208,2022,-25.16525122100102,25.516005807315032,1,1,True,False,208
Ngwaketse,Gasetswinane/Tsheregetlhe,128,2022,-25.08562407573571,25.056630155590934,1,1,True,False,128
Ngwaketse,Mahitshwane,10,2022,-24.90497658487697,25.366301065484592,1,1,True,False,10
Ngwaketse,Mosamowakwena,91,2022,-25.208667457737402,24.972617218129844,1,1,True,False,91
Ngwaketse,Maleiso Lands,26,2022,-24.899538522651653,24.98715359620564,1,1,True,False,26
Ngwaketse,Gatshilwana,77,2022,-25.10810393147441,25.530212670798566,1,1,True,False,77
Ngwaketse,Molokwe 2,130,2022,-25.212081872332362,24.9470020589037,1,1,True,False,130
Ngwaketse,Goorathebeyame,7,2022,-25.233305983356953,24.877318942879803,1,1,True,False,7
Ngwaketse,Tshweneyagae,49,2022,-24.883550126601666,25.436003999159162,1,1,True,False,49
Ngwaketse,Kamawe,131,2022,-24.91304285735548,25.129022194686907,1,1,True,False,131
Ngwaketse,Maisane lands,142,2022,-25.13766108526919,25.154440083550746,1,1,True,False,142
Ngwaketse,Chi-Chi,26,2022,-25.216267477138214,25.454550367398703,1,1,True,False,26
Ngwaketse,Serala/ Seraleng,27,2022,-25.15634526781896,24.993128348194226,1,1,True,False,27
Ngwaketse,Mphaatshane,14,2022,-25.172025777220206,25.343251300093762,1,1,True,False,14
Ngwaketse,Kwelepane,16,2022,-24.933903274870996,25.092564346305416,1,1,True,False,16
Ngwaketse,Motsenekatse,37,2022,-25.170846561691665,24.93680741343404,1,1,True,False,37
Ngwaketse,Mmantshe,16,2022,-25.1706014020353,25.370917121657563,1,1,True,False,16
Ngwaketse,Ramabihi,12,2022,-25.25477145470901,25.096387044621355,1,1,True,False,12
Ngwaketse,Ralekgetho Lands,9,2022,-24.996263048233097,25.504231366710055,1,1,True,False,9
Ngwaketse,Gatontobi,10,2022,-24.954084312199072,25.54325737228756,1,1,True,False,10
Ngwaketse,Taueshele,42,2022,-24.97033362596368,25.49116675458829,1,1,True,False,42
Ngwaketse,Setlhabatsane/Gamosa,26,2022,-25.00920264156913,25.099131819706404,1,1,True,False,26
Ngwaketse,Matshidiso,50,2022,-24.827211195324146,25.035291888711253,1,1,True,False,50
Ngwaketse,Tsube,5,2022,-25.0530941629065,25.5237300525589,1,1,True,False,5
Ngwaketse,Mmamoalahi,11,2022,-24.875717017299547,25.196336857879878,1,1,True,False,11
Ngwaketse,Mmasehudula,36,2022,-24.97375873435535,25.38598495425787,1,1,True,False,36
Ngwaketse,Makapane,82,2022,-25.23101094054114,25.47487533988657,1,1,True,False,82
Ngwaketse,Male / Mokapa,3,2022,-24.898632416549802,25.065886564011183,1,1,True,False,3
Ngwaketse,Mokata/Mokateng,16,2022,-25.001973187193567,24.947844954852705,1,1,True,False,16
Ngwaketse,Gamokalaka,22,2022,-24.97031751341598,25.324271526430365,1,1,True,False,22
Ngwaketse,Mokadinyane,18,2022,-25.187025624505775,25.29849167038645,1,1,True,False,18
Ngwaketse,Mabelane,18,2022,-25.069233285575226,25.060314128681448,1,1,True,False,18
Ngwaketse,Dilokwane,40,2022,-24.866355463623197,25.294408660981702,1,1,True,False,40
Ngwaketse,Motlhalawakgomo,21,2022,-25.170906950483953,25.447479082725085,1,1,True,False,21
Ngwaketse,Phaleng,57,2022,-25.269488809293627,25.119719224411327,1,1,True,False,57
Ngwaketse,Gamothaka,13,2022,-25.151641001000193,25.039560651503837,1,1,True,False,13
Ngwaketse,Lesototo,19,2022,-25.046315913880495,25.398833078317505,1,1,True,False,19
Ngwaketse,Ramakgetla,1,2022,-24.893509064869438,25.444140617072645,1,1,True,False,1
Ngwaketse,Kolwane,57,2022,-24.97500368193628,25.569497577262908,1,1,True,False,57
Ngwaketse,Motsheo,42,2022,-24.848736247595514,24.9690495224714,1,1,True,False,42
Ngwaketse,Mophuelo,7,2022,-25.060957624819398,25.521097724109726,1,1,True,False,7
Ngwaketse,Ngwanyanang,4,2022,-25.090604215495105,25.4286786424413,1,1,True,False,4
Ngwaketse,Sentsi,56,2022,-25.16358700400375,25.381638245170844,1,1,True,False,56
Ngwaketse,Matlhatlaganyane,19,2022,-25.16970216632905,25.09221101643987,1,1,True,False,19
Ngwaketse,Ditshole,2,2022,-24.932504833676713,24.87571672400722,1,1,True,False,2
Ngwaketse,Lerojana,1,2022,-25.232752129049487,25.236979506434466,1,1,True,False,1
Ngwaketse,Tlhojana-ya-Nkwe,10,2022,-25.15841521633968,25.071902719613977,1,1,True,False,10
Ngwaketse,Ramoshengwane,46,2022,-24.86392290930488,25.07491845027057,1,1,True,False,46
Ngwaketse,Lwale,1,2022,-25.00539241885835,25.549288567191766,1,1,True,False,1
Ngwaketse,Mogoduwaphuti,3,2022,-25.2482150246111,24.97305626463972,1,1,True,False,3
Ngwaketse,Marutlwe,94,2022,-24.947090149531338,25.55456864747398,1,1,True,False,94
Ngwaketse,Tlhokwane,36,2022,-25.037552357641616,25.234192921815325,1,1,True,False,36
Ngwaketse,Polokwe,224,2022,-24.87828784567394,25.483148545595505,1,1,True,False,224
Ngwaketse,Ditsobotlana,56,2022,-24.957081367647277,25.070278751938357,1,1,True,False,56
Ngwaketse,Matlapa,1,2022,-25.267510049655783,25.331039730453544,1,1,True,False,1
Ngwaketse,Ngwanaoesi,7,2022,-25.175344655633392,25.273479544470042,1,1,True,False,7
Ngwaketse,Digopo,16,2022,-25.151432676349728,25.547076076173752,1,1,True,False,16
Ngwaketse,Monnamme,20,2022,-24.948016306226133,24.99265394296263,1,1,True,False,20
Ngwaketse,Marotse,12,2022,-25.036347336098547,25.01146407404279,1,1,True,False,12
Ngwaketse,Bathobantle,23,2022,-24.927313709401865,25.56553402869446,1,1,True,False,23
Ngwaketse,Gaaranato,21,2022,-25.034720521427413,24.932115320437376,1,1,True,False,21
Ngwaketse,Metsae,12,2022,-25.119647063069568,25.331606759406235,1,1,True,False,12
Ngwaketse,Matlhotshana,61,2022,-25.222083107012786,24.904277262440715,1,1,True,False,61
Ngwaketse,Monyenane,45,2022,-25.176771824926742,24.91650402927275,1,1,True,False,45
Ngwaketse,Mosiang,126,2022,-25.086041626172282,25.303669543762837,1,1,True,False,126
Ngwaketse,Ramakgarikgari,30,2022,-25.017052718821425,25.269593855694396,1,1,True,False,30
Ngwaketse,Sutlhe,3,2022,-24.839773969475917,25.285714579334872,1,1,True,False,3
Ngwaketse,Maitsibidiki,70,2022,-25.159785801966915,25.211748149460345,1,1,True,False,70
Ngwaketse,Mmamorolong,10,2022,-24.964567020945427,25.411753131459722,1,1,True,False,10
Ngwaketse,Mahatelo,6,2022,-25.199700108596385,25.59770674795273,1,1,True,False,6
Ngwaketse,Losunyana,46,2022,-24.942741285571664,25.064468324657007,1,1,True,False,46
Ngwaketse,Sehubidu,178,2022,-25.264353375263838,25.099941583494864,1,1,True,False,178
Ngwaketse,Mmankunyane,8,2022,-24.969221244365627,25.099651204505527,1,1,True,False,8
Ngwaketse,Madibamatswe,136,2022,-25.19481385795543,25.42731663192121,1,1,True,False,136
Ngwaketse,Molomoojang,102,2022,-25.186981206384505,25.118233941842917,1,1,True,False,102
Ngwaketse,Dibate,7,2022,-25.01364007974952,25.36290896435432,1,1,True,False,7
Ngwaketse,Galotlhwana,112,2022,-25.09765706629787,25.191082364097788,1,1,True,False,112
Ngwaketse,Molapo-wa-Basadi,41,2022,-25.053750453327588,25.31160099317257,1,1,True,False,41
Ngwaketse,Garamowana,13,2022,-25.12811566512173,25.47625320933226,1,1,True,False,13
Ngwaketse,Kgolomu,42,2022,-24.832983948966564,25.241823704496408,1,1,True,False,42
Ngwaketse,Rratlhong,146,2022,-25.136463872767706,25.212880342373822,1,1,True,False,146
Ngwaketse,Gakgolobo,15,2022,-25.021359829731207,25.05791332299285,1,1,True,False,15
Ngwaketse,Dikhudu/Ramarumoadira,37,2022,-24.878363930495624,25.243197646053847,1,1,True,False,37
Ngwaketse,Masasapa,38,2022,-24.965438859851762,25.054517490208895,1,1,True,False,38
Ngwaketse,Goomoloka,2,2022,-25.121756764839372,25.48708670623061,1,1,True,False,2
Ngwaketse,Mokaka,2,2022,-25.0166029206602,25.148638439065696,1,1,True,False,2
Ngwaketse,Matebele,36,2022,-25.231547019014073,24.95529577985029,1,1,True,False,36
Ngwaketse,Dithakatswana,36,2022,-25.019693658165036,25.03781135028873,1,1,True,False,36
Ngwaketse,Marapo-a-Tshukudu,5,2022,-25.07202674089374,25.25709928160963,1,1,True,False,5
Ngwaketse,Nkokotshane,6,2022,-24.922512409409695,25.54121187264495,1,1,True,False,6
Ngwaketse,Mogonono,44,2022,-24.88131842101987,25.082912836303674,1,1,True,False,44
Ngwaketse,Tlhojana-ya-Letsopa,6,2022,-25.178147982466328,25.055986732593812,1,1,True,False,6
Ngwaketse,Ramongalanyane,3,2022,-25.23221331803849,25.161809835925386,1,1,True,False,3
Ngwaketse,Leropo,16,2022,-25.09072245611139,25.579519916545845,1,1,True,False,16
Ngwaketse,Madutela,9,2022,-25.024975620898033,25.4883144437541,1,1,True,False,9
Ngwaketse,Pyetle,72,2022,-25.097020445528898,24.970599298347768,1,1,True,False,72
Ngwaketse,Matlhakola,22,2022,-24.981747953757452,25.31602868791433,1,1,True,False,22
Ngwaketse,Kgootla,22,2022,-25.038024459857585,25.448600739425643,1,1,True,False,22
Ngwaketse,Sobe,22,2022,-24.840694910759964,25.43084576131972,1,1,True,False,22
Ngwaketse,Seteemane,6,2022,-25.082098905147905,25.22305694295927,1,1,True,False,6
Ngwaketse,Setswatlhabe/Morope,30,2022,-25.231774558020376,25.40391693247906,1,1,True,False,30
Ngwaketse,Sephatlhaphatle,57,2022,-25.131299615739994,25.2935749367564,1,1,True,False,57
Ngwaketse,Moswedi,65,2022,-24.992126589027464,25.0091381339715,1,1,True,False,65
Ngwaketse,Tsopane,47,2022,-25.15232030015097,24.90092001395949,1,1,True,False,47
Ngwaketse,Gookodisa,169,2022,-25.146384795548656,25.134225110354105,1,1,True,False,169
Ngwaketse,Sesitajwe,35,2022,-25.114066625885652,24.905300623746598,1,1,True,False,35
Ngwaketse,Nkarang,1,2022,-24.9279115555166,25.15321556184661,1,1,True,False,1
Ngwaketse,Ledubeng,4,2022,-24.839089076280292,25.476151705086153,1,1,True,False,4
Ngwaketse,Ditshukutswane,7,2022,-25.109119751413385,25.4876255534222,1,1,True,False,7
Ngwaketse,Mmamitlwe,17,2022,-25.18003828221094,24.884560003353567,1,1,True,False,17
Ngwaketse,Rakokolo,3,2022,-25.07694979998515,24.910954847783067,1,1,True,False,3
Ngwaketse,Poultry Farm,3,2022,-25.108449863454805,25.35779548023718,1,1,True,False,3
Ngwaketse,Maphukuntsi,9,2022,-24.81624527262025,25.231358528615463,1,1,True,False,9
Ngwaketse,Naledi,260,2022,-25.057155568208884,24.97036888695226,1,1,True,False,260
Ngwaketse,Sekhutlo,91,2022,-24.95852388981474,25.458772221659206,1,1,True,False,91
Ngwaketse,Machana,361,2022,-24.851151685501456,25.020341073314132,1,1,True,False,361
Ngwaketse,Rapiitane,62,2022,-24.981518833695553,24.917366287702876,1,1,True,False,62
Ngwaketse,Kubukwane,288,2022,-25.155363576445396,25.417073401552013,1,1,True,False,288
Ngwaketse,Ditshweu,18,2022,-24.991432354469943,25.31184014981599,1,1,True,False,18
Ngwaketse,Dithobane,98,2022,-25.085539685758537,25.152790802620714,1,1,True,False,98
Ngwaketse,Nakalakukama/Madubane,33,2022,-25.07616550997979,25.374810046178773,1,1,True,False,33
Ngwaketse,Maitse,31,2022,-24.821144612577097,25.5375596083487,1,1,True,False,31
Ngwaketse,Motale,28,2022,-25.14198808978735,24.8846407783474,1,1,True,False,28
Ngwaketse,Chawe,30,2022,-25.054835602352266,25.326394242088817,1,1,True,False,30
Ngwaketse,Gathupa,23,2022,-25.196347995519798,25.021584937016513,1,1,True,False,23
Ngwaketse,Sebokwane,53,2022,-25.18779632483627,25.21210963989285,1,1,True,False,53
Ngwaketse,Gakakatle,9,2022,-24.99322979371267,25.174776905793856,1,1,True,False,9
Ngwaketse,Rantseane,5,2022,-24.92567993973953,25.1494688363016,1,1,True,False,5
Ngwaketse,Tlhogobane,7,2022,-24.978131390586803,25.00088442360449,1,1,True,False,7
Ngwaketse,Mmamonkge,64,2022,-25.118777394448163,25.45662880864454,1,1,True,False,64
Ngwaketse,Mehane,21,2022,-25.242248746563998,25.141683900335142,1,1,True,False,21
Ngwaketse,Ntlhantlhe Lands,18,2022,-25.0542272259657,25.519558582529022,1,1,True,False,18
Ngwaketse,Tlhogobane 2,15,2022,-25.03865706247717,25.12318575292435,1,1,True,False,15
Ngwaketse,Tlhadiboe,5,2022,-24.916689289566655,25.48421595585162,1,1,True,False,5
Ngwaketse,Ntlhantlhe Cattle Post,6,2022,-24.97637789869251,25.264456813279452,1,1,True,False,6
Ngwaketse,Poultry Farms,1,2022,-24.870624554697592,25.146227731686544,1,1,True,False,1
Ngwaketse,Tshwaane Lands,134,2022,-24.911043195297637,25.383225370066224,1,1,True,False,134
Ngwaketse,Mmakwenakgosi,18,2022,-25.10202227088205,25.444723130148695,1,1,True,False,18
Ngwaketse,Ramatekwane,6,2022,-24.980072041253592,25.218475857089473,1,1,True,False,6
Ngwaketse,Diphatana,147,2022,-24.92738741133144,25.17584820951572,1,1,True,False,147
Ngwaketse,Mmamaru,70,2022,-24.831421099127613,25.288984220284437,1,1,True,False,70
Ngwaketse,Mogogorwane,47,2022,-25.076164460004478,25.29474856137951,1,1,True,False,47
Ngwaketse,Mmakgopong,12,2022,-24.972718420744485,25.175891966382608,1,1,True,False,12
Ngwaketse,Sesana,57,2022,-25.089757795067268,25.42314390667106,1,1,True,False,57
Ngwaketse,Masiatilodi,30,2022,-24.931718087397247,25.156719867156458,1,1,True,False,30
Ngwaketse,Ditsetlho,25,2022,-24.851973510638377,25.196375085569326,1,1,True,False,25
Ngwaketse,Phitshane,37,2022,-24.84866182263451,25.309750276650398,1,1,True,False,37
Ngwaketse,Tlhojanankwe,2,2022,-25.197620652588814,25.59373233523174,1,1,True,False,2
Ngwaketse,Galemuno,8,2022,-25.17609669904052,25.05323266820835,1,1,True,False,8
Ngwaketse,Tloung,2,2022,-24.923887962225777,25.031845803888544,1,1,True,False,2
Ngwaketse,Selokolela Cattle Post,24,2022,-24.980626765543324,24.990859260872742,1,1,True,False,24
Ngwaketse,Motlhalojane,36,2022,-24.855126336782295,25.372367185926475,1,1,True,False,36
Ngwaketse,Betesankwe Lands,74,2022,-25.125866765461527,25.19346946780718,1,1,True,False,74
Ngwaketse,Dibatleng/Mosung,73,2022,-24.88126440724208,25.148446636863103,1,1,True,False,73
Ngwaketse,Tloane,36,2022,-24.956466915914515,25.011107159557607,1,1,True,False,36
Ngwaketse,Betesankwe Cattle Post,45,2022,-25.180052810181216,25.522492790483984,1,1,True,False,45
Ngwaketse,Dinenebu,28,2022,-25.211628276256704,25.18906188309583,1,1,True,False,28
Ngwaketse,Senyamadi,8,2022,-24.947791349795523,25.31151810868544,1,1,True,False,8
Ngwaketse,Localities with No Affiliation,13,2022,-25.196991544091965,24.94295635330343,1,1,True,False,13
Ngwaketse,Masiatlodi Ranch,2,2022,-24.905848151230884,24.939564204239556,1,1,True,False,2
Ngwaketse,Farm 1 JN,11,2022,-25.014470008166985,24.90933153451497,1,1,True,False,11
Barolong,Bakwenyana,52,2022,-25.4765754536193,24.48208755851394,1,1,True,False,52
Barolong,Malokaganyane Lands,13,2022,-25.31843648592123,25.044302825073228,1,1,True,False,13
Barolong,Dinatshana Lands,4,2022,-25.37918355558722,25.412559529216452,1,1,True,False,4
Barolong,Morokolwane,54,2022,-25.606449518104327,24.50506031634987,1,1,True,False,54
Barolong,Ngwatsau Lands,13,2022,-25.274344839706767,24.657471482992843,1,1,True,False,13
Barolong,Ramatlabana AI Camp,84,2022,-25.35515611106199,25.282539582942388,1,1,True,False,84
Barolong,Roads BDF Camp,4,2022,-25.345765193507887,25.542722911891108,1,1,True,False,4
Barolong,Goodhope Lands,17,2022,-25.593663242275937,24.912296387246982,1,1,True,False,17
Barolong,Phuting,1,2022,-25.472239739021276,24.434752825506695,1,1,True,False,1
Barolong,Malelalo,8,2022,-25.50222631601582,24.260833139471487,1,1,True,False,8
Barolong,Gakikana,13,2022,-25.292752974856548,24.54951857455376,1,1,True,False,13
Barolong,Matlakeng,70,2022,-25.399342007111848,24.418593160197286,1,1,True,False,70
Barolong,Tshipane,5,2022,-25.331938638683113,25.149054976351692,1,1,True,False,5
Barolong,Sekokwane,29,2022,-25.474866502065233,24.4052244964916,1,1,True,False,29
Barolong,Diretsane,16,2022,-25.556315585076987,24.91977548668179,1,1,True,False,16
Barolong,Tswanyaneng Lands,5,2022,-25.432980426041684,25.171274844662044,1,1,True,False,5
Barolong,Kgwaadira,44,2022,-25.617888380965862,25.01985823447361,1,1,True,False,44
Barolong,Mogobe-wa-Dikgomo,109,2022,-25.33010392043484,24.50953136740451,1,1,True,False,109
Barolong,Gamokoto,8,2022,-25.403938909349584,25.31829701829173,1,1,True,False,8
Barolong,Gatloung,12,2022,-25.356306007904816,25.199571583358438,1,1,True,False,12
Barolong,Matasalalo,161,2022,-25.508357187409807,25.231123170351946,1,1,True,False,161
Barolong,Metlojane Lands,15,2022,-25.27620019325466,24.417570118617313,1,1,True,False,15
Barolong,Logagane Lands,32,2022,-25.305429075756074,24.407795661458447,1,1,True,False,32
Barolong,Village Tswagare/Lothoje/Lokalana and Associated Loca,932,2022,-25.5936425,25.3141606,7,7,False,True,932
Barolong,Tswagare Lands,41,2022,-25.34865911465703,25.4834870909466,1,1,True,False,41
Barolong,Marojane Lands,72,2022,-25.568598390126493,24.77423923483887,1,1,True,False,72
Barolong,Phihitshwane Lands,101,2022,-25.466085127262755,24.644925480135,1,1,True,False,101
Barolong,Ditlharapa Lands,12,2022,-25.62542892375305,24.896027178603372,1,1,True,False,12
Barolong,Madingwana Lands,18,2022,-25.583800885205235,25.129256392681373,1,1,True,False,18
Barolong,Madingwana Lands 2,22,2022,-25.38457859673998,25.521039134380306,1,1,True,False,22
Barolong,Mogwalale Lands,27,2022,-25.361326728232147,24.62551765800132,1,1,True,False,27
Barolong,Gathwane Lands,12,2022,-25.27740145558157,25.479801406867814,1,1,True,False,12
Barolong,Tlakgama,32,2022,-25.519170802338216,24.27545104033122,1,1,True,False,32
Barolong,Gatuma,78,2022,-25.502353785178126,24.985172893757575,1,1,True,False,78
Barolong,Lenyaphiri,2,2022,-25.46501704831818,25.09059575538143,1,1,True,False,2
Barolong,Kgakabanna,7,2022,-25.57054530762374,24.38389945928762,1,1,True,False,7
Barolong,Gopong lands,501,2022,-25.59298208467024,24.429991483393604,1,1,True,False,501
Barolong,Mokakakgang,7,2022,-25.46270022783108,24.80305980402481,1,1,True,False,7
Barolong,Kwaadira,4,2022,-25.556439683830053,25.535236092802226,1,1,True,False,4
Barolong,Magoriapitse lands/ Magoriapitsan,2,2022,-25.389565171781488,25.039832774568026,1,1,True,False,2
Barolong,Morotwane,19,2022,-25.47722596007072,25.49079479514393,1,1,True,False,19
Barolong,Mmabelema,31,2022,-25.328202338036704,25.318613364792647,1,1,True,False,31
Barolong,Sehikile,15,2022,-25.378092016723308,24.867653156610157,1,1,True,False,15
Barolong,Gamojela,7,2022,-25.524241683426567,25.292387192617596,1,1,True,False,7
Barolong,Dihudi ga dintsi,19,2022,-25.328359977848926,24.266052951299717,1,1,True,False,19
Barolong,Dikgoring,24,2022,-25.33871951873286,24.38824418966377,1,1,True,False,24
Barolong,Kwatlapane,12,2022,-25.495941608697667,25.35216003786652,1,1,True,False,12
Barolong,Lejwana Lands,2,2022,-25.533298755297892,25.30851789073153,1,1,True,False,2
Barolong,Mokgere,2,2022,-25.384787121480837,24.553512844451387,1,1,True,False,2
Barolong,Mogojogojo Lands,27,2022,-25.3025879,25.4906905,7,7,False,True,27
Barolong,Maruswa,109,2022,-25.58927803749307,24.952481689232048,1,1,True,False,109
Barolong,Gaphatshwanyane,19,2022,-25.566612986828847,25.053179429941043,1,1,True,False,19
Barolong,Mmalore,170,2022,-25.639159095539107,25.40342858071807,1,1,True,False,170
Barolong,Kutlokgolo,2,2022,-25.345441141515387,25.04928693155845,1,1,True,False,2
Barolong,Moselebe 2,16,2022,-25.39143514820925,24.794304014579517,1,1,True,False,16
Barolong,Moselebe 1,73,2022,-25.37624572479882,24.742932176801357,1,1,True,False,73
Barolong,Galonakana 1,15,2022,-25.34777538079476,24.812116720914744,1,1,True,False,15
Barolong,Gamatlhaku,43,2022,-25.469025926503093,25.11462513146522,1,1,True,False,43
Barolong,Motlotswana,33,2022,-25.427646673377243,25.403096265508125,1,1,True,False,33
Barolong,Gatselana,1,2022,-25.58926126562445,24.849607325160434,1,1,True,False,1
Barolong,Seokangwane,27,2022,-25.598781160603632,24.573852560242713,1,1,True,False,27
Barolong,Tladingwane,20,2022,-25.39009681087732,24.55889475064497,1,1,True,False,20
Barolong,Lokabi,180,2022,-25.464436669122836,25.24053138843583,1,1,True,False,180
Barolong,Golokabana,61,2022,-25.428967296452765,25.334950431670702,1,1,True,False,61
Barolong,Mmathethe Lands,1,2022,-25.353702085494792,24.383070653418223,1,1,True,False,1
Barolong,Tauekaname,48,2022,-25.40278827441842,24.33125492440827,1,1,True,False,48
Barolong,Gatampa 1,184,2022,-25.433359228475886,25.037679689486424,1,1,True,False,184
Barolong,Gamokope/Phetaba,85,2022,-25.43123884042447,24.43779832082817,1,1,True,False,85
Barolong,Mmadikaloo,106,2022,-25.527412809702657,25.345784080228864,1,1,True,False,106
Barolong,Phirientsho,26,2022,-25.630321672016336,24.657486205036175,1,1,True,False,26
Barolong,Mathabaswane,18,2022,-25.477389679106757,24.4347186071951,1,1,True,False,18
Barolong,Sekolopelo,20,2022,-25.56108328906777,25.47466528801302,1,1,True,False,20
Barolong,Tsubue,16,2022,-25.48801043731794,24.463704669228427,1,1,True,False,16
Barolong,Gamagangwa,17,2022,-25.320393763875536,24.623207657148168,1,1,True,False,17
Barolong,Gatampa 2,26,2022,-25.55379091809206,24.447755050822007,1,1,True,False,26
Barolong,Galonakana 2,29,2022,-25.619966101105586,24.396736769269715,1,1,True,False,29
Barolong,Motsentshe Lands,365,2022,-25.5359151468512,24.270484184826127,1,1,True,False,365
Barolong,Machana lands,80,2022,-25.531314799104976,24.316315518546208,1,1,True,False,80
Barolong,Mmapulane,44,2022,-25.392540728996806,24.47589572598961,1,1,True,False,44
Barolong,Kgajane,9,2022,-25.43205832486592,24.31362099766479,1,1,True,False,9
Barolong,Mekwele,53,2022,-25.346581320060352,25.033277073903793,1,1,True,False,53
Barolong,Thipe,19,2022,-25.391637594470232,25.15314445048775,1,1,True,False,19
Barolong,Mmathethe Cattle Post,12,2022,-25.488817403054643,24.768956203442265,1,1,True,False,12
Barolong,Mateane Cattle Post,3,2022,-25.335232097608227,24.6677323595584,1,1,True,False,3
Barolong,Kwau,2,2022,-25.579022112047618,24.91736170501134,1,1,True,False,2
Barolong,Lokabi Cattle Post,31,2022,-25.633375704069138,25.413152238910868,1,1,True,False,31
Barolong,Selepane,5,2022,-25.60800539735198,25.38120394167343,1,1,True,False,5
Barolong,Serogwe,52,2022,-25.369767500397725,24.300363197413187,1,1,True,False,52
Barolong,Dithotana,49,2022,-25.467910130326494,24.48507197615368,1,1,True,False,49
Barolong,Dintsana,37,2022,-25.581170147998176,24.55900516654136,1,1,True,False,37
Barolong,Ramatlawela,16,2022,-25.45315285694998,24.575924177644428,1,1,True,False,16
Barolong,Galuke/Marapoanche,9,2022,-25.584545912124455,25.006631097566203,1,1,True,False,9
Barolong,Morwatubana,66,2022,-25.37957828332084,24.79924327736032,1,1,True,False,66
Barolong,Loherwana,72,2022,-25.473833361583146,24.308096981214263,1,1,True,False,72
Barolong,Mahubakgama,11,2022,-25.498374489579952,24.74216950549455,1,1,True,False,11
Barolong,Phakane,14,2022,-25.52833138563549,24.943091717350736,1,1,True,False,14
Barolong,Galepulane,17,2022,-25.40445953654282,24.378244712357578,1,1,True,False,17
Barolong,Mokgomane Lands,12,2022,-25.50561177728397,25.357553075397664,1,1,True,False,12
Barolong,Gatintana,59,2022,-25.608908876949517,24.31172060406386,1,1,True,False,59
Barolong,Kabe,123,2022,-25.597471562240347,25.47984615732034,1,1,True,False,123
Barolong,Letlapana,19,2022,-25.279515931234688,24.37482046792728,1,1,True,False,19
Barolong,Moretlhwane,36,2022,-25.299604327420024,25.37109127395103,1,1,True,False,36
Barolong,Leitlho la Tau,22,2022,-25.378302244072724,25.450152251289126,1,1,True,False,22
Barolong,Majwaneng,78,2022,-25.541760377011013,25.553086606300244,1,1,True,False,78
Barolong,Dikgatlhong,8,2022,-25.276773508777566,25.315488520094974,1,1,True,False,8
Barolong,Makhujang,5,2022,-25.348520685660098,25.285313362594444,1,1,True,False,5
Barolong,Phiring,3,2022,-25.37182813276,25.10198174671811,1,1,True,False,3
Barolong,Thuologwane,7,2022,-25.47262571875278,25.2846694185397,1,1,True,False,7
Barolong,Mogobe wa Dikgama,2,2022,-25.539359730018916,24.422246551043436,1,1,True,False,2
Barolong,Kgogwane,8,2022,-25.605615488016543,24.959572296630675,1,1,True,False,8
Barolong,Bogamelakgomo,6,2022,-25.30185678724699,24.93033815647223,1,1,True,False,6
Barolong,Musi Lands,39,2022,-25.470208799950523,25.389822918867004,1,1,True,False,39
Barolong,Tlapaneng,4,2022,-25.565687947956008,24.861521011409963,1,1,True,False,4
Barolong,Lokgalo,58,2022,-25.526656804848887,24.757526322529827,1,1,True,False,58
Barolong,Matshwiisa,4,2022,-25.423698705351057,25.098074070790165,1,1,True,False,4
Barolong,Tswaaneng Cattle Post,10,2022,-25.57532978825364,24.598775669402286,1,1,True,False,10
Barolong,Tswaaneng/Maruapula,84,2022,-25.319183866339664,24.429227097580256,1,1,True,False,84
Barolong,Gamajalela Lands,21,2022,-25.3561433211854,24.88169891682136,1,1,True,False,21
Barolong,Mabate,4,2022,-25.3708587836975,24.800082279296525,1,1,True,False,4
Barolong,Dikhukhung Lands,12,2022,-25.479132009124818,24.55341809492318,1,1,True,False,12
Barolong,Boepakwele,4,2022,-25.40557996616202,24.7340031073039,1,1,True,False,4
Barolong,Leporung lands,2,2022,-25.421860655958845,24.732505131232827,1,1,True,False,2
Barolong,Ngwabii,8,2022,-25.397088346392387,24.680451646606137,1,1,True,False,8
Barolong,Tsogwane,12,2022,-25.610116659791164,24.749998148446004,1,1,True,False,12
Barolong,Makhujwaneng,7,2022,-25.485267997661975,25.159874231853,1,1,True,False,7
Barolong,Sekwerenyane Cattle Post,5,2022,-25.626253902871536,24.6394758639597,1,1,True,False,5
Barolong,Sekwerenyane,7,2022,-25.455810597060786,25.511985478421316,1,1,True,False,7
Barolong,Marojane,11,2022,-25.51765020144574,25.46847932271083,1,1,True,False,11
Barolong,Mmakgori Lands,36,2022,-25.587480187788376,24.885758014299583,1,1,True,False,36
Barolong,Motlopi Syndicate,2,2022,-25.602973553642272,24.68161008406909,1,1,True,False,2
Barolong,Ponpong,8,2022,-25.42052439160689,24.958724859446473,1,1,True,False,8
Barolong,Gamelongwana,6,2022,-25.577658175465455,25.37776313417788,1,1,True,False,6
Barolong,Gamodisenyane,1,2022,-25.29337271763882,25.115503440393173,1,1,True,False,1
Barolong,Botsilwane,10,2022,-25.423004851211665,25.31865473300738,1,1,True,False,10
Barolong,Sehatlhane,2,2022,-25.511241823135997,24.955094856889044,1,1,True,False,2
Barolong,Mmalekalaka,3,2022,-25.419291997528074,25.08918058694399,1,1,True,False,3
Barolong,Kgaolo Mahudiso,2,2022,-25.633341117100528,24.62780523359038,1,1,True,False,2
Barolong,Dinareng / Setimeleng,26,2022,-25.280773769549384,25.22564863020961,1,1,True,False,26
Barolong,Shadi,10,2022,-25.460214087152714,24.51304952991834,1,1,True,False,10
Barolong,Marapalalo,1,2022,-25.34701950022323,25.171991732304452,1,1,True,False,1
Barolong,Kgalola,20,2022,-25.610762569739226,25.39403426815365,1,1,True,False,20
Barolong,Marojana,5,2022,-25.458573280715115,24.41896869729893,1,1,True,False,5
Barolong,Magageng,4,2022,-25.457047853616064,25.06437238712204,1,1,True,False,4
Barolong,Sekgwa sa Maburu,13,2022,-25.28858531307971,24.369444219398474,1,1,True,False,13
Barolong,Metlobo Lands,19,2022,-25.426521306522112,25.21336685952484,1,1,True,False,19
Barolong,Ntsolwane,39,2022,-25.46353497789557,24.355255458638045,1,1,True,False,39
Barolong,Bodumatau,3,2022,-25.54134377848988,25.494697916150354,1,1,True,False,3
Barolong,Swaolophuthi,72,2022,-25.517006754164257,24.42606820051758,1,1,True,False,72
Barolong,Marapoanamane,13,2022,-25.44575769690359,25.525397776926106,1,1,True,False,13
Barolong,Tshelwane,32,2022,-25.476563012366487,25.313960642456646,1,1,True,False,32
Barolong,Morenane,21,2022,-25.63379015182725,25.036673786703066,1,1,True,False,21
Barolong,Pudusetsa,38,2022,-25.330608512845522,25.289524229651757,1,1,True,False,38
Barolong,Mosepetse,4,2022,-25.304283817511617,25.30623986746524,1,1,True,False,4
Barolong,Metsimonate,3,2022,-25.58909092999073,25.508197094625853,1,1,True,False,3
Barolong,Tswasi,1,2022,-25.433187140090364,24.581271499591814,1,1,True,False,1
Barolong,Mosikemolelo,9,2022,-25.601024592285178,25.03184793643199,1,1,True,False,9
Barolong,Dikopanye,22,2022,-25.388651083425113,24.369381923296178,1,1,True,False,22
Barolong,Gamabua,4,2022,-25.53597170356163,25.06676243489738,1,1,True,False,4
Barolong,Mothoke,17,2022,-25.39348035565923,24.471412388663047,1,1,True,False,17
Barolong,Radibuana,48,2022,-25.36802105819129,24.998224201148716,1,1,True,False,48
Barolong,Tshutlhe,23,2022,-25.35232737852771,25.0082341283922,1,1,True,False,23
Barolong,Kangwe Lands,42,2022,-25.60133912056936,24.865784369081055,1,1,True,False,42
Barolong,Ralegodu,78,2022,-25.29680446907197,24.941591315158007,1,1,True,False,78
Barolong,Kanngwe Cattle Post,3,2022,-25.555194584008564,25.264498129212587,1,1,True,False,3
Barolong,Longaneng/ Dithotana,10,2022,-25.627836958971834,25.311766647159256,1,1,True,False,10
Barolong,Sekhutlane Lands,26,2022,-25.432879570549964,24.90080359567131,1,1,True,False,26
Barolong,Kobosi / Maswaswe,18,2022,-25.5021794983423,25.044584725963546,1,1,True,False,18
Barolong,Sekhutlane Cattlepost,13,2022,-25.329290629110773,25.48840337375863,1,1,True,False,13
Barolong,Dipineng,63,2022,-25.337405668115917,24.40241563667651,1,1,True,False,63
Barolong,Matheankwe,5,2022,-25.522443627934507,24.39889602734086,1,1,True,False,5
Barolong,Sekhutlane Cattle Post 2,10,2022,-25.28290623622139,24.3595589712265,1,1,True,False,10
Barolong,Letlhabula,12,2022,-25.532323013370434,25.12256393616249,1,1,True,False,12
Barolong,Localities with No Affiliation,242,2022,-25.44787338024798,24.80238262827462,1,1,True,False,242
Barolong,Dikgatlhong Research Station,7,2022,-25.545492264931575,25.278413214901907,1,1,True,False,7
Barolong,Ntlhantlhe Ranhces,14,2022,-25.289257055981942,25.140453740240332,1,1,True,False,14
Barolong,Morapedi Ranch,4,2022,-25.57991321874617,24.688671394618456,1,1,True,False,4
Barolong,Musi Ranch No 1,10,2022,-25.625011891199694,25.444415743440743,1,1,True,False,10
Barolong,Sedibeng Ranch,4,2022,-25.478000175411477,25.262636308092272,1,1,True,False,4
Barolong,Farm 7 - JO (BVI Ranch),17,2022,-25.26803268160399,24.604224490928456,1,1,True,False,17
Barolong,Goodhope Ranch,5,2022,-25.30597308136134,24.729560418439327,1,1,True,False,5
Barolong,Goosen Farm,14,2022,-25.359877710685147,24.662980102428495,1,1,True,False,14
Barolong,Molefi Ranch,5,2022,-25.306306440834227,24.453105685490865,1,1,True,False,5
Barolong,Dodi Farm 3,2,2022,-25.30530642922112,24.43995306382098,1,1,True,False,2
Barolong,Farm 5 - JO (Mosesedi Cluster),4,2022,-25.446441178982116,25.494949024970346,1,1,True,False,4
Barolong,Dibeela Group Farm,8,2022,-25.52289946335456,24.828205012452973,1,1,True,False,8
Barolong,Farm 4 - JO (P D K2),20,2022,-25.351059559916248,24.755158069593108,1,1,True,False,20
Barolong,JN 17,37,2022,-25.392636900892494,25.21867979183754,1,1,True,False,37
Barolong,Farm 2 - JO,10,2022,-25.501148856519066,24.982222098623236,1,1,True,False,10
Barolong,Musi Ranch 8,6,2022,-25.60634051007446,25.494965784406663,1,1,True,False,6
Barolong,Farm 1 - JO,4,2022,-25.360562837763194,25.286416012113786,1,1,True,False,4
Barolong,Farm 10 - JO (Sedibeng Corridor Cluster),6,2022,-25.543044964034195,24.88369596360272,1,1,True,False,6
Barolong,Farm 6 - J0 (Mosesedi Cluster),27,2022,-25.28896709883394,24.745843430869403,1,1,True,False,27
Barolong,Musi Ranch 9,22,2022,-25.551141793543383,25.56253575857416,1,1,True,False,22
Barolong,Itekeng Ranches,10,2022,-25.595681125531527,25.202720611510223,1,1,True,False,10
Barolong,Moshupa Ranches,6,2022,-25.328792185185485,25.51511259538752,1,1,True,False,6
Ngwaketse West,Gasekhukhu,31,2022,-24.826995711470257,25.213365346006373,1,1,True,False,31
Ngwaketse West,Basalagadi,10,2022,-24.787173373034154,25.500526687399425,1,1,True,False,10
Ngwaketse West,Khawa,2,2022,-24.873318261806112,25.067934288069715,1,1,True,False,2
Ngwaketse West,Kabana,12,2022,-24.833662382837385,25.350173771585677,1,1,True,False,12
Ngwaketse West,Palamaokuwe,4,2022,-24.96323997648222,25.49594957150791,1,1,True,False,4
Ngwaketse West,Marapalalo,4,2022,-24.8331300024645,25.087206584758196,1,1,True,False,4
Ngwaketse West,Lokatsane,17,2022,-24.920636510284297,25.622134003325513,1,1,True,False,17
Ngwaketse West,Motlopi,15,2022,-24.917160225388923,25.284963264139776,1,1,True,False,15
Ngwaketse West,Sekgwannabatho,7,2022,-24.963901768280856,25.16175913850391,1,1,True,False,7
Ngwaketse West,Ghia,8,2022,-24.702845077573446,25.199612780677906,1,1,True,False,8
Ngwaketse West,Ditlhako,16,2022,-24.614211868943237,25.2709461148883,1,1,True,False,16
Ngwaketse West,Sekgwasentsho,15,2022,-24.73108167207039,25.18257864452708,1,1,True,False,15
Ngwaketse West,Kenna,29,2022,-24.929303234170664,25.378896047406926,1,1,True,False,29
Ngwaketse West,Makalamabedi,21,2022,-24.59218944905412,25.455833071091632,1,1,True,False,21
Ngwaketse West,Bokspan,3,2022,-24.597496154495218,25.330384053627142,1,1,True,False,3
Ngwaketse West,Lwale,2,2022,-24.78892868147479,25.32636094023985,1,1,True,False,2
Ngwaketse West,Nankhwane,1,2022,-24.924901002249374,25.549380038173272,1,1,True,False,1
Ngwaketse West,Nyetse,3,2022,-24.69365408516254,25.247120921308476,1,1,True,False,3
Ngwaketse West,Matimela Camp,4,2022,-24.60282274002072,25.44944251598688,1,1,True,False,4
Ngwaketse West,Khuthane,12,2022,-24.6717846227656,25.619317807734355,1,1,True,False,12
Ngwaketse West,K 18,8,2022,-24.730079027318986,25.197128890944754,1,1,True,False,8
Ngwaketse West,Mathathane,16,2022,-24.735124128261152,25.44763901784814,1,1,True,False,16
Ngwaketse West,Madikane,11,2022,-24.59661589298416,25.65393403095981,1,1,True,False,11
Ngwaketse West,K18 Cattle Post,9,2022,-24.93801275806984,25.39097961385905,1,1,True,False,9
Ngwaketse West,Bothobelo,4,2022,-24.909171821800104,25.67212301143344,1,1,True,False,4
Ngwaketse West,Mmamotswai,7,2022,-24.652121887293713,25.25279867313593,1,1,True,False,7
Ngwaketse West,Makhaneng,39,2022,-24.91084822275991,25.41267277123522,1,1,True,False,39
Ngwaketse West,Dikabane,21,2022,-24.820977336144914,25.253421012784173,1,1,True,False,21
Ngwaketse West,Mabate,16,2022,-24.859387263703933,25.060176819115483,1,1,True,False,16
Ngwaketse West,Nokayakgokong,14,2022,-24.873745926482144,25.684957301257434,1,1,True,False,14
Ngwaketse West,Natsalamane,16,2022,-24.95589664485167,25.208790651502657,1,1,True,False,16
Ngwaketse West,Masitaoka/Mmatsalamme,11,2022,-24.751945205745574,25.66973620554068,1,1,True,False,11
Ngwaketse West,Kgaphetse,24,2022,-24.81420710647816,25.468472877789633,1,1,True,False,24
Ngwaketse West,Seokangwane,1,2022,-24.757477084148228,25.62624230051017,1,1,True,False,1
Ngwaketse West,Mathiba,14,2022,-24.850705572540775,25.66602669378029,1,1,True,False,14
Ngwaketse West,Nakatsakgama,10,2022,-24.61037187309264,25.414895818898316,1,1,True,False,10
Ngwaketse West,Mmaditaolana,13,2022,-24.742476060117813,25.686455913592763,1,1,True,False,13
Ngwaketse West,Kakwala/Boikhutso,20,2022,-24.602921279616538,25.540344254911265,1,1,True,False,20
Ngwaketse West,Tsengwa,3,2022,-24.833538453351032,25.387218878646312,1,1,True,False,3
Ngwaketse West,Chesu,10,2022,-24.96473811634756,25.46967419641864,1,1,True,False,10
Ngwaketse West,Tetesi,6,2022,-24.670816439559502,25.179998160743253,1,1,True,False,6
Ngwaketse West,Khunwane,13,2022,-24.65341706535489,25.06477544475315,1,1,True,False,13
Ngwaketse West,Seolo,14,2022,-24.943452151575165,25.219310223247543,1,1,True,False,14
Ngwaketse West,Kadoe,4,2022,-24.729638933455057,25.33135289749982,1,1,True,False,4
Ngwaketse West,Monnye,15,2022,-24.716188060444157,25.201240203249714,1,1,True,False,15
Ngwaketse West,Gwakge,8,2022,-24.910613988753347,25.381069941084498,1,1,True,False,8
Ngwaketse West,Seribamo,6,2022,-24.75712454076677,25.471561171960577,1,1,True,False,6
Ngwaketse West,Mosiadira,4,2022,-24.873838684739606,25.47020904184029,1,1,True,False,4
Ngwaketse West,Mantshane,9,2022,-24.959394476250278,25.619847799092398,1,1,True,False,9
Ngwaketse West,Khonkhwa Cattle Post,12,2022,-24.638500841201466,25.6654710436978,1,1,True,False,12
Ngwaketse West,Mamolejwane,12,2022,-24.780076561383176,25.61791771274086,1,1,True,False,12
Ngwaketse West,Mokgachodi,8,2022,-24.670652858642573,25.447811456536858,1,1,True,False,8
Ngwaketse West,Mosesane,1,2022,-24.69284144686538,25.187224969576757,1,1,True,False,1
Ngwaketse West,Seokopi,30,2022,-24.59065911832452,25.65109141029996,1,1,True,False,30
Ngwaketse West,Losabanyane/Kwau,3,2022,-24.80035429754681,25.16779231455442,1,1,True,False,3
Ngwaketse West,Oke,7,2022,-24.804279460159595,25.15305735525117,1,1,True,False,7
Ngwaketse West,Mashiantja,7,2022,-24.859290552951386,25.25752940421887,1,1,True,False,7
Ngwaketse West,Ngwankhubu,16,2022,-24.729722703733128,25.41852806023625,1,1,True,False,16
Ngwaketse West,Zerozero,45,2022,-24.78218300351548,25.48635616866426,1,1,True,False,45
Ngwaketse West,Kgame,18,2022,-24.69062731091575,25.066196595027066,1,1,True,False,18
Ngwaketse West,Lekopa/Pampiri,7,2022,-24.831083718967477,25.54706774072464,1,1,True,False,7
Ngwaketse West,Mboro,1,2022,-24.916231923785453,25.167892392700647,1,1,True,False,1
Ngwaketse West,Bosekelo,25,2022,-24.640189580077195,25.244271232449606,1,1,True,False,25
Ngwaketse West,Thari,29,2022,-24.653164983951772,25.260369998221016,1,1,True,False,29
Ngwaketse West,Sotoma,2,2022,-24.83316331139786,25.266884033459515,1,1,True,False,2
Ngwaketse West,Lehiwa,22,2022,-24.70511987065181,25.535966272680543,1,1,True,False,22
Ngwaketse West,Matshaolane/Modipane,14,2022,-24.7798095202099,25.083584306285076,1,1,True,False,14
Ngwaketse West,Ditshwane,13,2022,-24.67847353025469,25.18141076241891,1,1,True,False,13
Ngwaketse West,Makhwekhwene,43,2022,-24.818398034920243,25.071872600379432,1,1,True,False,43
Ngwaketse West,Selalong 1,7,2022,-24.763495674980653,25.547242037973838,1,1,True,False,7
Ngwaketse West,Lokhasi,23,2022,-24.943786943246497,25.67641441103205,1,1,True,False,23
Ngwaketse West,Bohelabatho,1,2022,-24.89960531556715,25.472569168312727,1,1,True,False,1
Ngwaketse West,Seatlhodi,14,2022,-24.670627764405516,25.42892459863192,1,1,True,False,14
Ngwaketse West,Majwana,16,2022,-24.821630475397495,25.62884093177325,1,1,True,False,16
Ngwaketse West,Malote,3,2022,-24.95235609154054,25.218156126073193,1,1,True,False,3
Ngwaketse West,Ratlhadia,41,2022,-24.90234981194774,25.09963029501844,1,1,True,False,41
Ngwaketse West,Khesekwa 1,1,2022,-24.81029865372952,25.37851319588539,1,1,True,False,1
Ngwaketse West,Khesekwa 2,2,2022,-24.694720462286647,25.221548388740143,1,1,True,False,2
Ngwaketse West,Tlhareseleele,1,2022,-24.82845255099538,25.341483532290727,1,1,True,False,1
Ngwaketse West,Champane,15,2022,-24.684430001529275,25.34476482164405,1,1,True,False,15
Ngwaketse West,Tsanayana,26,2022,-24.641840295322996,25.258323276955892,1,1,True,False,26
Ngwaketse West,Molehele,14,2022,-24.83688501500113,25.363644732794402,1,1,True,False,14
Ngwaketse West,Thotayamonnaalela,12,2022,-24.66360589035635,25.296882064312346,1,1,True,False,12
Ngwaketse West,Dikabana,4,2022,-24.917727640892554,25.128931067680487,1,1,True,False,4
Ngwaketse West,Matlopi Lands,9,2022,-24.808908050887013,25.602845525525243,1,1,True,False,9
Ngwaketse West,Masuputso Lands,2,2022,-24.92878995175982,25.4988073269183,1,1,True,False,2
Ngwaketse West,Motlhaba,3,2022,-24.945782244323933,25.08381351001828,1,1,True,False,3
Ngwaketse West,Botshabelo,1,2022,-24.941254658981947,25.1306458936477,1,1,True,False,1
Ngwaketse West,Matlamma,5,2022,-24.926077174645613,25.11852745735737,1,1,True,False,5
Ngwaketse West,Kangane,6,2022,-24.650267566028372,25.096663083281715,1,1,True,False,6
Ngwaketse West,Thebeiyoo,1,2022,-24.760462835064786,25.09497360932985,1,1,True,False,1
Ngwaketse West,Modimonthusa,7,2022,-24.608135383764356,25.15663212029828,1,1,True,False,7
Ngwaketse West,Kolonkwaneng / Tsebeyatlou,1,2022,-24.762604802309365,25.59098845851652,1,1,True,False,1
Ngwaketse West,Hatokwe Lands,3,2022,-24.728377897515312,25.578641035448968,1,1,True,False,3
Ngwaketse West,Molatswana,3,2022,-24.89599288075039,25.550289901412754,1,1,True,False,3
Ngwaketse West,Mogobewamokala,3,2022,-24.761631050456533,25.444372827789532,1,1,True,False,3
Ngwaketse West,Kanaku Lands,57,2022,-24.820220412890627,25.51277942818337,1,1,True,False,57
Ngwaketse West,Dikantsi,45,2022,-24.61415467957428,25.522203847150916,1,1,True,False,45
Ngwaketse West,Thothome,2,2022,-24.613216714703647,25.617048604603905,1,1,True,False,2
Ngwaketse West,Makgakge,38,2022,-24.89070490052788,25.518344085151327,1,1,True,False,38
Ngwaketse West,Mhakue,4,2022,-24.731615462680505,25.52093245039528,1,1,True,False,4
Ngwaketse West,Bathubapeudi,15,2022,-24.724806782374596,25.563453890376312,1,1,True,False,15
Ngwaketse West,Marang/Khudu,22,2022,-24.75334738888906,25.407680609665565,1,1,True,False,22
Ngwaketse West,Boalatsobe /Moruele Lands,43,2022,-24.918690163238686,25.191793059524272,1,1,True,False,43
Ngwaketse West,Meswane,12,2022,-24.718830247925606,25.110999324405157,1,1,True,False,12
Ngwaketse West,Thotshane,4,2022,-24.664092738462973,25.321337619290862,1,1,True,False,4
Ngwaketse West,Marang,8,2022,-24.835342003358605,25.115491050584257,1,1,True,False,8
Ngwaketse West,Maruele,8,2022,-24.771452380925837,25.164298406689742,1,1,True,False,8
Ngwaketse West,Madiaela,9,2022,-24.921709371939382,25.072828885476362,1,1,True,False,9
Ngwaketse West,Tsotzwe,29,2022,-24.61443639675914,25.24661131827925,1,1,True,False,29
Ngwaketse West,Tapaleikadile,2,2022,-24.924271396316726,25.66778427070026,1,1,True,False,2
Ngwaketse West,Khudutlou,9,2022,-24.88697756686615,25.296114531426653,1,1,True,False,9
Ngwaketse West,Lomao,3,2022,-24.852980698468084,25.209314161396193,1,1,True,False,3
Ngwaketse West,Dikgate,30,2022,-24.65401647853232,25.311531872618247,1,1,True,False,30
Ngwaketse West,Makajane,3,2022,-24.701231909387893,25.247323277568203,1,1,True,False,3
Ngwaketse West,Nakalatlou,5,2022,-24.962955326281545,25.48157983277923,1,1,True,False,5
Ngwaketse West,Matsaolwane,11,2022,-24.896340924148905,25.456798313017963,1,1,True,False,11
Ngwaketse West,Maditirana,18,2022,-24.68255645736967,25.075031548520982,1,1,True,False,18
Ngwaketse West,Mosheshene,55,2022,-24.813227977524555,25.379364136249176,1,1,True,False,55
Ngwaketse West,Lesari,30,2022,-24.95571116235652,25.080600798006568,1,1,True,False,30
Ngwaketse West,Lerumo,9,2022,-24.601898811306047,25.483772150280494,1,1,True,False,9
Ngwaketse West,Gakhaiwa,3,2022,-24.908539099755092,25.64628550799839,1,1,True,False,3
Ngwaketse West,Ranyane,1,2022,-24.772993748310814,25.628477267998345,1,1,True,False,1
Ngwaketse West,Mmataloke,3,2022,-24.871907866668845,25.18719224462812,1,1,True,False,3
Ngwaketse West,Tladitapane,9,2022,-24.68734155103121,25.524822180628984,1,1,True,False,9
Ngwaketse West,Mokgethwe,4,2022,-24.672529261759678,25.55652739938196,1,1,True,False,4
Ngwaketse West,Machaanyane,32,2022,-24.815723591782795,25.601362677229577,1,1,True,False,32
Ngwaketse West,Mosadimogolo,16,2022,-24.717157105730323,25.22107675938342,1,1,True,False,16
Ngwaketse West,Sekgakgarua,27,2022,-24.622592173226092,25.341328361165445,1,1,True,False,27
Ngwaketse West,Dira,4,2022,-24.658159853028607,25.197122643031356,1,1,True,False,4
Ngwaketse West,Serotswana,9,2022,-24.809053622973657,25.073124078407883,1,1,True,False,9
Ngwaketse West,Molemane,15,2022,-24.79902513829583,25.47223304855302,1,1,True,False,15
Ngwaketse West,Tshaane,2,2022,-24.630966863400673,25.329147500494624,1,1,True,False,2
Ngwaketse West,Nhane,28,2022,-24.952632523688735,25.213856871900937,1,1,True,False,28
Ngwaketse West,Khwekhwe,8,2022,-24.956994783157693,25.590507127309365,1,1,True,False,8
Ngwaketse West,Ukwi Cattle Post,7,2022,-24.88795171331137,25.369527934586603,1,1,True,False,7
Ngwaketse West,Matlhono,39,2022,-24.65332545627062,25.683290683323403,1,1,True,False,39
Ngwaketse West,Lokaleng,28,2022,-24.907791906474653,25.556710921873147,1,1,True,False,28
Ngwaketse West,Masime,5,2022,-24.857960990761857,25.604408432928345,1,1,True,False,5
Ngwaketse West,Mhogole,11,2022,-24.72824305997369,25.544118598030963,1,1,True,False,11
Ngwaketse West,Mokoka,19,2022,-24.896083871393262,25.124444847558937,1,1,True,False,19
Ngwaketse West,Madige,17,2022,-24.85123074835466,25.098729015959037,1,1,True,False,17
Ngwaketse West,Mhunotwane,5,2022,-24.789427423627334,25.633250513165247,1,1,True,False,5
Ngwaketse West,Molatelele,12,2022,-24.87953226126725,25.144738050205685,1,1,True,False,12
Ngwaketse West,Tsele,15,2022,-24.591146453588816,25.303845698257785,1,1,True,False,15
Ngwaketse West,Ukhwi Cattle Post 2,37,2022,-24.903930875636373,25.44135736299851,1,1,True,False,37
Ngwaketse West,Monganyane,4,2022,-24.6449054314457,25.191082225198574,1,1,True,False,4
Ngwaketse West,Nhane 2,2,2022,-24.788224871778567,25.199499938903976,1,1,True,False,2
Ngwaketse West,Gadikao,8,2022,-24.916881311415338,25.351016150928924,1,1,True,False,8
Ngwaketse West,Molebalo,28,2022,-24.92089504015173,25.2847731642511,1,1,True,False,28
Ngwaketse West,Tale,10,2022,-24.776831292723003,25.483276898330057,1,1,True,False,10
Ngwaketse West,Ditshotlho,5,2022,-24.83221247594158,25.10504681265772,1,1,True,False,5
Ngwaketse West,Mokhomma Cattle Post,5,2022,-24.877082329703285,25.36517531647169,1,1,True,False,5
Ngwaketse West,Mmananogane,2,2022,-24.603777002642897,25.16741472737853,1,1,True,False,2
Ngwaketse West,Bodumatau,193,2022,-24.790760483023767,25.43935396635978,1,1,True,False,193
Ngwaketse West,Kaduwe,351,2022,-24.61514489813056,25.130914312418405,1,1,True,False,351
Ngwaketse West,Dinonyane,25,2022,-24.903721951360676,25.182111289256095,1,1,True,False,25
Ngwaketse West,Serotasapoo,12,2022,-24.896376950444907,25.56333303907967,1,1,True,False,12
Ngwaketse West,Honye,24,2022,-24.740710023708978,25.205713825339785,1,1,True,False,24
Ngwaketse West,Sekwele,9,2022,-24.863773062279108,25.521313529817622,1,1,True,False,9
Ngwaketse West,Mosadihela,9,2022,-24.89582161819647,25.22954310231633,1,1,True,False,9
Ngwaketse West,Mosetlha Stop,8,2022,-24.929875499746622,25.205626115621097,1,1,True,False,8
Ngwaketse West,Lopapa,31,2022,-24.93682370322104,25.245950117333138,1,1,True,False,31
Ngwaketse West,Mokunukwane,6,2022,-24.681418011152576,25.61177860298884,1,1,True,False,6
Ngwaketse West,Lotlharapa,13,2022,-24.859136765938036,25.307580532578847,1,1,True,False,13
Ngwaketse West,Lekwadibane,32,2022,-24.596426841912272,25.2111175463174,1,1,True,False,32
Ngwaketse West,Lophalaphala,1,2022,-24.896507102421833,25.395283340734302,1,1,True,False,1
Ngwaketse West,Mokopi,6,2022,-24.8318628989063,25.300333947427436,1,1,True,False,6
Ngwaketse West,Moleleme,11,2022,-24.824142229514166,25.55472368280266,1,1,True,False,11
Ngwaketse West,Malokokwane,19,2022,-24.776885348550127,25.68064209014265,1,1,True,False,19
Ngwaketse West,Khikhi,1,2022,-24.637095415188412,25.38895432844159,1,1,True,False,1
Ngwaketse West,Botlhatsametsi,7,2022,-24.650628173916733,25.341903127830882,1,1,True,False,7
Ngwaketse West,Mmutle,5,2022,-24.961845297151136,25.27354277488455,1,1,True,False,5
Ngwaketse West,Lodingwane /Dikwakwane,10,2022,-24.811182696645442,25.66988507491625,1,1,True,False,10
Ngwaketse West,Kue,37,2022,-24.65320656851723,25.361732323351056,1,1,True,False,37
Ngwaketse West,Ngampopela,3,2022,-24.965527363546443,25.16976456149011,1,1,True,False,3
Ngwaketse West,Lenong,18,2022,-24.764250183889757,25.66729259189675,1,1,True,False,18
Ngwaketse West,Dinoge / Mmahumalebe,11,2022,-24.8676971775098,25.662052211413908,1,1,True,False,11
Ngwaketse West,Matlhatswane,2,2022,-24.80985699653707,25.331827141608926,1,1,True,False,2
Ngwaketse West,Ditawana,3,2022,-24.80701347125113,25.27678154322728,1,1,True,False,3
Ngwaketse West,Mabeleng,1,2022,-24.81778599793735,25.485705231727174,1,1,True,False,1
Ngwaketse West,Bonyamabogo Farm,3,2022,-24.629053163787493,25.57907544052756,1,1,True,False,3
Ngwaketse West,Kgomo,3,2022,-24.763184623990835,25.37132098716547,1,1,True,False,3
Ngwaketse West,lefoko cattlepost,22,2022,-24.624602093658673,25.26585717853004,1,1,True,False,22
Ngwaketse West,Dikukube,26,2022,-24.691389008354324,25.247358170758794,1,1,True,False,26
Ngwaketse West,Lebutse,68,2022,-24.83311807706023,25.263207198857152,1,1,True,False,68
Ngwaketse West,Matunte,13,2022,-24.77937153880531,25.132058529144253,1,1,True,False,13
Ngwaketse West,Oki,4,2022,-24.818501356081455,25.54744387382539,1,1,True,False,4
Ngwaketse West,Tsonyane Cattle Post,8,2022,-24.652966010498012,25.123838021699196,1,1,True,False,8
Ngwaketse West,Moitshinyi,28,2022,-24.89481796878274,25.308302934188347,1,1,True,False,28
Ngwaketse West,Ditumalano,4,2022,-24.612276790481637,25.58286038971422,1,1,True,False,4
Ngwaketse West,Dithutlwa,52,2022,-24.746597390677856,25.311944636481815,1,1,True,False,52
Ngwaketse West,Taka,30,2022,-24.734774712324672,25.243187755677415,1,1,True,False,30
Ngwaketse West,Localities with No Affiliation,275,2022,-24.770603529259727,25.65411132057218,1,1,True,False,275
Ngwaketse West,Selebatso Farm,14,2022,-24.756380498274368,25.1374102307466,1,1,True,False,14
Ngwaketse West,Kgomoyatheko farm,2,2022,-24.713676047226173,25.61424475231771,1,1,True,False,2
Ngwaketse West,Kgasa's farm,6,2022,-24.718445407615857,25.096872635967287,1,1,True,False,6
Ngwaketse West,Gerhard Meyer,8,2022,-24.884800448721762,25.31787025715465,1,1,True,False,8
Ngwaketse West,Farm K 20 (Mohutsiwa's Farm),8,2022,-24.745836843379696,25.455071780349726,1,1,True,False,8
Ngwaketse West,Sebonego /Marigane K N 94,8,2022,-24.83179506065232,25.2905225764089,1,1,True,False,8
Ngwaketse West,Gasennelwe's Farm,6,2022,-24.72523899907507,25.394004932777616,1,1,True,False,6
Ngwaketse West,Farm KN 55 (Charles Farm),6,2022,-24.75889415184247,25.186116695970018,1,1,True,False,6
Ngwaketse West,Masisi Farm,19,2022,-24.89780552677147,25.415653732997356,1,1,True,False,19
Ngwaketse West,Farm KN 60 (Bodumatau/Sebonego Marigane),20,2022,-24.688373667702006,25.142450135890844,1,1,True,False,20
Ngwaketse West,Farm KN 56 (Makepe's farm),2,2022,-24.793162600023933,25.55843291671292,1,1,True,False,2
Ngwaketse West,Farm KN 57 (Gare's Farm),6,2022,-24.7575331763745,25.424932103051372,1,1,True,False,6
Ngwaketse West,Gofamodimo's Farm,11,2022,-24.7118017394923,25.360882696983474,1,1,True,False,11
Ngwaketse West,Farm KN 22(Tubane's/Thebe Farm,3,2022,-24.719261728009133,25.092213137221393,1,1,True,False,3
Ngwaketse West,Radius Ranch,2,2022,-24.683017675461265,25.372102099716468,1,1,True,False,2
Ngwaketse West,Ranch KN 51 (Tema Ranch),37,2022,-24.887590851251836,25.41221722064431,1,1,True,False,37
Ngwaketse West,Farm K 21 (Machana Syndicate),2,2022,-24.92394940046869,25.224892920440585,1,1,True,False,2
Ngwaketse West,Kgakai,5,2022,-24.713108501243028,25.48391493744718,1,1,True,False,5
Ngwaketse West,Farm KN 61 (Masepamagolo),8,2022,-24.876560631893998,25.106108846692848,1,1,True,False,8
Ngwaketse West,Gaileys Farm,5,2022,-24.922359520208516,25.18906419868379,1,1,True,False,5
Ngwaketse West,Phokojana Farm,3,2022,-24.91608373168814,25.521617358275687,1,1,True,False,3
Ngwaketse West,Farm KN 64 (Tshinka/Gares's Farm),7,2022,-24.847576882850483,25.150413097927313,1,1,True,False,7
Ngwaketse West,Farm KN 23 (Masire's Farm),29,2022,-24.591382894604155,25.212242044364537,1,1,True,False,29
Ngwaketse West,Sebonego,4,2022,-24.906264848055084,25.467103653026452,1,1,True,False,4
Ngwaketse West,Farm K 15 (Mokalana/Ishmael Sons),8,2022,-24.85295878138667,25.516142409456872,1,1,True,False,8
Ngwaketse West,Viking Ranch,4,2022,-24.618192431280136,25.09021506117827,1,1,True,False,4
Ngwaketse West,Boloto Farm,2,2022,-24.60212852823184,25.137438942125954,1,1,True,False,2
Ngwaketse West,Taung Ranch,7,2022,-24.87925528065703,25.338362355490315,1,1,True,False,7
Ngwaketse West,Dinake Farm,1,2022,-24.633391349254243,25.430594574849824,1,1,True,False,1
Ngwaketse West,Farm KN 12,5,2022,-24.913185759008467,25.34318108553133,1,1,True,False,5
Ngwaketse West,Farm KN 14 (Bonyamabogo),7,2022,-24.678260604360915,25.46472337631995,1,1,True,False,7
Ngwaketse West,Farm KN 52 (Willy Katuruma),16,2022,-24.960693786840856,25.533215411535885,1,1,True,False,16
Ngwaketse West,Lekopa Pampiri Farm,4,2022,-24.81217709473406,25.65492256583914,1,1,True,False,4
South East,Otse Lands,4,2022,-25.296035469807965,25.751427426268894,1,2,True,False,4
South East,Manyelanong,30,2022,-25.198044145514523,25.66620552401683,1,2,True,False,30
South East,Rakurung,17,2022,-24.697422547060366,25.99965240254272,1,2,True,False,17
South East,Sekutswane,137,2022,-25.14591082474459,26.01630640906048,1,2,True,False,137
South East,Maladiepe 1,37,2022,-24.78206392027001,26.06109280620895,1,2,True,False,37
South East,Ratauyagae,67,2022,-25.273159141730776,26.05303370856269,1,2,True,False,67
South East,Maruswana,16,2022,-24.994545559439366,25.91608276699511,1,2,True,False,16
South East,Maokamatshwane,104,2022,-25.118850846029382,26.025534115332256,1,2,True,False,104
South East,Mmamenwe,38,2022,-24.969852467855365,25.838002234026167,1,2,True,False,38
South East,Maleladiepe,6,2022,-24.904617443535134,25.980596693874734,1,2,True,False,6
South East,Tauyadira,3,2022,-24.490595990900182,26.05119436868891,1,2,True,False,3
South East,Disana,5,2022,-24.580129015631872,25.984354749259705,1,2,True,False,5
South East,Magotane,28,2022,-24.780780504411787,25.824452832437824,1,2,True,False,28
South East,Potsane,84,2022,-25.313930291393802,25.808481635117126,1,2,True,False,84
South East,Matlapekwe,0,2022,-24.561312204325308,25.772251136963874,1,2,True,False,0
South East,Lephaleng,16,2022,-24.587317013934356,25.803987003631825,1,2,True,False,16
South East,Lesetlhane,64,2022,-24.593102285100347,25.99456546885495,1,2,True,False,64
South East,Ditsotswane 1,53,2022,-24.994040822785717,25.944526375484717,1,2,True,False,53
South East,Gamarete,29,2022,-25.297247826420428,25.75474297798128,1,2,True,False,29
South East,Seoposengwe,13,2022,-24.723212667045242,25.948743272478943,1,2,True,False,13
South East,Bojankwe,24,2022,-25.083044661934945,25.809169218507588,1,2,True,False,24
South East,Dikgatlhong,32,2022,-25.126264004638752,25.88412806731449,1,2,True,False,32
South East,Seribe,43,2022,-25.080815211312604,25.805376168388044,1,2,True,False,43
South East,Lareng,40,2022,-24.91531217840136,25.868939738075156,1,2,True,False,40
South East,Tsokwane,42,2022,-25.13713057294232,25.956420301423055,1,2,True,False,42
South East,Sepitswane,23,2022,-24.786627954955122,25.9569778399183,1,2,True,False,23
South East,Selokwane,7,2022,-24.828126328523485,25.96624465575196,1,2,True,False,7
South East,Dithojwane,6,2022,-24.96468908015716,25.81406205991246,1,2,True,False,6
South East,Sengoma,27,2022,-25.412049133245365,25.93990182848915,1,2,True,False,27
South East,Lefafu,7,2022,-24.544087972107434,25.750050072748113,1,2,True,False,7
South East,Boatle,77,2022,-25.060247113757818,25.850365312827776,1,2,True,False,77
South East,Ditsotswane 2,2,2022,-25.023115154985934,25.89477427032749,1,2,True,False,2
South East,Sentlhane,163,2022,-25.016644737899483,25.93821535011076,1,2,True,False,163
South East,Mmokolodi Farm,478,2022,-25.106142984526294,26.032982339626912,1,2,True,False,478
South East,Forest Hill,13,2022,-24.80170686847854,25.777809009827205,1,2,True,False,13
South East,Metsimaswaane,345,2022,-25.45144166987743,26.004948964053508,1,2,True,False,345
South East,Malenale,99,2022,-24.60607898055607,25.780479811049123,1,2,True,False,99
South East,Kika,25,2022,-25.3643855454767,25.881664239432958,1,2,True,False,25
South East,Mmamaireng,197,2022,-24.481962585645515,25.99772691458378,1,2,True,False,197
South East,Lekgwapheng,30,2022,-24.84744239450141,25.953623989173664,1,2,True,False,30
South East,Taung,11,2022,-25.3999790375347,26.012338132343313,1,2,True,False,11
South East,Phataneng,35,2022,-24.91200139878079,25.992172078887577,1,2,True,False,35
South East,Kgosiane,53,2022,-25.139305014115276,25.765865580840963,1,2,True,False,53
South East,Kgabanalantorogo,1,2022,-24.52786054830295,26.066995798743438,1,2,True,False,1
South East,Diphaleng,7,2022,-24.722162551289262,26.04348904017108,1,2,True,False,7
South East,Sefoke,79,2022,-24.966506438147032,25.830507990559102,1,2,True,False,79
South East,Mabutswe,161,2022,-25.042465276009175,25.669575696340306,1,2,True,False,161
South East,Mmamogofu,50,2022,-24.48574375567701,25.777274496484246,1,2,True,False,50
South East,Terateng,46,2022,-24.80879145641351,26.001110869474942,1,2,True,False,46
South East,Letlapeng,6,2022,-24.95970582270482,26.049318423774736,1,2,True,False,6
South East,Maratadiba,98,2022,-25.073771653611246,25.999228010322767,1,2,True,False,98
South East,Radipotsanyane,17,2022,-25.145918638015793,25.81645922008864,1,2,True,False,17
South East,Mabowana,61,2022,-24.771385678501133,25.673495163653687,1,2,True,False,61
South East,Ramokwebetwane,128,2022,-24.886974166136696,25.867239285789594,1,2,True,False,128
South East,Mathothwana,87,2022,-24.630983320090017,25.807903092552035,1,2,True,False,87
South East,Kala Farms,1,2022,-24.920730813788744,25.701413317346685,1,2,True,False,1
South East,Majweadikgokong,4,2022,-24.89243635903765,25.69421943419305,1,2,True,False,4
South East,Mosonngwa,23,2022,-24.995673709859464,25.71404723050815,1,2,True,False,23
South East,Lemmonyane,39,2022,-24.715130955611944,25.736229664795406,1,2,True,False,39
South East,Magwading,17,2022,-25.057005774400263,25.966498401448423,1,2,True,False,17
South East,Keinmoe's Farm,0,2022,-24.627290699607574,25.8101391042981,1,2,True,False,0
South East,Ruretse,358,2022,-25.143497483731835,25.83335019963753,1,2,True,False,358
South East,Derek Brink's Farm,17,2022,-24.78396828338673,25.90119299325595,1,2,True,False,17
South East,Egypt,71,2022,-24.586938555222243,26.053211010820824,1,2,True,False,71
South East,Tlokweng Gate,334,2022,-24.708784846895774,25.96762571901224,1,2,True,False,334
South East,Localities with No Affiliation,"2,327",2022,-25.128191707458974,25.921082874593456,1,2,True,False,2327
South East,Hildavale Farm 1 / Sebego's Farm/,7,2022,-24.770481320226068,25.96231534600961,1,2,True,False,7
South East,Glaisdale's Farm / ITJ,6,2022,-25.26157019804145,25.9520031382721,1,2,True,False,6
South East,Crowsley Park,9,2022,-25.40792666894328,25.93979837619984,1,2,True,False,9
South East,Thabantle Farm,2,2022,-24.68684621090975,25.858340674606065,1,2,True,False,2
South East,Mokoni,1,2022,-24.670494051643647,25.88794144794598,1,2,True,False,1
South East,Thornton Park Farm,1,2022,-25.442577613985335,25.84366817447144,1,2,True,False,1
South East,De Rust's Farm,21,2022,-24.5330218891996,25.81570922433857,1,2,True,False,21
South East,Nienabersrust Farm,4,2022,-25.026609707029763,25.763521054489914,1,2,True,False,4
South East,Kerekang's Farm,1,2022,-24.57484091714896,25.79900717792689,1,2,True,False,1
South East,Doornlaagte Farm,9,2022,-24.690000339103566,25.829816715493184,1,2,True,False,9
South East,Lobatse Estates H.Q.,10,2022,-24.579383089383576,25.893207869218415,1,2,True,False,10
South East,Odendaalsrust Farm,37,2022,-24.645547400362283,25.85979801247233,1,2,True,False,37
South East,Lobatse Estates Farm,31,2022,-24.507255201770576,25.69510006520907,1,2,True,False,31
South East,New Pass,17,2022,-24.84644087849733,25.792603109311838,1,2,True,False,17
South East,Sunnyside Farm,54,2022,-25.241631741383912,25.807823652730054,1,2,True,False,54
South East,Pumula Farm 1,147,2022,-25.082013918206904,25.946806377541577,1,2,True,False,147
South East,Hildavale,98,2022,-24.72569485670406,25.78962724193244,1,2,True,False,98
South East,Mount Olive Farm,4,2022,-25.310757876699686,25.653080248515685,1,2,True,False,4
South East,Morokwe's Farm,17,2022,-24.550677414169414,25.68517752621211,1,2,True,False,17
South East,Knock Duff's Farm,21,2022,-25.263247862949456,25.858589154188373,1,2,True,False,21
South East,Mogwe's Farm,3,2022,-24.603653395686738,25.728947900273862,1,2,True,False,3
South East,Morokwe II,4,2022,-24.98941165389638,25.857590692024637,1,2,True,False,4
South East,Maradu,11,2022,-24.6384227963245,25.891033600895632,1,2,True,False,11
South East,Maruping,1,2022,-24.522695012906873,26.041992809483013,1,2,True,False,1
South East,No Name,2,2022,-25.04996893255103,25.92522938486933,1,2,True,False,2
South East,Waugh,1,2022,-24.78005465744337,25.662781149750078,1,2,True,False,1
South East,Crowsley Park 2,16,2022,-25.242164026362282,25.809730243507286,1,2,True,False,16
South East,Doornlagte 2,6,2022,-24.677597888503925,25.983169042460613,1,2,True,False,6
South East,R Farm,5,2022,-24.658774760063825,25.75923237919328,1,2,True,False,5
South East,David Bachanan,11,2022,-25.174770202860355,26.03843565891733,1,2,True,False,11
South East,Wilson's Farm,22,2022,-25.441387815429724,25.87204158302757,1,2,True,False,22
South East,Notwane/J. Wilsons Farm,2,2022,-25.041061057547633,25.68858601619137,1,2,True,False,2
South East,Feedmaster,3,2022,-25.297942314597616,25.751293486088336,1,2,True,False,3
South East,Notwane Side,419,2022,-24.660126577211734,26.03058839353543,1,2,True,False,419
South East,BDF Camp,47,2022,-25.208353404128584,26.066375156856935,1,2,True,False,47
South East,Kgale Quarry,1,2022,-24.5370562105557,26.0123995794859,1,2,True,False,1
South East,St. Joseph College,556,2022,-24.509405420846853,25.78449400116122,1,2,True,False,556
South East,Lion Park,146,2022,-24.57133612814475,25.97281550717008,1,2,True,False,146
South East,Pioneer Border Post,74,2022,-24.875439341128818,25.74312305598552,1,2,True,False,74
South East,Manong Game Lodge,8,2022,-25.20212746433606,25.811323647287463,1,2,True,False,8
South East,Big Valley Lodge,120,2022,-24.671232326449278,25.942705871177484,1,2,True,False,120
South East,L.J Erasmus,16,2022,-24.775146425541738,26.056895503061508,1,2,True,False,16
South East,Botala Farm Fitt's,14,2022,-24.50413474343011,25.834299974257018,1,2,True,False,14
South East,Kelly's,4,2022,-25.09412126790886,25.858100851701575,1,2,True,False,4
South East,Notwane Farm,29,2022,-25.407333728754505,25.742257760415512,1,2,True,False,29
South East,Lobatse Farms,14,2022,-24.483267961675995,25.819182083517337,1,2,True,False,14
South East,Crocodile Farms,19,2022,-24.640740300321117,25.676219120456114,1,2,True,False,19
South East,Fouls Rust / Peak Pullets,3,2022,-25.247305409022168,26.01053797516158,1,2,True,False,3
South East,Crocodile Pools,59,2022,-24.751511726536716,25.659542824421713,1,2,True,False,59
South East,Sharps Farm,2,2022,-25.464450248712897,25.93697248560991,1,2,True,False,2
South East,Dikotlha Farm,1,2022,-24.91655279764251,25.764552135936977,1,2,True,False,1
South East,Interoute Farm,1,2022,-25.10829645756343,25.849811038294998,1,2,True,False,1
South East,Ntaela Farm,3,2022,-25.090107783260937,25.768055458607797,1,2,True,False,3
South East,North Trade Holdings,2,2022,-25.224656485659686,25.81785749661294,1,2,True,False,2
South East,Manyena Farm,1,2022,-25.194833022375818,25.879507830876214,1,2,True,False,1
South East,Farm 75,3,2022,-25.017986011867997,25.919057715605916,1,2,True,False,3
South East,Geodore Estates,6,2022,-25.221091261149454,26.04487062505611,1,2,True,False,6
South East,Mokaila Farm,3,2022,-25.006409567131143,25.789336788350475,1,2,True,False,3
South East,Farm 14-JO (Geluk),1,2022,-24.897337538900427,25.89550991810442,1,2,True,False,1
South East,Springfield Farm (Maruping),154,2022,-24.765787893418544,26.028664992754877,1,2,True,False,154
South East,Lobatse Farms (Portion 27),7,2022,-24.799191464127283,25.771700241959547,1,2,True,False,7
Kweneng East,Boditsane,44,2022,-24.004638608242317,25.46154126075701,1,1,True,False,44
Kweneng East,Boditse,1,2022,-23.405289478178936,25.82677665329112,1,1,True,False,1
Kweneng East,Mosanteng,107,2022,-24.72197994052281,25.697793097410184,1,1,True,False,107
Kweneng East,Diagane,223,2022,-24.12166241726795,25.20578179421085,1,1,True,False,223
Kweneng East,Katswane,16,2022,-23.951236571529307,25.267150789517434,1,1,True,False,16
Kweneng East,Mantsho,105,2022,-23.89876802550906,25.45129441722907,1,1,True,False,105
Kweneng East,Ditshukudu,82,2022,-23.402614889096824,25.220772749516353,1,1,True,False,82
Kweneng East,Gamakoko,10,2022,-23.021826436994893,25.880537406558254,1,1,True,False,10
Kweneng East,Gathoka,168,2022,-24.058502584236344,25.657292906147365,1,1,True,False,168
Kweneng East,Losilakgokong,93,2022,-24.110793115252896,25.215581194729182,1,1,True,False,93
Kweneng East,Gamoleele,117,2022,-23.648467598659217,25.764866906432083,1,1,True,False,117
Kweneng East,Gamawatle,80,2022,-24.234143008742272,25.432355174315834,1,1,True,False,80
Kweneng East,Gamonkga,14,2022,-24.482996528324897,25.33447174495303,1,1,True,False,14
Kweneng East,Garuthwi,5,2022,-23.024079330448522,25.592076708715798,1,1,True,False,5
Kweneng East,Mmatematema,15,2022,-23.294469351206125,25.151043436422327,1,1,True,False,15
Kweneng East,Kgabodukwe,44,2022,-23.02948908606012,25.509206766778927,1,1,True,False,44
Kweneng East,Kgomodinake,6,2022,-24.34695289570947,25.809038573888945,1,1,True,False,6
Kweneng East,Khudu-ya-Majako,135,2022,-24.702745787635838,25.875796292294357,1,1,True,False,135
Kweneng East,Lwale,57,2022,-23.95664322310954,25.411871905153774,1,1,True,False,57
Kweneng East,Madiabatho,45,2022,-23.073763322642876,25.649483915505748,1,1,True,False,45
Kweneng East,Mosokotswe,334,2022,-24.488377250180505,25.320172005038422,1,1,True,False,334
Kweneng East,Mmakanke 1,4,2022,-24.52597978251587,25.584333947220877,1,1,True,False,4
Kweneng East,Maiso,78,2022,-24.611773959211572,25.34172737687293,1,1,True,False,78
Kweneng East,Magokotswane,44,2022,-23.373645174327756,25.59316347232398,1,1,True,False,44
Kweneng East,Seherelela,238,2022,-23.33645403423746,25.276512363081526,1,1,True,False,238
Kweneng East,Mmamarobole,100,2022,-23.49752105948439,25.88623549881449,1,1,True,False,100
Kweneng East,Mamputhe,12,2022,-24.639630917321266,25.84319883626627,1,1,True,False,12
Kweneng East,Mmanoko,177,2022,-23.447871979515366,25.40740584878729,1,1,True,False,177
Kweneng East,Mapapeng,103,2022,-23.93642371243354,25.755838393365455,1,1,True,False,103
Kweneng East,Selokwana,101,2022,-24.453568665402578,25.216120888993917,1,1,True,False,101
Kweneng East,Mhatane,21,2022,-24.20946742834647,25.72707444673456,1,1,True,False,21
Kweneng East,Mhatswe,20,2022,-23.843007053881887,25.364255056266884,1,1,True,False,20
Kweneng East,Makgwapana,3,2022,-24.148055125094416,25.247924026693855,1,1,True,False,3
Kweneng East,Masebosebo,130,2022,-23.009478683936486,25.677814167888364,1,1,True,False,130
Kweneng East,Mosekele,108,2022,-23.88997522797135,25.51270037171283,1,1,True,False,108
Kweneng East,Mosinki,183,2022,-24.07245979128696,25.56050517371032,1,1,True,False,183
Kweneng East,Mpue,30,2022,-23.53702830056139,25.55289081552125,1,1,True,False,30
Kweneng East,Ngwanaphiri,28,2022,-23.577264377937315,25.18755172751767,1,1,True,False,28
Kweneng East,Phatlhaneng,80,2022,-24.73008512022201,25.18115924312908,1,1,True,False,80
Kweneng East,Peloyathwane,60,2022,-23.634311435252762,25.616784274088282,1,1,True,False,60
Kweneng East,Mmakanke 2,118,2022,-24.300818961053682,25.6347683970996,1,1,True,False,118
Kweneng East,Phiring,105,2022,-24.066975659090918,25.177826854203865,1,1,True,False,105
Kweneng East,Rammala,63,2022,-23.478003085209835,25.440305161499975,1,1,True,False,63
Kweneng East,Ramotimane,43,2022,-23.742971029832344,25.626041937062265,1,1,True,False,43
Kweneng East,Ntsedimane,35,2022,-24.078677187713545,25.66077023094726,1,1,True,False,35
Kweneng East,Mmakanke 3,235,2022,-24.43664216702831,25.796733954414293,1,1,True,False,235
Kweneng East,Seloko,60,2022,-23.83529553750431,25.473816066372557,1,1,True,False,60
Kweneng East,Semarule,204,2022,-24.16635040822247,25.57486114940736,1,1,True,False,204
Kweneng East,Sesanankgopa,121,2022,-23.110550009082903,25.598871470734398,1,1,True,False,121
Kweneng East,Setswaneng,1,2022,-23.783952776199293,25.387697704313574,1,1,True,False,1
Kweneng East,Sukwane,61,2022,-23.194087081513402,25.183096665275414,1,1,True,False,61
Kweneng East,Suping,100,2022,-24.040387934860842,25.143796421080467,1,1,True,False,100
Kweneng East,Tshiping,145,2022,-23.262616835163513,25.802953645712346,1,1,True,False,145
Kweneng East,Tshupane,7,2022,-24.633858759113807,25.29910208503926,1,1,True,False,7
Kweneng East,Letlapaneng,87,2022,-24.204143590794793,25.63983154365582,1,1,True,False,87
Kweneng East,Motlhowe,12,2022,-24.595368246393008,25.597672723798468,1,1,True,False,12
Kweneng East,Goomasala,3,2022,-24.678126114452695,25.457098067621505,1,1,True,False,3
Kweneng East,Marapalalo,4,2022,-23.099994105682523,25.800868090135566,1,1,True,False,4
Kweneng East,Mmamojewa,79,2022,-23.459290853424093,25.69382790115084,1,1,True,False,79
Kweneng East,Mamhiko,2,2022,-23.62250697238645,25.158467244038956,1,1,True,False,2
Kweneng East,Mmohung,122,2022,-23.787250285287467,25.755863102412317,1,1,True,False,122
Kweneng East,Moshawaneng,47,2022,-23.72132747986315,25.54216952744133,1,1,True,False,47
Kweneng East,Mmutle,100,2022,-23.598350929347323,25.41540942774337,1,1,True,False,100
Kweneng East,Tswete,75,2022,-23.264141883786863,25.71639651135634,1,1,True,False,75
Kweneng East,Selokwane,4,2022,-23.67270609382448,25.684053473781482,1,1,True,False,4
Kweneng East,Maphallwane,80,2022,-23.402882973293465,25.386543211451936,1,1,True,False,80
Kweneng East,Monyatale,126,2022,-24.234633166395653,25.91936081590909,1,1,True,False,126
Kweneng East,Ngope-la-Thagadi,49,2022,-22.997005151812,25.654453466863032,1,1,True,False,49
Kweneng East,Mogahe,106,2022,-24.677686712903803,25.620438766722266,1,1,True,False,106
Kweneng East,Seribotsane,47,2022,-24.046799334844096,25.195817845765507,1,1,True,False,47
Kweneng East,Kgopotelele,34,2022,-23.165474832064582,25.361766794243714,1,1,True,False,34
Kweneng East,Mosokwane,48,2022,-24.41331805803009,25.49460874469136,1,1,True,False,48
Kweneng East,Maope,54,2022,-24.483018301841884,25.64012553806118,1,1,True,False,54
Kweneng East,Ramagapu,42,2022,-24.08441256165371,25.546737288336477,1,1,True,False,42
Kweneng East,Tshelesele,23,2022,-23.972770963676894,25.745038670901923,1,1,True,False,23
Kweneng East,Mahibitswane,83,2022,-23.07414558102171,25.348494052109366,1,1,True,False,83
Kweneng East,Magagarape,30,2022,-23.247173033158546,25.696803499526066,1,1,True,False,30
Kweneng East,Tlapeng,1,2022,-23.908922700599447,25.787480303298306,1,1,True,False,1
Kweneng East,Kobane / Gakale,2,2022,-23.003740647406445,25.746636878253103,1,1,True,False,2
Kweneng East,Dibonong,7,2022,-23.59196871948845,25.7512298329915,1,1,True,False,7
Kweneng East,Ramankung,253,2022,-23.180400035852283,25.844458343835793,1,1,True,False,253
Kweneng East,Dikateng,22,2022,-24.29674916173114,25.2071470364915,1,1,True,False,22
Kweneng East,Matlhapelo,5,2022,-23.86467719698261,25.692869135961413,1,1,True,False,5
Kweneng East,Letswatswa,147,2022,-24.68156438787339,25.90798211001103,1,1,True,False,147
Kweneng East,Manyelanong,71,2022,-24.718628320706532,25.59498123972939,1,1,True,False,71
Kweneng East,Garanjela,43,2022,-23.479596261441046,25.312639014433458,1,1,True,False,43
Kweneng East,Dikolakolana,68,2022,-24.524008745864823,25.931812575512808,1,1,True,False,68
Kweneng East,Moetlo,94,2022,-23.760007907006187,25.278853902321686,1,1,True,False,94
Kweneng East,Letlapana,52,2022,-23.496397906989,25.406327812630366,1,1,True,False,52
Kweneng East,Kgophane,3,2022,-24.677086600805684,25.27678181911672,1,1,True,False,3
Kweneng East,Dipotongwane,104,2022,-23.936223441304023,25.508505700579853,1,1,True,False,104
Kweneng East,Sekhukhwane,132,2022,-23.51748600547869,25.47234524396726,1,1,True,False,132
Kweneng East,Mokotswane,64,2022,-23.151811446429235,25.529683706831946,1,1,True,False,64
Kweneng East,Mmadikgomo,51,2022,-24.2021672616344,25.87573750300072,1,1,True,False,51
Kweneng East,Digwagwa,35,2022,-23.001532450957882,25.51944928376452,1,1,True,False,35
Kweneng East,Mothabawaphotsana,20,2022,-23.232192429314317,25.548213198828034,1,1,True,False,20
Kweneng East,Mmammoto,135,2022,-23.577104262994116,25.84301233998871,1,1,True,False,135
Kweneng East,Galetlhokwana,9,2022,-24.037284936283918,25.78840018207364,1,1,True,False,9
Kweneng East,Lekgalong,48,2022,-23.46953357389364,25.330392230885543,1,1,True,False,48
Kweneng East,Tsuje,45,2022,-23.282616957868033,25.15068990647749,1,1,True,False,45
Kweneng East,Khuru,1,2022,-24.19492813434604,25.63923326088048,1,1,True,False,1
Kweneng East,Maokagane,97,2022,-22.968423550726364,25.809866447617306,1,1,True,False,97
Kweneng East,Ngwanche,34,2022,-23.11821366157146,25.578499892427075,1,1,True,False,34
Kweneng East,Telekele,94,2022,-23.870836370984264,25.30777445492602,1,1,True,False,94
Kweneng East,Majatshipo,26,2022,-23.448687395994853,25.72786218880676,1,1,True,False,26
Kweneng East,Mokgalwana,60,2022,-23.802341082661265,25.670958789655604,1,1,True,False,60
Kweneng East,Kgoro-ya-Mokgalo,10,2022,-23.38091573655733,25.58815266108074,1,1,True,False,10
Kweneng East,Lion Rock Farm,2,2022,-23.263426096923226,25.824514144157874,1,1,True,False,2
Kweneng East,Dikgonnyeng,11,2022,-24.69311678712419,25.76184399683595,1,1,True,False,11
Kweneng East,Ditshoso,156,2022,-24.593667585641853,25.66970117554302,1,1,True,False,156
Kweneng East,Tlowe,9,2022,-24.13593123813961,25.667170860917885,1,1,True,False,9
Kweneng East,Powana,52,2022,-23.102215080500677,25.665145581691508,1,1,True,False,52
Kweneng East,Mogobe-wa-Mosu,27,2022,-24.025993270889362,25.556563335964128,1,1,True,False,27
Kweneng East,Thakatswane,19,2022,-23.155758097160717,25.50803724297684,1,1,True,False,19
Kweneng East,Tibitswane,29,2022,-23.91186782817062,25.70270134328473,1,1,True,False,29
Kweneng East,Sekutle,47,2022,-24.22062571258411,25.6241745233819,1,1,True,False,47
Kweneng East,Kgopane,113,2022,-23.132397778046855,25.528685078499958,1,1,True,False,113
Kweneng East,Mediane,73,2022,-23.737128627102827,25.240808377094123,1,1,True,False,73
Kweneng East,Tleke,27,2022,-24.093211118278134,25.696622679546913,1,1,True,False,27
Kweneng East,Bohutsana,77,2022,-24.655434864669008,25.652306259394592,1,1,True,False,77
Kweneng East,Pheroge,29,2022,-24.537101246925193,25.411629224816956,1,1,True,False,29
Kweneng East,Phetsolakgare,48,2022,-24.486625197466317,25.422781373396848,1,1,True,False,48
Kweneng East,Mahetwe Lands,4,2022,-24.085469989086974,25.335938974514335,1,1,True,False,4
Kweneng East,Marungwane,24,2022,-23.654128075637928,25.902623477211336,1,1,True,False,24
Kweneng East,Semeseme,39,2022,-24.187296853611535,25.822030270271757,1,1,True,False,39
Kweneng East,Motlhwaane,8,2022,-24.617866459330326,25.58499632055283,1,1,True,False,8
Kweneng East,Mmaphefo,30,2022,-24.263394399261845,25.45869867398193,1,1,True,False,30
Kweneng East,Gamhemele,6,2022,-24.007479878735715,25.724272971340387,1,1,True,False,6
Kweneng East,Malopane,21,2022,-22.969419895294383,25.558594475809787,1,1,True,False,21
Kweneng East,Lepare,37,2022,-24.03539697122665,25.913665518424708,1,1,True,False,37
Kweneng East,Tlhokamoriri,10,2022,-24.57576729212131,25.184124513386447,1,1,True,False,10
Kweneng East,Thotayalehuma,2,2022,-23.700763699295234,25.167614369948737,1,1,True,False,2
Kweneng East,Tsitadira/Dipeleng,30,2022,-23.0986105422557,25.590988077313238,1,1,True,False,30
Kweneng East,Mogatelwane,94,2022,-23.335085878866867,25.301516698656002,1,1,True,False,94
Kweneng East,Mabelwana,12,2022,-23.246997337659966,25.61926961259732,1,1,True,False,12
Kweneng East,Gajong,40,2022,-23.083327979755797,25.759610099515413,1,1,True,False,40
Kweneng East,Gakgatla Lands 1,54,2022,-23.60216969717896,25.249879545494355,1,1,True,False,54
Kweneng East,Mashadi,47,2022,-22.964701213159167,25.48956480765302,1,1,True,False,47
Kweneng East,Gakgatla Lands 2,49,2022,-24.675224274450294,25.686114740905264,1,1,True,False,49
Kweneng East,Chaoka,91,2022,-23.249449586700937,25.80116146794987,1,1,True,False,91
Kweneng East,Gakgatla Lands 3,101,2022,-23.2100128435446,25.533727232428486,1,1,True,False,101
Kweneng East,Gamodubu Lands 1,166,2022,-23.103839513130595,25.30379420689216,1,1,True,False,166
Kweneng East,Gamodubu Lands 2,22,2022,-23.883878164552403,25.604607211761788,1,1,True,False,22
Kweneng East,Gamodubu Lands 3,353,2022,-23.333199999836165,25.50058550843839,1,1,True,False,353
Kweneng East,Lelotong,91,2022,-24.387423959741607,25.752084655937857,1,1,True,False,91
Kweneng East,Moritsane,37,2022,-23.66160369944335,25.580659805623334,1,1,True,False,37
Kweneng East,Senamakola,52,2022,-24.096482500652886,25.36184925005801,1,1,True,False,52
Kweneng East,Rakola,246,2022,-23.67397773419041,25.738192738726923,1,1,True,False,246
Kweneng East,Kamenakwe,224,2022,-23.532768045650148,25.550685881214434,1,1,True,False,224
Kweneng East,Tsorogwane,72,2022,-24.117074220750567,25.281127365790837,1,1,True,False,72
Kweneng East,Makgowa,19,2022,-24.34978926016182,25.586599481386205,1,1,True,False,19
Kweneng East,Rasoko,70,2022,-24.162220345364823,25.891851296059,1,1,True,False,70
Kweneng East,Diremogolo Lands / Lesetlhaneng,46,2022,-23.553407394436157,25.699465220386536,1,1,True,False,46
Kweneng East,Mokolwe,329,2022,-23.530431249357555,25.377205441057953,1,1,True,False,329
Kweneng East,Lesetlhane,15,2022,-23.415803534779393,25.703709782189648,1,1,True,False,15
Kweneng East,Talane,237,2022,-24.509346501354866,25.3643716757352,1,1,True,False,237
Kweneng East,Ditlhakane,45,2022,-23.278482918015317,25.570448585803494,1,1,True,False,45
Kweneng East,Goo-Nku,28,2022,-23.51037834541782,25.557697206628596,1,1,True,False,28
Kweneng East,Segakwaneng,14,2022,-24.68016297281622,25.336468657687526,1,1,True,False,14
Kweneng East,Magodung,17,2022,-24.137477982926008,25.416092364487174,1,1,True,False,17
Kweneng East,Lejwane,41,2022,-23.904259486711332,25.886987360062633,1,1,True,False,41
Kweneng East,Moleleme,127,2022,-24.092974196504493,25.339010251525842,1,1,True,False,127
Kweneng East,Dikuteng,17,2022,-24.525568240431735,25.7751433800751,1,1,True,False,17
Kweneng East,Zanazara,9,2022,-24.365605967051582,25.669240413813778,1,1,True,False,9
Kweneng East,Nakalatlou,9,2022,-24.690735320558023,25.562477758415053,1,1,True,False,9
Kweneng East,Mogobetwane,74,2022,-24.568862626935484,25.24940818185046,1,1,True,False,74
Kweneng East,Mohoke,6,2022,-24.260741600396997,25.302540045048403,1,1,True,False,6
Kweneng East,Phethekga,61,2022,-23.275898610119384,25.282261278007102,1,1,True,False,61
Kweneng East,Maologane/Ganthiba,53,2022,-23.797665422649168,25.60539560468637,1,1,True,False,53
Kweneng East,Magonwane,23,2022,-23.979346678941635,25.91171012268628,1,1,True,False,23
Kweneng East,Moamogwa,159,2022,-23.556599014781956,25.835530284338294,1,1,True,False,159
Kweneng East,Bontane,17,2022,-23.771209924779658,25.160456379943017,1,1,True,False,17
Kweneng East,Letlhatshane,24,2022,-24.500493076727725,25.35733583834599,1,1,True,False,24
Kweneng East,Tlhale,30,2022,-24.338431801104267,25.26505126210367,1,1,True,False,30
Kweneng East,Moselele,142,2022,-24.338611460298512,25.913528289383486,1,1,True,False,142
Kweneng East,Rasegwagwa,76,2022,-23.66725606838075,25.327134240604046,1,1,True,False,76
Kweneng East,Rammalanyane,23,2022,-23.913307812143238,25.299958904791858,1,1,True,False,23
Kweneng East,Ramahupela,21,2022,-24.045005519629633,25.63239978062049,1,1,True,False,21
Kweneng East,Sasakwe 2,203,2022,-23.74429984467983,25.58114355186865,1,1,True,False,203
Kweneng East,Galekgatshwane,475,2022,-23.008826665576134,25.319401874877027,1,1,True,False,475
Kweneng East,Sasakwe 1,215,2022,-24.175551133266787,25.671612941145813,1,1,True,False,215
Kweneng East,Ranyare,67,2022,-23.809124291642647,25.217311857883768,1,1,True,False,67
Kweneng East,Letlhakane,38,2022,-23.879963913192967,25.15579511820771,1,1,True,False,38
Kweneng East,Sasakwe 4,185,2022,-23.459692340709953,25.205749524245753,1,1,True,False,185
Kweneng East,Sekwakwanego,3,2022,-23.435417264664316,25.429552068588354,1,1,True,False,3
Kweneng East,Kutwane,37,2022,-23.43758653800367,25.913004137424267,1,1,True,False,37
Kweneng East,Raditau,279,2022,-24.375970241105637,25.574060254000596,1,1,True,False,279
Kweneng East,Tlhape/Monarch,114,2022,-23.935597787324994,25.738456737176513,1,1,True,False,114
Kweneng East,Kgaphamadi,154,2022,-23.29154377363316,25.39518580227218,1,1,True,False,154
Kweneng East,Motswereng,53,2022,-24.05577568303015,25.710417747213846,1,1,True,False,53
Kweneng East,Rasedie,17,2022,-22.98367627310007,25.906003604694646,1,1,True,False,17
Kweneng East,Lenganeng,47,2022,-24.08555812389016,25.423920556936764,1,1,True,False,47
Kweneng East,Kolobeng,136,2022,-23.849197140198164,25.932054741231166,1,1,True,False,136
Kweneng East,Pitsegaeagelwe,16,2022,-23.890359700142593,25.64629340151984,1,1,True,False,16
Kweneng East,Mophakane,70,2022,-23.963042776702626,25.73359590284925,1,1,True,False,70
Kweneng East,Dikhutsana,247,2022,-23.230253821076,25.34025321603581,1,1,True,False,247
Kweneng East,Gorasekwena,29,2022,-24.45822755011052,25.650002257139125,1,1,True,False,29
Kweneng East,Metsimahibidu,3,2022,-23.7246881328073,25.545344825358725,1,1,True,False,3
Kweneng East,Maowane,34,2022,-23.63408396987273,25.898255548949336,1,1,True,False,34
Kweneng East,Motlabaki,104,2022,-23.220310693386377,25.857269083466118,1,1,True,False,104
Kweneng East,Disingwane,16,2022,-23.650806778730797,25.45475232710348,1,1,True,False,16
Kweneng East,Mololwane,22,2022,-23.026783966291095,25.890702141370824,1,1,True,False,22
Kweneng East,Ramakgai,7,2022,-23.183052193145024,25.841530995796575,1,1,True,False,7
Kweneng East,Malathatomo/Mampung,9,2022,-24.114101421907787,25.608239824607686,1,1,True,False,9
Kweneng East,Poloko,12,2022,-23.20486197081315,25.20551428926521,1,1,True,False,12
Kweneng East,Rametsana,42,2022,-23.02952775427001,25.267850468767065,1,1,True,False,42
Kweneng East,Botubeng,1,2022,-24.27693348564167,25.201359461515775,1,1,True,False,1
Kweneng East,Phuduhudu/Magolela,9,2022,-23.649012644310456,25.22601656037841,1,1,True,False,9
Kweneng East,Mphemphe/Naoleababa,2,2022,-24.233164163705776,25.914538167755104,1,1,True,False,2
Kweneng East,Mogotlhowalenong,16,2022,-23.57900360406339,25.308559183868518,1,1,True,False,16
Kweneng East,Lenato,2,2022,-24.567856486840768,25.68784801002679,1,1,True,False,2
Kweneng East,Lerutobolo/Mampu,12,2022,-23.428484119348326,25.64480243803146,1,1,True,False,12
Kweneng East,Matlapeng,55,2022,-23.98766780060672,25.640536895956007,1,1,True,False,55
Kweneng East,Gamotsele,8,2022,-23.689749006700573,25.304230327487915,1,1,True,False,8
Kweneng East,Mogale,12,2022,-24.688421148061718,25.599494432753833,1,1,True,False,12
Kweneng East,Makabanyane/Dikgokong,33,2022,-23.497404729778808,25.636094562370335,1,1,True,False,33
Kweneng East,Dithope's Ranch Camp,5,2022,-23.85217739486652,25.592409793454387,1,1,True,False,5
Kweneng East,Topolisisi/Kgopasakgomo,20,2022,-23.622256269071222,25.287954203270818,1,1,True,False,20
Kweneng East,Khudumatsebe,5,2022,-24.172928331463993,25.71336651021334,1,1,True,False,5
Kweneng East,Ralephaphasela,23,2022,-24.475045783245967,25.19848236583087,1,1,True,False,23
Kweneng East,Kgorowe,28,2022,-23.959903027708595,25.608886511765302,1,1,True,False,28
Kweneng East,Dithoteng,23,2022,-23.055317362095398,25.486118954546846,1,1,True,False,23
Kweneng East,Kgogwane,35,2022,-24.329234463913437,25.338763082642178,1,1,True,False,35
Kweneng East,Motswaiso,10,2022,-23.53227265398625,25.780184280232838,1,1,True,False,10
Kweneng East,Gata-la-Thutlwa,35,2022,-24.645764596674383,25.279816826987837,1,1,True,False,35
Kweneng East,Mmanhatshe,11,2022,-23.457101134557313,25.87969796341866,1,1,True,False,11
Kweneng East,Tshwaramaseila,3,2022,-24.3103029002281,25.84133486932035,1,1,True,False,3
Kweneng East,Hubasanoko/Mmari,73,2022,-23.931286223048836,25.42616026416897,1,1,True,False,73
Kweneng East,Pune,22,2022,-24.080281701304646,25.38223653507167,1,1,True,False,22
Kweneng East,Senthumole,5,2022,-24.53370878796288,25.249385848580335,1,1,True,False,5
Kweneng East,Mmathubolo 1,91,2022,-24.11971871964187,25.8665021776109,1,1,True,False,91
Kweneng East,Batshabi,10,2022,-24.111637829936164,25.637674123402338,1,1,True,False,10
Kweneng East,Mogono/Senwane,31,2022,-23.805726506153274,25.16563178487849,1,1,True,False,31
Kweneng East,Morulane,13,2022,-23.00484982137687,25.545339408126722,1,1,True,False,13
Kweneng East,Mmamekgwe,16,2022,-23.898378451764128,25.20843096791051,1,1,True,False,16
Kweneng East,Sekgwasentsho,5,2022,-23.107884817963832,25.595060502723754,1,1,True,False,5
Kweneng East,Dikgama,19,2022,-23.913426468601223,25.543724835434933,1,1,True,False,19
Kweneng East,Mosetsanamontle 1,5,2022,-24.5431309233955,25.206091229846173,1,1,True,False,5
Kweneng East,Mighty,16,2022,-24.32503861691634,25.78689677267726,1,1,True,False,16
Kweneng East,Mosetsanamontle 2,15,2022,-24.00955030364184,25.348295539962052,1,1,True,False,15
Kweneng East,Morotobolo/Dichaokeng/Kgogo,15,2022,-24.155672993604192,25.569494218916212,1,1,True,False,15
Kweneng East,Mmakhuu,56,2022,-23.19432669148443,25.646791731975956,1,1,True,False,56
Kweneng East,Lekhujwane,29,2022,-23.527280420510476,25.90293192178735,1,1,True,False,29
Kweneng East,Mosusu,66,2022,-23.70575552791585,25.53172068247673,1,1,True,False,66
Kweneng East,Monageng,34,2022,-23.860647470819533,25.86728498680388,1,1,True,False,34
Kweneng East,Diphiring,415,2022,-24.02777729863585,25.42161992413153,1,1,True,False,415
Kweneng East,Mogojwe,291,2022,-23.64548424887905,25.819840081601775,1,1,True,False,291
Kweneng East,Ditoronkong,347,2022,-24.512778506037147,25.327305382577407,1,1,True,False,347
Kweneng East,Letswaaneng,125,2022,-24.445317441326427,25.701021004725227,1,1,True,False,125
Kweneng East,Gamononyana,446,2022,-24.195254573930207,25.210659890475757,1,1,True,False,446
Kweneng East,Mmamhiko,201,2022,-24.4299286787314,25.92174697221901,1,1,True,False,201
Kweneng East,Molatlhegi,34,2022,-23.530031945139733,25.896301414303746,1,1,True,False,34
Kweneng East,Papalo,1,2022,-24.690367249225357,25.49083686090652,1,1,True,False,1
Kweneng East,Marotse,4,2022,-24.4495076459878,25.555589117845013,1,1,True,False,4
Kweneng East,Ramotlhabeng,127,2022,-23.128906214796565,25.61409610770741,1,1,True,False,127
Kweneng East,Mmokwanyane,4,2022,-22.96004013492737,25.35837456049523,1,1,True,False,4
Kweneng East,Dimawe,33,2022,-23.86712048720137,25.674866790627682,1,1,True,False,33
Kweneng East,Sengaparile,8,2022,-23.853282501132256,25.69395495551598,1,1,True,False,8
Kweneng East,Phiri-ya-Bokwete,126,2022,-23.35873785807511,25.556493408846915,1,1,True,False,126
Kweneng East,Raubeng,60,2022,-24.670051644049092,25.257510633172046,1,1,True,False,60
Kweneng East,Fikeng,110,2022,-23.97485783098271,25.868766821014397,1,1,True,False,110
Kweneng East,Lekwape,110,2022,-24.556854755910113,25.23160420108671,1,1,True,False,110
Kweneng East,Mmopane Lands,136,2022,-24.021274593144245,25.63897382622211,1,1,True,False,136
Kweneng East,Rasiti,22,2022,-22.98444696480465,25.22213045570093,1,1,True,False,22
Kweneng East,Nkoyaphiri,133,2022,-23.3938957872379,25.25621118908289,1,1,True,False,133
Kweneng East,Shadishadi Lands,79,2022,-22.982269708441418,25.15672157419737,1,1,True,False,79
Kweneng East,Maphoko,131,2022,-23.407387022893914,25.42836025857207,1,1,True,False,131
Kweneng East,Masololwane/Leswalo,42,2022,-23.652745777333745,25.64722252408493,1,1,True,False,42
Kweneng East,Lerulane,18,2022,-23.392850676547337,25.55369460559378,1,1,True,False,18
Kweneng East,Khunkhe,3,2022,-23.56206205033617,25.67492044557004,1,1,True,False,3
Kweneng East,Sekwate,2,2022,-23.90896469304786,25.67530054444882,1,1,True,False,2
Kweneng East,Thajwe,7,2022,-24.214056038202898,25.251514946401322,1,1,True,False,7
Kweneng East,Nakalakgokong,11,2022,-23.80915519624678,25.185879406276,1,1,True,False,11
Kweneng East,Botsilwane,5,2022,-24.274627699323936,25.63595177328969,1,1,True,False,5
Kweneng East,Ditotojane,1,2022,-23.86874650206065,25.658031584495742,1,1,True,False,1
Kweneng East,Chabuchabu,34,2022,-24.474485062176246,25.581553317946998,1,1,True,False,34
Kweneng East,Mmanxhoga,20,2022,-23.728725206126644,25.33517838171681,1,1,True,False,20
Kweneng East,Maitsakwane,3,2022,-24.298124653833206,25.782859441206323,1,1,True,False,3
Kweneng East,Leroolankwe,12,2022,-24.212167410681516,25.20041796575049,1,1,True,False,12
Kweneng East,Mafatlhe,64,2022,-23.84677569669201,25.64146151089236,1,1,True,False,64
Kweneng East,Selepana / Potsana,5,2022,-24.44532977733285,25.23585632127709,1,1,True,False,5
Kweneng East,Thotanayamorala,30,2022,-23.022586932463074,25.6590009570113,1,1,True,False,30
Kweneng East,Kokonje,167,2022,-23.93942001121766,25.47143386343352,1,1,True,False,167
Kweneng East,Mafatshe/Ratsheko,14,2022,-24.1078059111845,25.70943839218215,1,1,True,False,14
Kweneng East,Shonono,125,2022,-24.68249042190515,25.181802596017004,1,1,True,False,125
Kweneng East,Diphuduhudu,15,2022,-23.234481928596665,25.580269116088395,1,1,True,False,15
Kweneng East,Serekelo,12,2022,-23.62121941981311,25.255242292933428,1,1,True,False,12
Kweneng East,Leoifo,42,2022,-23.993741665205423,25.68113445056982,1,1,True,False,42
Kweneng East,Marobela,2,2022,-24.29768155104549,25.235495084381075,1,1,True,False,2
Kweneng East,Sholomo/Ditlharapeng,12,2022,-23.409007835981484,25.198751893107605,1,1,True,False,12
Kweneng East,Thitotona,7,2022,-23.052657316501207,25.705492275386383,1,1,True,False,7
Kweneng East,Kwaladipala,3,2022,-24.057057212832646,25.190787655419047,1,1,True,False,3
Kweneng East,Makgwarapana,9,2022,-24.49451265386617,25.318355442649672,1,1,True,False,9
Kweneng East,Thota-ya-Marula,50,2022,-24.54019340650963,25.79392858291292,1,1,True,False,50
Kweneng East,Sethule,19,2022,-24.72310761626321,25.782006150068465,1,1,True,False,19
Kweneng East,Gamokao,46,2022,-23.411110283905536,25.817216252429112,1,1,True,False,46
Kweneng East,Kgonkwe/Kgonwane,3,2022,-22.98876303174586,25.398833899715395,1,1,True,False,3
Kweneng East,Diphepe,32,2022,-22.96844545101858,25.558847911676285,1,1,True,False,32
Kweneng East,Dilegane,8,2022,-23.339529997048505,25.75321132153219,1,1,True,False,8
Kweneng East,Ntlelaletlhare,38,2022,-24.4459389556208,25.248988746790058,1,1,True,False,38
Kweneng East,Metsimabe,107,2022,-22.99531939445671,25.714420561928332,1,1,True,False,107
Kweneng East,Masebele,295,2022,-24.15132452700651,25.217691503915553,1,1,True,False,295
Kweneng East,Sephatlhaphatlhe,20,2022,-24.1409967851367,25.864063946246716,1,1,True,False,20
Kweneng East,Ramoakgatlanyana,231,2022,-23.511820645694765,25.64542199773345,1,1,True,False,231
Kweneng East,Ditshesebe,57,2022,-24.647177562294573,25.531319451120353,1,1,True,False,57
Kweneng East,Mmampaba,116,2022,-23.26558278984801,25.524524194394036,1,1,True,False,116
Kweneng East,Dinkgwana,71,2022,-22.96047748025832,25.28415058133401,1,1,True,False,71
Kweneng East,Tlharesekole,51,2022,-23.355765531943447,25.414536321899188,1,1,True,False,51
Kweneng East,Kolwane,10,2022,-23.34401381455899,25.716585890461374,1,1,True,False,10
Kweneng East,Morarwana,41,2022,-24.040151997225067,25.569065759871215,1,1,True,False,41
Kweneng East,Majwaneng,66,2022,-24.617166065602845,25.559844829431253,1,1,True,False,66
Kweneng East,Mabeo,34,2022,-23.324463630685784,25.295151475034977,1,1,True,False,34
Kweneng East,Rammidi,119,2022,-23.672226664285738,25.687457958601126,1,1,True,False,119
Kweneng East,Diphepe 1,70,2022,-23.116934169369337,25.451076845573763,1,1,True,False,70
Kweneng East,Mahatelwa,81,2022,-24.528154527476648,25.285252973218448,1,1,True,False,81
Kweneng East,Thamaga Lands,17,2022,-24.191685131029104,25.888257735496854,1,1,True,False,17
Kweneng East,Gamatsaka,33,2022,-24.09290542393991,25.542011000676457,1,1,True,False,33
Kweneng East,Thokwane,40,2022,-23.519037485307297,25.558838893729718,1,1,True,False,40
Kweneng East,Sebotseng,24,2022,-23.333219140149613,25.918039995802523,1,1,True,False,24
Kweneng East,Dilege,32,2022,-23.02500510414883,25.430770635599316,1,1,True,False,32
Kweneng East,Ramasanyane,134,2022,-24.208967335502276,25.887652325454425,1,1,True,False,134
Kweneng East,Diphephe 2,179,2022,-23.856366263720712,25.69107349974642,1,1,True,False,179
Kweneng East,Sehatlhane,41,2022,-24.68290962977417,25.64208259079661,1,1,True,False,41
Kweneng East,Lephala,0,2022,-24.284420799862303,25.32618981038073,1,1,True,False,0
Kweneng East,Mmanoko Lands,17,2022,-24.06916376391816,25.181456710527808,1,1,True,False,17
Kweneng East,Mmaphang,1,2022,-23.678188834918036,25.487326899832905,1,1,True,False,1
Kweneng East,Dikhutlana / Dikhutlaneng,99,2022,-23.896905694878495,25.148506982079237,1,1,True,False,99
Kweneng East,Lephaleng,39,2022,-24.08611252952143,25.196706981413936,1,1,True,False,39
Kweneng East,Molapowaditau,15,2022,-23.62434282072407,25.612156345527946,1,1,True,False,15
Kweneng East,Phokoje,27,2022,-23.26052054986543,25.71448470587908,1,1,True,False,27
Kweneng East,Sepene,46,2022,-24.304532717978773,25.273522196696863,1,1,True,False,46
Kweneng East,Tshwenetshwene,5,2022,-24.124532158262024,25.72084616698289,1,1,True,False,5
Kweneng East,Bokone,11,2022,-23.480538238424614,25.892965158154006,1,1,True,False,11
Kweneng East,Garammala,65,2022,-23.35065904819587,25.729305053915564,1,1,True,False,65
Kweneng East,Mokateng,48,2022,-23.26624601281451,25.762218673660715,1,1,True,False,48
Kweneng East,Kgomodinaka,68,2022,-24.362075257062035,25.695659014400803,1,1,True,False,68
Kweneng East,Ramosisa,23,2022,-23.77520073561865,25.318519160419203,1,1,True,False,23
Kweneng East,Konye,34,2022,-23.133525658453756,25.42639986744706,1,1,True,False,34
Kweneng East,Tsimane,2,2022,-24.03724056020419,25.89260157648459,1,1,True,False,2
Kweneng East,Ratshere,71,2022,-23.96976773373605,25.664359524668132,1,1,True,False,71
Kweneng East,Makorojwe,119,2022,-22.982666249244883,25.76563332598213,1,1,True,False,119
Kweneng East,Mopipi-Wa-Ditshwakga,62,2022,-24.5333311536591,25.90799511863082,1,1,True,False,62
Kweneng East,Mantswaneng,121,2022,-23.47933163883716,25.32382750684205,1,1,True,False,121
Kweneng East,Kgope Lands,31,2022,-23.222155583289506,25.39533707422953,1,1,True,False,31
Kweneng East,Sego-Motlhabe,88,2022,-24.466199429113175,25.651357879226723,1,1,True,False,88
Kweneng East,Iyeiyane,63,2022,-23.463587448639185,25.159747693067704,1,1,True,False,63
Kweneng East,Morukotshwane,8,2022,-23.89887525864604,25.593054578363517,1,1,True,False,8
Kweneng East,Mogonono Lands,41,2022,-23.21734092732144,25.781213854885074,1,1,True,False,41
Kweneng East,Boseja,99,2022,-23.120289561618865,25.624134028136293,1,1,True,False,99
Kweneng East,Gakhukhu,31,2022,-23.18248798857419,25.37450345928165,1,1,True,False,31
Kweneng East,Ntshotlho,7,2022,-24.619898678990783,25.714193318639495,1,1,True,False,7
Kweneng East,Legotlhong,5,2022,-23.388164648944258,25.256156449878404,1,1,True,False,5
Kweneng East,Tlhabelapele/Setopi,6,2022,-23.095253139883656,25.84942354792977,1,1,True,False,6
Kweneng East,Kweneng Cattle Post,5,2022,-23.62919797576282,25.220408226674966,1,1,True,False,5
Kweneng East,Lebesane,37,2022,-23.665613303919645,25.824636926818933,1,1,True,False,37
Kweneng East,Seboloko,5,2022,-24.65437048714406,25.534888295685658,1,1,True,False,5
Kweneng East,Goo lebese,153,2022,-23.2117518376191,25.480087310507567,1,1,True,False,153
Kweneng East,Mmatseta Lands,47,2022,-24.651883480560887,25.537148347315465,1,1,True,False,47
Kweneng East,Xharokoro,3,2022,-24.176767533604835,25.29908186466828,1,1,True,False,3
Kweneng East,Thotayamorala,11,2022,-23.087541369168104,25.503096084334583,1,1,True,False,11
Kweneng East,Thota_ya_Marula,37,2022,-23.04506102838931,25.813725195566935,1,1,True,False,37
Kweneng East,Gakutlo Lands 1,214,2022,-22.970076946026293,25.77508648808255,1,1,True,False,214
Kweneng East,Gakutlo Lands 2,284,2022,-23.887021528856938,25.269639832401275,1,1,True,False,284
Kweneng East,Gakutlo Lands 3,128,2022,-24.418820484656592,25.67403445886252,1,1,True,False,128
Kweneng East,Gakutlo Lands 4,269,2022,-23.86649079227482,25.819364720569883,1,1,True,False,269
Kweneng East,Dikgatlhong Lands,96,2022,-24.552434475256828,25.78999248837729,1,1,True,False,96
Kweneng East,Diphale,133,2022,-23.182396906025232,25.47769871771141,1,1,True,False,133
Kweneng East,Dipholo,1,2022,-23.73736615417827,25.178554458233926,1,1,True,False,1
Kweneng East,Localities with No Affiliation,9,2022,-24.01490751383354,25.878261954632098,1,1,True,False,9
Kweneng East,Poultry farm,9,2022,-24.59295844483946,25.454128363312442,1,1,True,False,9
Kweneng West,Gaothobogwe,1,2022,-23.623700614383026,22.908249684150793,1,1,True,False,1
Kweneng West,Mosome,28,2022,-24.22328402594878,24.227045471203805,1,1,True,False,28
Kweneng West,Dikgonnyane,2,2022,-23.532672246119965,24.55311250395493,1,1,True,False,2
Kweneng West,Kokojane 1,20,2022,-24.450659185831984,24.22032114949244,1,1,True,False,20
Kweneng West,Matswi,35,2022,-23.64645226055982,24.528463272269867,1,1,True,False,35
Kweneng West,Ramonko,1,2022,-23.374118108671798,22.901786887915236,1,1,True,False,1
Kweneng West,Bojale,6,2022,-23.3378445569157,23.041181963138182,1,1,True,False,6
Kweneng West,Morabane 2,53,2022,-23.424918143127282,24.540056230531327,1,1,True,False,53
Kweneng West,Morabane 3,130,2022,-23.48909641529142,24.78502333194459,1,1,True,False,130
Kweneng West,Maanege 1,95,2022,-24.205246035776696,24.58518316834832,1,1,True,False,95
Kweneng West,Gabosigwane,15,2022,-23.373078913691028,24.456904918901003,1,1,True,False,15
Kweneng West,Maanege 2,198,2022,-23.41996673262454,24.560979335965783,1,1,True,False,198
Kweneng West,Kokojane 2,3,2022,-23.896112382007352,24.636524077738898,1,1,True,False,3
Kweneng West,Gatalamokwena,10,2022,-24.0561829358334,24.6008420969985,1,1,True,False,10
Kweneng West,Tshomole,8,2022,-24.410469758755507,24.632814663104696,1,1,True,False,8
Kweneng West,Motsholadijo/Sekwatla,2,2022,-23.828038525633257,23.075375219338607,1,1,True,False,2
Kweneng West,Sekhozana,8,2022,-23.695050327947722,23.050164549026313,1,1,True,False,8
Kweneng West,Kgesakwe,6,2022,-24.05386112218976,23.74879207756005,1,1,True,False,6
Kweneng West,Mmusi,7,2022,-24.051401315026407,24.13927682930808,1,1,True,False,7
Kweneng West,Poloka,11,2022,-23.848998162871055,24.690540763116783,1,1,True,False,11
Kweneng West,Tshugane,5,2022,-24.50906054980484,23.68684030030764,1,1,True,False,5
Kweneng West,Gatshepe,34,2022,-23.383705285069162,23.547065387727397,1,1,True,False,34
Kweneng West,Maanege 3,42,2022,-24.191905719981214,24.73470630400497,1,1,True,False,42
Kweneng West,Morabane 1,41,2022,-24.37220667913016,23.486595781370312,1,1,True,False,41
Kweneng West,Mmamoetane,3,2022,-24.53603729863176,24.827105937469845,1,1,True,False,3
Kweneng West,Mohitlhapodi,15,2022,-23.505879508825732,23.31723708868588,1,1,True,False,15
Kweneng West,Matlagatse Cattlepost,15,2022,-23.49823764602906,23.744930265252748,1,1,True,False,15
Kweneng West,Mokhutshwane,1,2022,-24.427361487943983,23.84251132903396,1,1,True,False,1
Kweneng West,Gamogonodiwa,4,2022,-24.358473178845784,23.604282014506307,1,1,True,False,4
Kweneng West,Gamakaba,10,2022,-24.00073735158297,22.909629913432013,1,1,True,False,10
Kweneng West,Pelotshetlha1,24,2022,-24.317984678685892,23.45416204046962,1,1,True,False,24
Kweneng West,Ditlou,2,2022,-23.652369008020955,23.69374977228867,1,1,True,False,2
Kweneng West,Basimane,40,2022,-24.472452635564125,23.637388593728744,1,1,True,False,40
Kweneng West,Tswaiweng,9,2022,-23.877555544151722,24.744340046982504,1,1,True,False,9
Kweneng West,Mahupu / Tsodiarona,28,2022,-24.079518197415737,23.012860923818064,1,1,True,False,28
Kweneng West,Matshajwe 1,1,2022,-23.980114607217107,23.81406667988604,1,1,True,False,1
Kweneng West,Mmamarumo,15,2022,-24.028741851172853,22.98975153981348,1,1,True,False,15
Kweneng West,Makgarapane,6,2022,-24.35736258761465,25.08466524880845,1,1,True,False,6
Kweneng West,Mogonediwa,5,2022,-24.27614775600645,24.755256241520836,1,1,True,False,5
Kweneng West,Kojwe,1,2022,-24.46426373028023,25.205495586102302,1,1,True,False,1
Kweneng West,Kabaneng,25,2022,-24.403187872310163,25.03661125009608,1,1,True,False,25
Kweneng West,Matshajwe 2,3,2022,-23.359471225929767,23.642520437832818,1,1,True,False,3
Kweneng West,Pelotshetlha 2,16,2022,-24.20414910785067,24.523920911877777,1,1,True,False,16
Kweneng West,Gamodingwana,9,2022,-24.171191527599476,23.620803443061693,1,1,True,False,9
Kweneng West,Tlantlape,3,2022,-24.38888531417466,24.985127286395155,1,1,True,False,3
Kweneng West,Nkgagane,2,2022,-23.628964805276542,23.865210127490865,1,1,True,False,2
Kweneng West,Sebatalegare,17,2022,-23.424508634385468,23.78343067642727,1,1,True,False,17
Kweneng West,Matlotla a Moipisi,25,2022,-23.587116968424596,25.045778279167568,1,1,True,False,25
Kweneng West,Dinku,2,2022,-23.801441639328633,24.864398120575668,1,1,True,False,2
Kweneng West,Kubutona,63,2022,-23.558704394058235,25.168557268913794,1,1,True,False,63
Kweneng West,Moruswane,24,2022,-24.05357841697219,23.057709190249795,1,1,True,False,24
Kweneng West,Raphuti,16,2022,-23.502726596728056,23.472527048889265,1,1,True,False,16
Kweneng West,Mapharangwane,88,2022,-23.576507722323733,23.60744221709973,1,1,True,False,88
Kweneng West,Nakalatshukudu,2,2022,-24.540591261508133,23.89710813148633,1,1,True,False,2
Kweneng West,Mmamagano,9,2022,-23.952470023074145,24.011520846306013,1,1,True,False,9
Kweneng West,Gathibedi,1,2022,-24.222504379923212,23.585428189297208,1,1,True,False,1
Kweneng West,Gamotlhale,17,2022,-24.438340224142156,24.75582149397094,1,1,True,False,17
Kweneng West,Gamoswaane,77,2022,-23.5188205594892,23.425393223665402,1,1,True,False,77
Kweneng West,Gaphiri,29,2022,-24.533059255630803,24.53549377624545,1,1,True,False,29
Kweneng West,Sebesakgama,1,2022,-23.659214480197612,24.89964757745483,1,1,True,False,1
Kweneng West,Mmaphoroka,69,2022,-23.34701197862309,24.31777911950618,1,1,True,False,69
Kweneng West,Gamhemele,8,2022,-23.959456737214488,23.73246444755461,1,1,True,False,8
Kweneng West,Gasithoiwa,10,2022,-24.09349440707577,23.342470127762862,1,1,True,False,10
Kweneng West,Mmalebolawa,15,2022,-23.809648599234457,23.216875881015614,1,1,True,False,15
Kweneng West,Chaokeng,0,2022,-23.569031449344216,24.647278128827995,1,1,True,False,0
Kweneng West,Masepaankga,6,2022,-24.251984379375617,24.00214310002394,1,1,True,False,6
Kweneng West,Bokao,4,2022,-24.23934105369139,23.010402259146705,1,1,True,False,4
Kweneng West,Mmakgabane,34,2022,-23.80802114032158,25.20943125453398,1,1,True,False,34
Kweneng West,Maphallwane,119,2022,-23.40546759111787,24.4763519912585,1,1,True,False,119
Kweneng West,Tlhosi,14,2022,-24.181579656010754,24.881854553158643,1,1,True,False,14
Kweneng West,Mosele,37,2022,-24.086822564962066,23.929563021856428,1,1,True,False,37
Kweneng West,Moleleme,32,2022,-23.340791391898218,25.14281467563351,1,1,True,False,32
Kweneng West,Kobane,65,2022,-24.32945746254188,23.369758098104235,1,1,True,False,65
Kweneng West,Konate,4,2022,-24.449550133769794,23.336007772378952,1,1,True,False,4
Kweneng West,Legape/Kokonke,32,2022,-23.829101879450693,24.990108237517394,1,1,True,False,32
Kweneng West,Mmankgodi Lands,20,2022,-24.51331608455828,24.993350602707622,1,1,True,False,20
Kweneng West,Bobaathebe,20,2022,-24.324362270519334,24.07224662381633,1,1,True,False,20
Kweneng West,Mokgaleete,16,2022,-23.789834135196024,23.19679808517754,1,1,True,False,16
Kweneng West,Ngwetwe,19,2022,-23.74469899224632,23.61766592524889,1,1,True,False,19
Kweneng West,Masifipa,2,2022,-23.925087437913113,24.670681395199225,1,1,True,False,2
Kweneng West,Moremametsi,9,2022,-24.07836090022062,24.886098545561605,1,1,True,False,9
Kweneng West,Diphutsana,5,2022,-23.84550600413603,23.717208370870036,1,1,True,False,5
Kweneng West,Tlhosi 2,34,2022,-23.764211477960174,23.04538456062969,1,1,True,False,34
Kweneng West,Mmaphoroka 2,73,2022,-23.570502487643278,24.463271855490166,1,1,True,False,73
Kweneng West,Kgaolamonwana,3,2022,-23.58348675715501,24.636306209953876,1,1,True,False,3
Kweneng West,Ditshilwane,1,2022,-23.738300319362892,23.896316767427034,1,1,True,False,1
Kweneng West,Sekono,16,2022,-23.46069860322497,24.269458678956255,1,1,True,False,16
Kweneng West,shaamadi,4,2022,-23.52870683033646,25.21771582453404,1,1,True,False,4
Kweneng West,Dikgama,5,2022,-24.381456592618676,23.476420059684628,1,1,True,False,5
Kweneng West,Mopipi,13,2022,-23.385140839932326,24.24572159199934,1,1,True,False,13
Kweneng West,Ditladi,58,2022,-23.463711726083524,24.334813137804677,1,1,True,False,58
Kweneng West,Mmamonageng,18,2022,-24.154371196372804,24.189731405958256,1,1,True,False,18
Kweneng West,Rakgamane,1,2022,-24.518255802153156,24.940369777651366,1,1,True,False,1
Kweneng West,Bokaekanyane,11,2022,-23.81189549129197,24.32085017173341,1,1,True,False,11
Kweneng West,Motlotswana,22,2022,-24.012213337617784,24.093053186610586,1,1,True,False,22
Kweneng West,Tshethwane,34,2022,-23.63573756790392,23.19029770925094,1,1,True,False,34
Kweneng West,Mookane,4,2022,-23.9079369411335,24.55119013688787,1,1,True,False,4
Kweneng West,Ramage,6,2022,-24.45012816839681,23.2116245170821,1,1,True,False,6
Kweneng West,Ramogwane / Dikokwane,1,2022,-24.246617721800472,22.96407783704715,1,1,True,False,1
Kweneng West,Setseno,20,2022,-23.474865733703435,24.04764541398956,1,1,True,False,20
Kweneng West,Tshaokeng,13,2022,-24.497075239600488,24.24447275388955,1,1,True,False,13
Kweneng West,Katake,6,2022,-23.651342323502533,25.24511822433141,1,1,True,False,6
Kweneng West,Letsete,7,2022,-24.18944007672364,24.572576194865228,1,1,True,False,7
Kweneng West,Botlhoko,17,2022,-23.99500511238932,24.892193331909723,1,1,True,False,17
Kweneng West,Dire,2,2022,-23.900186384642254,23.7142372029778,1,1,True,False,2
Kweneng West,Kgare,162,2022,-24.24009131148208,24.095456610080603,1,1,True,False,162
Kweneng West,Sebotswane,100,2022,-23.753836506113647,25.186982833385628,1,1,True,False,100
Kweneng West,Dintshe,2,2022,-23.70364550788582,23.880774657523606,1,1,True,False,2
Kweneng West,Ookwa,28,2022,-24.439760027393906,24.7953210818984,1,1,True,False,28
Kweneng West,Mashongwe/Ramogawane,3,2022,-24.090243812792345,24.135506080788254,1,1,True,False,3
Kweneng West,Phikwe,9,2022,-23.642016451273545,23.427076663673738,1,1,True,False,9
Kweneng West,Heyane,28,2022,-23.669530469557543,24.26317492748774,1,1,True,False,28
Kweneng West,Makwatse,12,2022,-23.883733550231824,23.413238150566887,1,1,True,False,12
Kweneng West,Mojatholo,8,2022,-23.601728067074358,22.90885604993973,1,1,True,False,8
Kweneng West,Mowana,15,2022,-24.412432738731763,23.45506921186998,1,1,True,False,15
Kweneng West,Leganolaphokoje,2,2022,-24.399647921837705,23.354790503439286,1,1,True,False,2
Kweneng West,Sekgatlampane,2,2022,-23.747146848638536,23.771781665736626,1,1,True,False,2
Kweneng West,Phogophogo,3,2022,-23.703776606538685,24.986032014233896,1,1,True,False,3
Kweneng West,Mmamoetsane,13,2022,-23.557138787823703,23.811496800224656,1,1,True,False,13
Kweneng West,Segotsane,16,2022,-24.323631886627613,24.884212040477948,1,1,True,False,16
Kweneng West,Tshonye,9,2022,-23.917408580356355,24.204991343373255,1,1,True,False,9
Kweneng West,Loze,10,2022,-23.74310318953691,22.919616905545073,1,1,True,False,10
Kweneng West,Lebatse,6,2022,-24.27201202954686,23.344453247788234,1,1,True,False,6
Kweneng West,Sebabane Pan,13,2022,-23.917219578240953,25.086144088557113,1,1,True,False,13
Kweneng West,Lokwakwe,20,2022,-23.770189527403524,24.31889375610589,1,1,True,False,20
Kweneng West,Khane,22,2022,-24.283204170239046,25.082083450076816,1,1,True,False,22
Kweneng West,Okwe,18,2022,-24.08826392507761,23.629167627343392,1,1,True,False,18
Kweneng West,Kwetla,17,2022,-24.28091820765987,24.582511099814816,1,1,True,False,17
Kweneng West,Mmasetlogelwa,12,2022,-23.450159523957904,24.712603546576975,1,1,True,False,12
Kweneng West,Khuze Pan,13,2022,-24.256162482412158,25.19033844988571,1,1,True,False,13
Kweneng West,Polaseng,4,2022,-24.396473781784607,22.944390413567934,1,1,True,False,4
Kweneng West,Khwikwi,3,2022,-24.500141725351796,25.135305519286,1,1,True,False,3
Kweneng West,Maokaneng,3,2022,-24.488286411195467,23.820262574198196,1,1,True,False,3
Kweneng West,Lolwaneng,4,2022,-24.310867660243193,24.867335065059454,1,1,True,False,4
Kweneng West,Nhwi,49,2022,-23.806774287118618,24.179424271433927,1,1,True,False,49
Kweneng West,Sione,10,2022,-24.521322481385642,24.226187239797746,1,1,True,False,10
Kweneng West,Mmalawadipodi,13,2022,-24.195731328008314,23.744705946350262,1,1,True,False,13
Kweneng West,Pitsane,3,2022,-24.4722987953427,24.845005567011885,1,1,True,False,3
Kweneng West,Thosi,8,2022,-24.05426985990021,23.521021215499374,1,1,True,False,8
Kweneng West,Dore,17,2022,-24.48390243033255,24.056348042834202,1,1,True,False,17
Kweneng West,Magwa,3,2022,-23.807581004752297,24.215690660993513,1,1,True,False,3
Kweneng West,Tshabamaburu,3,2022,-23.70971699466247,24.643399368842744,1,1,True,False,3
Kweneng West,Masokwane,6,2022,-23.65779393779588,24.008014885493225,1,1,True,False,6
Kweneng West,Mosielele,2,2022,-24.271233031777765,24.49741464214284,1,1,True,False,2
Kweneng West,Sekoche,4,2022,-23.491833623533903,24.04005261180598,1,1,True,False,4
Kweneng West,Peloyaphokoje,5,2022,-23.707461761073443,24.44824595895798,1,1,True,False,5
Kweneng West,Maretlweng,10,2022,-24.474133897207523,24.483014129067787,1,1,True,False,10
Kweneng West,Matlhalerwa,1,2022,-24.009370998506583,24.565808644987744,1,1,True,False,1
Kweneng West,Majaaretse,5,2022,-23.613728727574486,24.832872353782697,1,1,True,False,5
Kweneng West,Molalaphiri,4,2022,-24.166510960683077,24.170064565258926,1,1,True,False,4
Kweneng West,Pijane,6,2022,-24.081009816834584,23.355105588888108,1,1,True,False,6
Kweneng West,Sekgwasatholo,6,2022,-23.780886960351065,24.495908644925667,1,1,True,False,6
Kweneng West,Petsane,69,2022,-24.47554874266113,23.08264271139563,1,1,True,False,69
Kweneng West,Khekha,9,2022,-23.372732046932324,23.415332740539526,1,1,True,False,9
Kweneng West,Ukhwa,9,2022,-24.331564177769728,24.75982564824311,1,1,True,False,9
Kweneng West,Mokgaloolabile,11,2022,-24.51040613401201,23.92224826420786,1,1,True,False,11
Kweneng West,Moshaweng Lands,65,2022,-24.536237441911247,24.06995893680351,1,1,True,False,65
Kweneng West,Leowang,47,2022,-24.059235985306355,25.21777545145352,1,1,True,False,47
Kweneng West,Tshetso,20,2022,-23.47277298768297,23.45337211452999,1,1,True,False,20
Kweneng West,Dithwane 1,9,2022,-23.55080441296403,22.947618557809246,1,1,True,False,9
Kweneng West,Tshamakwe,14,2022,-23.439145450270388,23.162989476805475,1,1,True,False,14
Kweneng West,Dikhutlaneng,44,2022,-23.89682648138104,23.47525491648511,1,1,True,False,44
Kweneng West,Dithwane 2,6,2022,-23.999716148084044,24.604460216743895,1,1,True,False,6
Kweneng West,Gasese/Moshaweng Lands,25,2022,-24.075804354376654,24.72150941760485,1,1,True,False,25
Kweneng West,Taunyana,12,2022,-24.48651430994208,24.22815614624538,1,1,True,False,12
Kweneng West,Kgorotsamosopa,43,2022,-23.44220002736981,23.49998798690483,1,1,True,False,43
Kweneng West,Mogopodi,34,2022,-23.942328248611815,24.12554387470612,1,1,True,False,34
Kweneng West,Tshamagwe,100,2022,-23.99206779659693,22.936840159005072,1,1,True,False,100
Kweneng West,Monganyane,8,2022,-23.91934955358481,24.500975337077247,1,1,True,False,8
Kweneng West,Ditshethaneng,3,2022,-23.58178835834417,24.342640674314193,1,1,True,False,3
Kweneng West,Makunyetso,14,2022,-24.271078536102138,22.9528815486391,1,1,True,False,14
Kweneng West,Mmankgodi,54,2022,-23.683731543748056,24.81812296462805,1,1,True,False,54
Kweneng West,Rathini,15,2022,-23.68268001974444,24.692434775772107,1,1,True,False,15
Kweneng West,Molatomosesane,6,2022,-23.514759062448366,23.62471976135387,1,1,True,False,6
Kweneng West,Mathiba,24,2022,-24.532171253987844,24.392083399566776,1,1,True,False,24
Kweneng West,Phutsane,11,2022,-24.33650740127602,24.312606466737137,1,1,True,False,11
Kweneng West,Mogopodi 2,31,2022,-23.972733448227892,23.23759694252924,1,1,True,False,31
Kweneng West,Dikhudu,14,2022,-23.51356410656982,23.355061344767133,1,1,True,False,14
Kweneng West,Motale,3,2022,-23.374931957922637,24.504271332220114,1,1,True,False,3
Kweneng West,Tshwegwe,58,2022,-23.822914935062812,25.091477004009654,1,1,True,False,58
Kweneng West,Rebakwena,60,2022,-24.28600586003499,24.2534775532289,1,1,True,False,60
Kweneng West,Kgopoketsone,9,2022,-24.31933919353288,24.233607725774704,1,1,True,False,9
Kweneng West,Setholwe 1,18,2022,-23.768980869542453,24.418600296145126,1,1,True,False,18
Kweneng West,Masweabasadi 1,100,2022,-24.28850420530803,23.935168089910114,1,1,True,False,100
Kweneng West,Tsimane,41,2022,-23.873468212164653,23.028820915967923,1,1,True,False,41
Kweneng West,Mogonono,5,2022,-23.532594801896547,23.831787889304362,1,1,True,False,5
Kweneng West,Mamoagi 1,31,2022,-24.07101454688435,25.01337047926053,1,1,True,False,31
Kweneng West,Mmamosadipitse,51,2022,-24.08474443860518,24.78982392100921,1,1,True,False,51
Kweneng West,Setholwe 2,54,2022,-24.498949890957633,25.077103101406564,1,1,True,False,54
Kweneng West,Masweabasadi 2,30,2022,-24.235247602081472,23.260234862286463,1,1,True,False,30
Kweneng West,Mamoagi 2,215,2022,-23.69789914885928,24.088520901712894,1,1,True,False,215
Kweneng West,Seletse,72,2022,-24.10662153177856,24.2732832500943,1,1,True,False,72
Kweneng West,Mamoagi 3,54,2022,-24.351143750128305,23.39415328765483,1,1,True,False,54
Kweneng West,Phokoje,9,2022,-24.41470401323349,23.37314797479475,1,1,True,False,9
Kweneng West,Basarwa,99,2022,-24.427667879946416,24.73607758818124,1,1,True,False,99
Kweneng West,Mokawane,54,2022,-23.745157525198703,24.477639091451234,1,1,True,False,54
Kweneng West,Matebele,38,2022,-23.80143480386931,24.41978678979044,1,1,True,False,38
Kweneng West,Tlhokwalatsela,9,2022,-23.91529195370874,23.527996708683258,1,1,True,False,9
Kweneng West,Digwagwa,28,2022,-23.937306513070503,24.090424732895187,1,1,True,False,28
Kweneng West,Gamorate,15,2022,-24.35738960567975,22.95586844457545,1,1,True,False,15
Kweneng West,Tshabutshabu,28,2022,-23.936970416438857,23.206554992004563,1,1,True,False,28
Kweneng West,Dinonyane,19,2022,-24.47015610738904,24.11735537692532,1,1,True,False,19
Kweneng West,Nakaditholo,26,2022,-23.422432780438303,23.628117405948977,1,1,True,False,26
Kweneng West,Peyanamarago,29,2022,-24.472467386951884,25.16681263405109,1,1,True,False,29
Kweneng West,Kakane,45,2022,-24.030226370097516,24.007661608685357,1,1,True,False,45
Kweneng West,Gaponto,46,2022,-24.54198704859181,23.097762497431656,1,1,True,False,46
Kweneng West,Matsaunyane,17,2022,-23.591472918142898,22.94360667071746,1,1,True,False,17
Kweneng West,Mereatswe,7,2022,-24.34161988187075,24.602907088997497,1,1,True,False,7
Kweneng West,Kgokolo,15,2022,-23.423573089488606,23.304038946142793,1,1,True,False,15
Kweneng West,Bopelo/Buleladitswe,6,2022,-24.489466992042864,23.342285124303256,1,1,True,False,6
Kweneng West,Molengwana 1,8,2022,-23.549563902181767,23.89583016908873,1,1,True,False,8
Kweneng West,Molengwana 2,2,2022,-23.74817710847034,23.521131500767172,1,1,True,False,2
Kweneng West,Marapo-a-Tau,6,2022,-24.24050951772686,24.347987483288147,1,1,True,False,6
Kweneng West,Lecheng,8,2022,-24.297759786552614,24.04098711678642,1,1,True,False,8
Kweneng West,Mathathe,48,2022,-24.10990451147667,23.163172413263563,1,1,True,False,48
Kweneng West,Ngage,21,2022,-23.54034944629333,24.74242922278029,1,1,True,False,21
Kweneng West,Nkgotlwane,13,2022,-23.49975108847187,23.900642437595828,1,1,True,False,13
Kweneng West,Morabeng,4,2022,-24.330590929188403,24.334517374176592,1,1,True,False,4
Kweneng West,Motlhabaneng,2,2022,-24.115022484039823,22.91100306028434,1,1,True,False,2
Kweneng West,Dipageng,2,2022,-24.255324587573316,24.371028016828106,1,1,True,False,2
Kweneng West,Letsididi,1,2022,-24.39428591857198,23.565203250504474,1,1,True,False,1
Kweneng West,Kidinyane,4,2022,-23.76050462421121,24.06134262222924,1,1,True,False,4
Kweneng West,Kgwesakwe,150,2022,-24.124190317823093,23.600083791631743,1,1,True,False,150
Kweneng West,Tachane,18,2022,-24.269973898870738,25.2385662736787,1,1,True,False,18
Kweneng West,Modikanonyane,26,2022,-23.49486139595796,23.443215347383603,1,1,True,False,26
Kweneng West,Menoakhudu,3,2022,-23.637248474549438,25.042942136920775,1,1,True,False,3
Kweneng West,Malatswane,52,2022,-23.606463376851416,25.05492109025425,1,1,True,False,52
Kweneng West,Kaoma,2,2022,-24.495252813875116,23.889247132510448,1,1,True,False,2
Kweneng West,Kosie,38,2022,-23.435413167561524,23.61481993171239,1,1,True,False,38
Kweneng West,Tshamatsho,27,2022,-23.847271575354938,23.795505739130412,1,1,True,False,27
Kweneng West,Madubatshe,29,2022,-23.933100285063553,25.22233096594354,1,1,True,False,29
Kweneng West,Sejweng 2,36,2022,-24.529870228817646,24.35319267371477,1,1,True,False,36
Kweneng West,Ngokotela/Wakateng,4,2022,-23.456548915498622,24.17958217500757,1,1,True,False,4
Kweneng West,Lerulakane,31,2022,-23.884596093564053,22.986004300030014,1,1,True,False,31
Kweneng West,Phalanyane Lands,19,2022,-23.544281092780682,24.890440503081688,1,1,True,False,19
Kweneng West,Kgobe,13,2022,-23.749540546521818,23.098328484837705,1,1,True,False,13
Kweneng West,Ditswaaladi,16,2022,-23.57871617225167,23.01193349164087,1,1,True,False,16
Kweneng West,Khinyedi/Sobela,3,2022,-23.704263152037242,23.546457904494726,1,1,True,False,3
Kweneng West,Palamaokue,7,2022,-23.42835496347706,24.017756712039418,1,1,True,False,7
Kweneng West,Phalanyane 1,10,2022,-24.2698527322859,25.001728774096083,1,1,True,False,10
Kweneng West,Mokhutlheng,1,2022,-24.298146371978103,24.754949819631523,1,1,True,False,1
Kweneng West,Mokalane,2,2022,-23.680536199499812,23.36531820314216,1,1,True,False,2
Kweneng West,Godi/Xhanagadi,10,2022,-23.93601385684963,23.77449867236798,1,1,True,False,10
Kweneng West,Auwekaroo,7,2022,-23.81772114446981,24.731872740125024,1,1,True,False,7
Kweneng West,Moganela,12,2022,-23.685374913774666,24.138094030027013,1,1,True,False,12
Kweneng West,Mathibatsela/Bagwasi,49,2022,-23.880315610755254,23.311040983864782,1,1,True,False,49
Kweneng West,Phinyedi,10,2022,-23.589605949915942,23.83073555835345,1,1,True,False,10
Kweneng West,Lematswe,5,2022,-24.156863486083346,24.369939130277682,1,1,True,False,5
Kweneng West,Kolojwane,70,2022,-23.50333993579522,25.184535651543783,1,1,True,False,70
Kweneng West,Matshabane,2,2022,-24.412394673748608,24.45408978144215,1,1,True,False,2
Kweneng West,Phalanyane 2,26,2022,-23.775562986063882,22.939743064821883,1,1,True,False,26
Kweneng West,Sentlhagasamanong,18,2022,-23.465659502120428,24.555410018512003,1,1,True,False,18
Kweneng West,Mathibatsela Cattle Post,7,2022,-24.236929981862946,23.490179725940337,1,1,True,False,7
Kweneng West,Maswaswe 2,8,2022,-24.147223404571786,24.924019568160556,1,1,True,False,8
Kweneng West,Maswaswe 1,7,2022,-24.173107803787374,23.802200874826973,1,1,True,False,7
Kweneng West,Rasethotho,5,2022,-23.859945429146663,23.36996923987077,1,1,True,False,5
Kweneng West,Sebabeng,1,2022,-24.0431225081415,23.999364029681864,1,1,True,False,1
Kweneng West,Sebetesankwe,30,2022,-24.41205233924256,23.500343519791766,1,1,True,False,30
Kweneng West,Phuramarapo,4,2022,-23.464262352174106,23.454894402812275,1,1,True,False,4
Kweneng West,Phunyakgetsi,22,2022,-24.295028898519572,24.24638798792009,1,1,True,False,22
Kweneng West,Diponyane,23,2022,-23.896466288464396,24.701628833328677,1,1,True,False,23
Kweneng West,Matagatse Lands,206,2022,-23.822992031746022,24.860209115896296,1,1,True,False,206
Kweneng West,Sehatse,12,2022,-24.493370184523126,23.83452289244781,1,1,True,False,12
Kweneng West,Thakadiawa,15,2022,-24.42687058201765,23.05844963862147,1,1,True,False,15
Kweneng West,Matlho-a-podi,9,2022,-23.366979119796632,24.03695856087583,1,1,True,False,9
Kweneng West,Makojwe,29,2022,-23.738649300499233,23.91922559066972,1,1,True,False,29
Kweneng West,Dilepe,6,2022,-24.502065713337142,23.36378607842231,1,1,True,False,6
Kweneng West,Samane/ Khekhenye Lands,16,2022,-23.581734270373243,25.00373645337053,1,1,True,False,16
Kweneng West,Segeng,14,2022,-23.927365102286277,25.18669963346852,1,1,True,False,14
Kweneng West,Ditshukudu,7,2022,-24.45169005216493,23.023133221053822,1,1,True,False,7
Kweneng West,Khakhwaya,7,2022,-23.718999956710782,24.76824358941238,1,1,True,False,7
Kweneng West,Khokhamoya/Samane,24,2022,-23.93848578443403,24.416336489693073,1,1,True,False,24
Kweneng West,Dikolobe,6,2022,-24.294734671886435,23.514975919865048,1,1,True,False,6
Kweneng West,Makhujwane,14,2022,-23.480699502779316,24.39156612307792,1,1,True,False,14
Kweneng West,Maokamelo,1,2022,-24.190122066310032,23.203499026192116,1,1,True,False,1
Kweneng West,Sonyane,3,2022,-24.198377845263362,23.06455458713895,1,1,True,False,3
Kweneng West,Dikukama,12,2022,-24.212634786389685,25.23206509815016,1,1,True,False,12
Kweneng West,Makajane,4,2022,-23.614092580143772,24.394413048973323,1,1,True,False,4
Kweneng West,Mathaologe,6,2022,-23.688307596417065,23.495710176875285,1,1,True,False,6
Kweneng West,Masenkaneng,40,2022,-23.449914168428084,23.95734709632271,1,1,True,False,40
Kweneng West,Kgokwe,8,2022,-24.265188323246342,25.130264788722354,1,1,True,False,8
Kweneng West,Tlhogoyamosarwa,12,2022,-23.591213798529193,23.930821184631803,1,1,True,False,12
Kweneng West,Sekaname,12,2022,-23.8493197855431,25.01382158581859,1,1,True,False,12
Kweneng West,Maokaneng Cattle Post,12,2022,-24.169190180261925,24.93961834740352,1,1,True,False,12
Kweneng West,Leretlweng,3,2022,-24.499780166130844,23.709002516052678,1,1,True,False,3
Kweneng West,Number 6,11,2022,-23.551789955215,24.534301495792175,1,1,True,False,11
Kweneng West,Sanyane,19,2022,-24.250992970823297,24.451008741000877,1,1,True,False,19
Kweneng West,Mphako,6,2022,-23.77829861810265,24.71069591070036,1,1,True,False,6
Kweneng West,Kakane Cattle Post,15,2022,-23.87857359416062,23.76007249505169,1,1,True,False,15
Kweneng West,Motokwe Community Syndicate,3,2022,-24.537294267365706,23.024280938383747,1,1,True,False,3
Kweneng West,Number 2,4,2022,-23.339568941923496,23.302942394207925,1,1,True,False,4
Kweneng West,Serumule,11,2022,-23.557377752961568,24.347932615287505,1,1,True,False,11
Kweneng West,Number 3,11,2022,-23.954070626679332,24.719816271482884,1,1,True,False,11
Kweneng West,Gotlasiama,3,2022,-23.719496918051117,24.67512931224264,1,1,True,False,3
Kweneng West,Number 4,9,2022,-23.966021373654286,24.270828436095698,1,1,True,False,9
Kweneng West,Matotswa,21,2022,-23.641763607307485,23.100563096184082,1,1,True,False,21
Kweneng West,Ngwarenyana,2,2022,-24.380146773000792,22.942307875443124,1,1,True,False,2
Kweneng West,Mongabi,8,2022,-24.0026142742636,24.736332845281265,1,1,True,False,8
Kweneng West,Ngwamogware,11,2022,-24.13669378598916,24.19036292588349,1,1,True,False,11
Kweneng West,Dikgonnye,7,2022,-23.986516759168662,24.737670636637073,1,1,True,False,7
Kweneng West,Masasabego,2,2022,-23.997627262253644,23.283589522265284,1,1,True,False,2
Kweneng West,Matangwaneng,2,2022,-24.369541046182814,23.85740004832055,1,1,True,False,2
Kweneng West,Dinonyane 2,24,2022,-23.3611727244049,25.05774201555364,1,1,True,False,24
Kweneng West,Kgamazenezene,4,2022,-24.523933235357074,23.304252987907518,1,1,True,False,4
Kweneng West,Bodile,7,2022,-24.530490210199353,23.04607233657153,1,1,True,False,7
Kweneng West,Masepa-A-Kukama,2,2022,-24.090831556316243,24.43451667951818,1,1,True,False,2
Kweneng West,Kholo/Xholo,7,2022,-23.79205177497877,24.29628914437192,1,1,True,False,7
Kweneng West,Tswaedi,23,2022,-24.325306039255597,25.13482066596029,1,1,True,False,23
Kweneng West,Selepesekae,22,2022,-23.897538315394147,25.027951105526316,1,1,True,False,22
Kweneng West,Monatowadinotshi,2,2022,-23.668157889046686,24.659605684123957,1,1,True,False,2
Kweneng West,Nareetsile,1,2022,-24.42886908391004,22.946690853179707,1,1,True,False,1
Kweneng West,Gantsuno,1,2022,-23.351573154153897,24.028542545742027,1,1,True,False,1
Kweneng West,Ra-Moalosi(Farm camp 1&2),14,2022,-24.135286041165898,25.003635676404485,1,1,True,False,14
Kweneng West,Matlotakgang,7,2022,-23.765385542841877,23.918919752910643,1,1,True,False,7
Kweneng West,Mmakgotsane/Setlhare,44,2022,-24.408712175427578,25.15854671915557,1,1,True,False,44
Kweneng West,Matsane,32,2022,-23.684232815507464,24.432219410126894,1,1,True,False,32
Kweneng West,Zale,2,2022,-23.525765321502703,23.158496558678955,1,1,True,False,2
Kweneng West,Matsane 2,4,2022,-24.415287926181634,24.096294903388458,1,1,True,False,4
Kweneng West,Marungwane,6,2022,-24.390389498780475,24.533382336643683,1,1,True,False,6
Kweneng West,Malwelwe2,16,2022,-24.202623837819928,23.055084219274782,1,1,True,False,16
Kweneng West,Segasanoga,8,2022,-24.528236224379175,23.710159394084084,1,1,True,False,8
Kweneng West,Mosigosisa,4,2022,-23.349602278262786,24.583727716959235,1,1,True,False,4
Kweneng West,Khwaki,5,2022,-23.818661393358816,23.270179603071494,1,1,True,False,5
Kweneng West,Kungwane,21,2022,-23.807523322248258,23.71881544692527,1,1,True,False,21
Kweneng West,Mathole,10,2022,-23.382378845943492,24.519996544083018,1,1,True,False,10
Kweneng West,Motetane,23,2022,-23.535961707648447,24.720850004135333,1,1,True,False,23
Kweneng West,Mmuwi,11,2022,-23.557482322946054,24.117967411872826,1,1,True,False,11
Kweneng West,Morale,22,2022,-24.131896089030416,25.146142836680117,1,1,True,False,22
Kweneng West,Tsia,6,2022,-24.13750903248727,25.07219448111261,1,1,True,False,6
Kweneng West,Semakale,2,2022,-24.189688780310806,24.012240958342076,1,1,True,False,2
Kweneng West,Gasebe,8,2022,-24.123192422951455,23.277692611143326,1,1,True,False,8
Kweneng West,Lolwane,11,2022,-24.095589765666364,24.7147295905465,1,1,True,False,11
Kweneng West,Mongatane,34,2022,-24.373280116506862,23.472059568390225,1,1,True,False,34
Kweneng West,Makakarama,2,2022,-24.111997815680013,24.87866165112901,1,1,True,False,2
Kweneng West,Phatswa,12,2022,-24.002135084464534,24.27895061087092,1,1,True,False,12
Kweneng West,Maphuenyane,9,2022,-24.168382259441465,23.826133068039432,1,1,True,False,9
Kweneng West,Gwigwi,36,2022,-24.342615939836868,24.206798234607405,1,1,True,False,36
Kweneng West,Mosime,46,2022,-24.09086896849273,24.151502123928314,1,1,True,False,46
Kweneng West,Ngangasi,13,2022,-23.960802197073452,25.070791793418778,1,1,True,False,13
Kweneng West,Mosobo,63,2022,-23.67063052636695,23.404561896622777,1,1,True,False,63
Kweneng West,Maratabatho,5,2022,-23.682113736790438,25.078826831294617,1,1,True,False,5
Kweneng West,Dingabe,5,2022,-24.29742653905564,22.97526895136845,1,1,True,False,5
Kweneng West,Mahuhumo,27,2022,-24.498326694650004,24.705984602301637,1,1,True,False,27
Kweneng West,Ditampana,16,2022,-24.17509485719097,25.058912093702567,1,1,True,False,16
Kweneng West,Kitia,19,2022,-24.352550456527,23.826037332186374,1,1,True,False,19
Kweneng West,Mokujwane,3,2022,-24.063792542207533,23.073141005539544,1,1,True,False,3
Kweneng West,Mapenapena,7,2022,-23.35771522509295,24.789168873188547,1,1,True,False,7
Kweneng West,Masepa-A-Korwe,15,2022,-24.323590151559113,24.878763791078278,1,1,True,False,15
Kweneng West,Selapo,15,2022,-24.156855515533547,23.690474940375346,1,1,True,False,15
Kweneng West,Moswaathuthwa,8,2022,-23.665323757626183,24.118158557632434,1,1,True,False,8
Kweneng West,Mashangane,17,2022,-23.92659076432787,24.800431266012314,1,1,True,False,17
Kweneng West,Mongane,6,2022,-24.48952701089895,23.35220835862131,1,1,True,False,6
Kweneng West,Mogogwane,6,2022,-24.347040677455652,24.37706958365199,1,1,True,False,6
Kweneng West,Maninyane,29,2022,-23.411069995453506,23.911835092977775,1,1,True,False,29
Kweneng West,Taneeme,2,2022,-24.417853207540432,23.310862274588306,1,1,True,False,2
Kweneng West,Magakabe 1,105,2022,-23.774245576837256,24.851966352763913,1,1,True,False,105
Kweneng West,Tsodane,3,2022,-23.584001204207993,23.663321191072335,1,1,True,False,3
Kweneng West,Sekwakwane 3,64,2022,-24.221509209738787,25.09352814278421,1,1,True,False,64
Kweneng West,Mokame,29,2022,-23.665367694868333,24.2362364753058,1,1,True,False,29
Kweneng West,Sekwakwane1,4,2022,-24.337112818446894,24.108580836646397,1,1,True,False,4
Kweneng West,Sekwakwane2,18,2022,-24.19814355071403,23.894654379947987,1,1,True,False,18
Kweneng West,Ntotonene,23,2022,-24.165387998265558,23.841562026500043,1,1,True,False,23
Kweneng West,Mmitseng,4,2022,-23.337038493861847,24.82036215289869,1,1,True,False,4
Kweneng West,Teremajwe,9,2022,-24.283055607684148,24.490889120038517,1,1,True,False,9
Kweneng West,Nhowa,4,2022,-24.386343040544197,24.71650887145061,1,1,True,False,4
Kweneng West,Lekgajwane,1,2022,-23.422634868145057,23.88944300418502,1,1,True,False,1
Kweneng West,Matlapaneng,39,2022,-24.346749471219983,23.514978186955467,1,1,True,False,39
Kweneng West,Leru-La-Pula,5,2022,-23.47879062340464,23.10550540614055,1,1,True,False,5
Kweneng West,Lehuti,2,2022,-23.755656052009005,24.723465533642766,1,1,True,False,2
Kweneng West,Satse,26,2022,-23.84470269982508,23.875820505170147,1,1,True,False,26
Kweneng West,Senwamaretse,4,2022,-23.633593471948085,24.09618118237373,1,1,True,False,4
Kweneng West,Somo,24,2022,-23.664253383801846,24.00263857495672,1,1,True,False,24
Kweneng West,Lekgwabe 1,26,2022,-24.408946505534743,23.91302476428042,1,1,True,False,26
Kweneng West,Jerusalema/Dikhudu,13,2022,-23.333370981315095,24.505897853878384,1,1,True,False,13
Kweneng West,Diolwane,2,2022,-23.403035699814183,24.329591175975192,1,1,True,False,2
Kweneng West,Mothowaswa,11,2022,-23.457843864759337,25.18178692107791,1,1,True,False,11
Kweneng West,Tsasiti,1,2022,-23.789737395518983,23.227566366607793,1,1,True,False,1
Kweneng West,Majwana,8,2022,-23.91012506028047,24.24699200425171,1,1,True,False,8
Kweneng West,Mogobewakgoro,2,2022,-23.893806118596622,23.050090925713363,1,1,True,False,2
Kweneng West,Tsodo,6,2022,-24.524604999520218,24.796794092472,1,1,True,False,6
Kweneng West,Masero,13,2022,-23.938343377712606,24.347364153358434,1,1,True,False,13
Kweneng West,Lekgwabe 2,3,2022,-23.787946140301177,23.906553211594595,1,1,True,False,3
Kweneng West,Kgoro,35,2022,-23.745674446574125,24.7834647090554,1,1,True,False,35
Kweneng West,Manone,2,2022,-24.140804857842767,23.969001473428285,1,1,True,False,2
Kweneng West,Ntshe,8,2022,-23.97244850641527,23.43604673723141,1,1,True,False,8
Kweneng West,Kochwe,22,2022,-23.772772072536796,24.010044807745945,1,1,True,False,22
Kweneng West,Makhene,3,2022,-24.024448462926014,23.067897716388405,1,1,True,False,3
Kweneng West,Mmaphokoje,6,2022,-23.378539629584285,25.007761959409066,1,1,True,False,6
Kweneng West,Dikgankana,6,2022,-23.689126202858244,24.616278075568033,1,1,True,False,6
Kweneng West,Mabote,5,2022,-24.541136826902495,24.685138262146033,1,1,True,False,5
Kweneng West,Nhahutlwane,97,2022,-24.5145109215421,24.95295087853288,1,1,True,False,97
Kweneng West,Khesekwa,2,2022,-23.70744719791283,24.758453624445472,1,1,True,False,2
Kweneng West,Maseru,83,2022,-24.043396826289527,23.914701230499254,1,1,True,False,83
Kweneng West,Gamosimane,2,2022,-23.52695760658777,23.180027289326464,1,1,True,False,2
Kweneng West,Mothale,52,2022,-24.333337486245867,23.777513333992502,1,1,True,False,52
Kweneng West,Dikabana,8,2022,-24.525948083861685,25.092727358439504,1,1,True,False,8
Kweneng West,Serejwane,32,2022,-24.07311659623286,25.127924623512992,1,1,True,False,32
Kweneng West,Nhahutlwe,2,2022,-23.65207502880089,24.70285931262617,1,1,True,False,2
Kweneng West,Makalamabedi,26,2022,-23.36693311381661,23.381264491471168,1,1,True,False,26
Kweneng West,Seatswe,52,2022,-23.47349833771755,23.357853893466224,1,1,True,False,52
Kweneng West,Molapong,3,2022,-23.95697047106282,24.965331340263113,1,1,True,False,3
Kweneng West,Gataolo,10,2022,-23.559207289744705,23.234631292612356,1,1,True,False,10
Kweneng West,Tsalatswe,3,2022,-24.457581451511704,24.271897768219016,1,1,True,False,3
Kweneng West,Gathaga,41,2022,-23.850255356222625,23.788975959171818,1,1,True,False,41
Kweneng West,Magane,5,2022,-23.424320362277903,23.610147282064585,1,1,True,False,5
Kweneng West,Jwage,16,2022,-24.063070601638135,24.490610409169438,1,1,True,False,16
Kweneng West,Makgabisa,10,2022,-23.381001362837225,25.15250299438233,1,1,True,False,10
Kweneng West,Ditlammana,3,2022,-24.275659405157327,24.72575892137542,1,1,True,False,3
Kweneng West,Botshelo,7,2022,-24.41486605525364,24.042089741289736,1,1,True,False,7
Kweneng West,Tshinka Syndicate,8,2022,-23.907740237170938,23.935480540120462,1,1,True,False,8
Kweneng West,Kane,11,2022,-23.444951925505702,25.030755874509413,1,1,True,False,11
Kweneng West,Kgake,5,2022,-24.16604477544214,24.257753026145167,1,1,True,False,5
Kweneng West,Maithatong Lands,2,2022,-23.574521621062278,24.06666305636263,1,1,True,False,2
Kweneng West,Tshantshije,12,2022,-24.337957260556355,24.503402841691386,1,1,True,False,12
Kweneng West,Kane Cattle Post,11,2022,-23.640572862647474,23.45801948753649,1,1,True,False,11
Kweneng West,Komane,1,2022,-23.86870158118745,23.051252748681375,1,1,True,False,1
Kweneng West,Mmaothate 1,163,2022,-24.330915685570652,24.907489147685055,1,1,True,False,163
Kweneng West,Diphofu,134,2022,-23.673826178281217,24.326137507188335,1,1,True,False,134
Kweneng West,Makololwane/Botshelo,64,2022,-23.679066649255056,23.288488595968598,1,1,True,False,64
Kweneng West,Kgatiswe,25,2022,-23.919025598192206,23.600851553489548,1,1,True,False,25
Kweneng West,Kaile,8,2022,-24.269872755431333,25.223725238393264,1,1,True,False,8
Kweneng West,Radinku,14,2022,-24.382608608196488,24.389848018257734,1,1,True,False,14
Kweneng West,Tshilwane,11,2022,-23.38444438235093,24.393808551721804,1,1,True,False,11
Kweneng West,Seletesakgophane,8,2022,-23.74917565189572,23.071021717312778,1,1,True,False,8
Kweneng West,Phahung,16,2022,-23.563533839225933,25.17460460099962,1,1,True,False,16
Kweneng West,Mokhalaheri,25,2022,-23.699376417464073,24.995850582874034,1,1,True,False,25
Kweneng West,Mokgwaphane,3,2022,-23.539053850379595,24.186624088706207,1,1,True,False,3
Kweneng West,Mmaothate 2,66,2022,-24.34607174517233,23.627452764037756,1,1,True,False,66
Kweneng West,Mmaothate 3,172,2022,-23.94139158495863,24.53910108065308,1,1,True,False,172
Kweneng West,Katswane,60,2022,-23.735488382556436,24.85650314555972,1,1,True,False,60
Kweneng West,Mmadichabaditsile,8,2022,-24.41758108045208,24.74566744257464,1,1,True,False,8
Kweneng West,Dikgonyane,90,2022,-24.361237139289244,25.193499751975438,1,1,True,False,90
Kweneng West,Matsuke 1,170,2022,-23.775588858138285,24.395551922860605,1,1,True,False,170
Kweneng West,Matsuke 2,112,2022,-23.491584806025678,23.655216268981274,1,1,True,False,112
Kweneng West,Maiphitlhwane,26,2022,-23.743605463041078,24.069685548588904,1,1,True,False,26
Kweneng West,Sekhwesane,37,2022,-24.498871877344378,24.816494039118776,1,1,True,False,37
Kweneng West,Sebisakhama,30,2022,-23.36849978066781,23.524138531063233,1,1,True,False,30
Kweneng West,Mothakolwane,12,2022,-24.373881206727784,23.44454280603978,1,1,True,False,12
Kweneng West,Mogotlhowadinotshi,4,2022,-24.261288627826463,24.601914219756743,1,1,True,False,4
Kweneng West,Setchi,35,2022,-23.36301341235753,23.944196527513444,1,1,True,False,35
Kweneng West,Setshe,84,2022,-23.60976431260026,24.817088004119505,1,1,True,False,84
Kweneng West,Diphefodiafoka,33,2022,-23.409464235845984,23.238777489706386,1,1,True,False,33
Kweneng West,Lehubutshwane,28,2022,-23.566706082827846,23.689159245730448,1,1,True,False,28
Kweneng West,Masope,203,2022,-23.754109916766453,23.530606046999516,1,1,True,False,203
Kweneng West,Magagarape 1,69,2022,-24.19838224536671,24.53866226860944,1,1,True,False,69
Kweneng West,Gamotsamai,31,2022,-24.147166818971332,24.682824175523937,1,1,True,False,31
Kweneng West,Mokokomadi,50,2022,-23.396524523356746,23.971347259420284,1,1,True,False,50
Kweneng West,Matshalane,65,2022,-23.50136145385563,24.023012622723193,1,1,True,False,65
Kweneng West,Kalaitshwago,7,2022,-24.10771145343586,23.211447475664407,1,1,True,False,7
Kweneng West,Sejamotsatsa,16,2022,-24.091041968247577,24.547950642114113,1,1,True,False,16
Kweneng West,Tsotwane,16,2022,-24.182481779402522,25.229317387335357,1,1,True,False,16
Kweneng West,Metsidipuo,8,2022,-24.148075855540448,24.726434689340117,1,1,True,False,8
Kweneng West,Digung,9,2022,-23.501310817161485,23.42508402613476,1,1,True,False,9
Kweneng West,Moswelatonki,7,2022,-24.529965197348545,24.363340858660187,1,1,True,False,7
Kweneng West,Kalaitshogo,3,2022,-24.015074822930668,23.593601090914667,1,1,True,False,3
Kweneng West,Lesetlheng,8,2022,-23.401886302446123,22.972537549165928,1,1,True,False,8
Kweneng West,Tantapane,31,2022,-23.886113514137495,23.323545073592065,1,1,True,False,31
Kweneng West,Thulakoma,8,2022,-23.997659764878012,23.14239753382419,1,1,True,False,8
Kweneng West,Taung,28,2022,-24.16472521769432,23.361331674931037,1,1,True,False,28
Kweneng West,Mosarwambe,43,2022,-24.4532471917607,24.767910614466775,1,1,True,False,43
Kweneng West,Magagarape 2,87,2022,-24.271059912451175,23.588617489771234,1,1,True,False,87
Kweneng West,Khankwe/Khango,17,2022,-24.433227575521652,24.677454525177787,1,1,True,False,17
Kweneng West,Tshwabi,21,2022,-24.389377644917527,25.127389980250662,1,1,True,False,21
Kweneng West,Kadije,35,2022,-24.344830666884786,24.248760107513785,1,1,True,False,35
Kweneng West,Mosarwanyane,29,2022,-24.17723658256133,24.040321991608884,1,1,True,False,29
Kweneng West,Tsoto,2,2022,-24.52934833498936,24.66124005064819,1,1,True,False,2
Kweneng West,Tshwane,2,2022,-23.39304855519479,23.129488787420573,1,1,True,False,2
Kweneng West,Letsopeng,3,2022,-24.392862717358216,23.906162136374885,1,1,True,False,3
Kweneng West,Lemao,13,2022,-24.0790858724419,24.071789492205337,1,1,True,False,13
Kweneng West,Kwakwa,6,2022,-23.478490990540422,24.851054163695537,1,1,True,False,6
Kweneng West,Moretlwa Cattle Post,1,2022,-24.413735764763775,24.811569473702992,1,1,True,False,1
Kweneng West,Sekwekwerege,3,2022,-23.957539584777347,24.89143111102228,1,1,True,False,3
Kweneng West,Phuduhudu,51,2022,-23.520529551803996,24.538673480020854,1,1,True,False,51
Kweneng West,Kosuwe,83,2022,-23.86877940216202,24.14621762077242,1,1,True,False,83
Kweneng West,Mokitswe,6,2022,-24.288172135687443,24.84361400643593,1,1,True,False,6
Kweneng West,Mogagole,7,2022,-23.65274603593875,24.95011064085687,1,1,True,False,7
Kweneng West,Legojwanalabasarwa,2,2022,-23.71828733696027,24.028771531333252,1,1,True,False,2
Kweneng West,Chabuchabu,4,2022,-24.10445007581583,25.213705843567656,1,1,True,False,4
Kweneng West,Dikgokong,14,2022,-24.48666303035913,24.95371277240679,1,1,True,False,14
Kweneng West,Mokhawadikgomo,0,2022,-24.53316209486615,24.09910394828881,1,1,True,False,0
Kweneng West,Dilomakwati,1,2022,-23.54399140488163,23.06427566718186,1,1,True,False,1
Kweneng West,Senthumole/Mpata/Lebaoboe,20,2022,-24.15360870570952,23.428320289176153,1,1,True,False,20
Kweneng West,Phage,14,2022,-24.37598289787209,24.722861756212005,1,1,True,False,14
Kweneng West,Ditshotego/Lethejwa,14,2022,-23.915255388250422,23.16247731328523,1,1,True,False,14
Kweneng West,Marakakgotla,1,2022,-23.42851299133754,24.003710109357204,1,1,True,False,1
Kweneng West,Leswana,3,2022,-24.53241655252853,24.3204858096092,1,1,True,False,3
Kweneng West,Kgarebe,18,2022,-24.474746954527948,24.961989632036143,1,1,True,False,18
Kweneng West,Mokoduwe,4,2022,-24.038073232683892,24.888730181639552,1,1,True,False,4
Kweneng West,Jaolatlhe,2,2022,-23.72479102322399,24.69443177035721,1,1,True,False,2
Kweneng West,Sekgwasentsho,4,2022,-24.3959827,24.9669105,7,7,False,True,4
Kweneng West,Mogobodi,43,2022,-23.96661882161343,23.85803586927822,1,1,True,False,43
Kweneng West,Dikhaneng,56,2022,-23.45668657423347,23.23541314824946,1,1,True,False,56
Kweneng West,Diphalaneng,32,2022,-24.48933775977376,24.472472697162008,1,1,True,False,32
Kweneng West,Sengolwane,7,2022,-24.131123534351943,23.326983148425132,1,1,True,False,7
Kweneng West,Lehatleng,44,2022,-24.117563567190448,24.218364587308066,1,1,True,False,44
Kweneng West,Raditlou,29,2022,-24.131140042536146,25.202016111900555,1,1,True,False,29
Kweneng West,Mamojaki,6,2022,-23.952600967568568,24.192552154247803,1,1,True,False,6
Kweneng West,Lankho,4,2022,-23.586116932435644,24.415961922265627,1,1,True,False,4
Kweneng West,Ramesese,51,2022,-24.15805497463556,24.49106415299261,1,1,True,False,51
Kweneng West,Mathangane/Borole,18,2022,-23.641888310685747,24.84949915438487,1,1,True,False,18
Kweneng West,Maseole,11,2022,-24.36546166362947,23.92203841393501,1,1,True,False,11
Kweneng West,Metsibotlhoko Lands,28,2022,-23.864227278751134,24.068705771220618,1,1,True,False,28
Kweneng West,Tshweisane/Sehutshane,17,2022,-24.088839118081896,23.31451261239325,1,1,True,False,17
Kweneng West,Mathangane Cattle Post,17,2022,-23.890258272130065,24.34353746575922,1,1,True,False,17
Kweneng West,Tshiping,13,2022,-24.412305866287845,23.59548036023237,1,1,True,False,13
Kweneng West,Moilwane,11,2022,-23.3890327681731,24.092430966123104,1,1,True,False,11
Kweneng West,Manarele,10,2022,-23.44620151073334,24.699777988510142,1,1,True,False,10
Kweneng West,Serapo,5,2022,-23.54277731243464,22.942967634593877,1,1,True,False,5
Kweneng West,Mmamosharwe,31,2022,-23.462452744493156,24.2244655447613,1,1,True,False,31
Kweneng West,Seitsantse,56,2022,-24.3651925714103,23.308585337148624,1,1,True,False,56
Kweneng West,Kolodi,19,2022,-23.933198329569535,23.55707225351355,1,1,True,False,19
Kweneng West,Morupule,15,2022,-24.158022859635068,22.98317881021974,1,1,True,False,15
Kweneng West,Xhabega,6,2022,-23.46898271816121,23.299244630499608,1,1,True,False,6
Kweneng West,Maiteko,19,2022,-24.313467307746723,25.215975158935873,1,1,True,False,19
Kweneng West,Thuthwamabolaelo,10,2022,-24.276554457709903,25.243872016736645,1,1,True,False,10
Kweneng West,Masepaakukama,4,2022,-23.711785783389885,24.59021760378268,1,1,True,False,4
Kweneng West,Thipakaebaya/Xhanko,6,2022,-24.435113590787896,24.336915813271073,1,1,True,False,6
Kweneng West,Xhabakhura,6,2022,-23.65654813718818,24.72428874605753,1,1,True,False,6
Kweneng West,Lejobu 3,8,2022,-24.21825658312246,25.004696666306344,1,1,True,False,8
Kweneng West,Ditshaubane,2,2022,-23.74297727198892,24.11982808092049,1,1,True,False,2
Kweneng West,Palebale,10,2022,-23.48634331127956,22.98451747863817,1,1,True,False,10
Kweneng West,LO 9/Lejedu,3,2022,-23.8050768901202,24.56570135823198,1,1,True,False,3
Kweneng West,Masepaakukama 1,3,2022,-24.28534067885927,25.211220921413535,1,1,True,False,3
Kweneng West,Nato,3,2022,-24.483190024877246,23.507040110521668,1,1,True,False,3
Kweneng West,Lehataneng,13,2022,-24.48869719110564,23.988852024499813,1,1,True,False,13
Kweneng West,Diphuduhudu Cattle Post,8,2022,-24.435219796921505,23.749154370892263,1,1,True,False,8
Kweneng West,Phudutshwana,4,2022,-23.84112557735353,23.81762913558318,1,1,True,False,4
Kweneng West,Xwidisi,3,2022,-24.12135076284995,24.593858119034156,1,1,True,False,3
Kweneng West,Kwaladipala,1,2022,-24.2485299833789,23.789334146928386,1,1,True,False,1
Kweneng West,Motlotsane,7,2022,-24.277327372473614,25.109145044077607,1,1,True,False,7
Kweneng West,Letlapeng,58,2022,-23.39493892972925,24.753963865637186,1,1,True,False,58
Kweneng West,Sekgwasentsho Lands,12,2022,-24.3959827,24.9669105,7,7,False,True,12
Kweneng West,Maratswane Lands,32,2022,-24.398915527549654,22.96660433675222,1,1,True,False,32
Kweneng West,Localities with No Affiliation,"3,072",2022,-24.173866889242394,24.821728705269546,1,1,True,False,3072
Kweneng West,Kamaku's Farm,3,2022,-23.97221267238809,24.714555685781093,1,1,True,False,3
Kweneng West,Malope/Farm KN-45,3,2022,-24.542134094577875,24.113233875910183,1,1,True,False,3
Kweneng West,Sikwa Farm,7,2022,-23.428367927954184,24.06708144627785,1,1,True,False,7
Kweneng West,Kwakwadi,3,2022,-24.422773362814038,24.861552029760922,1,1,True,False,3
Kweneng West,Lopang,8,2022,-23.716920649287964,23.89812430334032,1,1,True,False,8
Kweneng West,Moretlwane,2,2022,-23.781780329310816,23.275787842644238,1,1,True,False,2
Kweneng West,Rakolonyane,7,2022,-23.563748761324458,23.635685557252867,1,1,True,False,7
Kweneng West,YU 4 Farm,12,2022,-23.75452946124313,23.523809718469664,1,1,True,False,12
Kweneng West,JIO Farm,6,2022,-23.611755386377272,24.499235119828878,1,1,True,False,6
Kweneng West,Monageng Farm,3,2022,-24.032986982050495,23.321317931262154,1,1,True,False,3
Kweneng West,Mocha Ranch,8,2022,-23.95136853070378,24.4141219762205,1,1,True,False,8
Kweneng West,Seseng Farm,13,2022,-23.693699834499853,23.99471921812988,1,1,True,False,13
Kweneng West,Bonno Farm,7,2022,-23.85490838357928,24.871248722470618,1,1,True,False,7
Kweneng West,Farm,19,2022,-23.92374039648913,24.039359837114773,1,1,True,False,19
Kweneng West,Mosepele farm (feed lot),1,2022,-24.29396198991908,25.082686442651188,1,1,True,False,1
Kweneng West,Thebephatshwa Air Base (BDFCamp),"2,929",2022,-24.230379135512543,25.013879277455008,1,1,True,False,2929
Kweneng West,Khutse South Gate Camp,18,2022,-24.10891318768846,23.33636302508239,1,1,True,False,18
Kweneng West,Khutse Gate Scout Camp,11,2022,-24.531444330003676,24.511214758915884,1,1,True,False,11
Kgatleng,Kgosing,668,2022,-23.899458581795034,26.667505189632905,1,1,True,False,668
Kgatleng,Morema,199,2022,-24.23619476771657,26.587247042707407,1,1,True,False,199
Kgatleng,Mabudisa,"2,173",2022,-24.424117574563493,26.055302073514685,1,1,True,False,2173
Kgatleng,Ntshinoge,"5,161",2022,-24.1596017680307,26.097297307384608,1,1,True,False,5161
Kgatleng,Makakatlela,"2,647",2022,-23.848079169519565,26.57892593622649,1,1,True,False,2647
Kgatleng,Mosanteng,"5,328",2022,-24.531877209628114,26.52069020647641,1,1,True,False,5328
Kgatleng,Manamakgote,"1,608",2022,-23.913547253360363,26.62734111170181,1,1,True,False,1608
Kgatleng,Moshawana,"2,874",2022,-23.93991752074636,26.155779352345583,1,1,True,False,2874
Kgatleng,Phaphane,"4,454",2022,-24.260369019215528,26.66502152320927,1,1,True,False,4454
Kgatleng,Raserura,"2,513",2022,-23.612566600850744,26.859517538867514,1,1,True,False,2513
Kgatleng,Rampedi,712,2022,-23.694277762673227,26.54847945319709,1,1,True,False,712
Kgatleng,Boseja-Borwa,"12,076",2022,-24.31933303311033,26.17257412695526,1,1,True,False,12076
Kgatleng,Tshukudu,528,2022,-24.62732136924385,26.621348460789868,1,1,True,False,528
Kgatleng,Boseja-Bokone,"4,754",2022,-24.32782133662146,26.30899582242989,1,1,True,False,4754
Kgatleng,Makgophane,"4,626",2022,-24.43973164161031,26.036253983630704,1,1,True,False,4626
Kgatleng,Radiajana,116,2022,-24.069664315574467,26.27117231379832,1,1,True,False,116
Kgatleng,Kotantsho,53,2022,-23.668306039821328,26.831192495884796,1,1,True,False,53
Kgatleng,Mmamarobole,5,2022,-23.720604576180524,26.372176721049446,1,1,True,False,5
Kgatleng,Matlhage,61,2022,-24.330496015194655,26.79320487856914,1,1,True,False,61
Kgatleng,Mmabane,136,2022,-24.197857796331693,26.462708849603324,1,1,True,False,136
Kgatleng,Mononnye,35,2022,-24.621432027367632,26.470431414182713,1,1,True,False,35
Kgatleng,Kobeng,14,2022,-24.073001011316904,25.995340540362665,1,1,True,False,14
Kgatleng,Kgwarape 2,22,2022,-24.592449614561072,26.58194974381338,1,1,True,False,22
Kgatleng,Mmaesoke,20,2022,-23.64684752964308,26.09058633615092,1,1,True,False,20
Kgatleng,Ditshilwana,25,2022,-23.724281886428617,26.434941218279597,1,1,True,False,25
Kgatleng,Mmatshwene,63,2022,-24.42950497352268,26.23216159104906,1,1,True,False,63
Kgatleng,Leloto,12,2022,-23.905318274489126,26.354764372029848,1,1,True,False,12
Kgatleng,Mabolaelo,46,2022,-24.047226186941323,26.489090540669142,1,1,True,False,46
Kgatleng,Chaoke,26,2022,-23.79512993554379,26.00392567400605,1,1,True,False,26
Kgatleng,Ditshego,6,2022,-24.1470203177783,26.25468946202871,1,1,True,False,6
Kgatleng,Moologe,173,2022,-24.453722713524517,26.90919830152825,1,1,True,False,173
Kgatleng,Ntshekeletse South,33,2022,-23.969629029567695,26.04378413406076,1,1,True,False,33
Kgatleng,Marapo,35,2022,-24.57417761639554,26.287005028369965,1,1,True,False,35
Kgatleng,Seshoboloko,32,2022,-24.029326641869584,26.288887697754582,1,1,True,False,32
Kgatleng,Rabotsiripa 1,100,2022,-24.431107004405032,26.342698643382406,1,1,True,False,100
Kgatleng,Monwane,21,2022,-23.92091078295033,26.62621025695044,1,1,True,False,21
Kgatleng,Mmasesa,49,2022,-23.766299136327923,26.220489469044537,1,1,True,False,49
Kgatleng,Dutela,56,2022,-24.542582139632025,26.41778628401264,1,1,True,False,56
Kgatleng,Diphala,21,2022,-24.228464257869973,26.58915322310607,1,1,True,False,21
Kgatleng,Mogonono West,37,2022,-23.86841967769634,26.289723748916995,1,1,True,False,37
Kgatleng,Dipoana,36,2022,-24.484048194553395,26.871285332474717,1,1,True,False,36
Kgatleng,Phatlhana,176,2022,-24.048843226035437,26.89997121261323,1,1,True,False,176
Kgatleng,Lengotswane & Makaleng,39,2022,-23.93506119501536,26.101596238521292,1,1,True,False,39
Kgatleng,Rabotsiripa 2,56,2022,-24.277595115500215,26.309681126764186,1,1,True,False,56
Kgatleng,Segoditshane,52,2022,-23.762043342845157,26.183567623172422,1,1,True,False,52
Kgatleng,Mogolegwa,49,2022,-24.10919996082464,26.163903000297875,1,1,True,False,49
Kgatleng,Ramotswadikgomo,13,2022,-23.983510536897313,26.44629618704231,1,1,True,False,13
Kgatleng,Mogonono East,98,2022,-24.508713875676936,26.513923512874367,1,1,True,False,98
Kgatleng,Magogodi,15,2022,-24.63588988639595,26.38564951797654,1,1,True,False,15
Kgatleng,Dikhutsana,20,2022,-24.60608354857211,26.243522681110697,1,1,True,False,20
Kgatleng,Motlatlagwe,13,2022,-23.684322095407538,26.24915466672892,1,1,True,False,13
Kgatleng,Nfeke,7,2022,-23.707310463912496,26.91153422116998,1,1,True,False,7
Kgatleng,Pholotona,50,2022,-23.78839505467818,26.847988348079607,1,1,True,False,50
Kgatleng,Lengotswane,2,2022,-24.445252294302403,26.060958233639422,1,1,True,False,2
Kgatleng,Mmabe,33,2022,-24.09320962518567,26.600002858476692,1,1,True,False,33
Kgatleng,Ramokolonyana,67,2022,-23.80079186127014,26.41463758564291,1,1,True,False,67
Kgatleng,Ramodibe,195,2022,-23.93200346458635,26.62995443425026,1,1,True,False,195
Kgatleng,Ramabele,44,2022,-24.53610359547968,26.54468288922434,1,1,True,False,44
Kgatleng,Ditlou,51,2022,-23.69337466096986,26.816030130102114,1,1,True,False,51
Kgatleng,Lephala,9,2022,-24.487311706937046,26.052686199640142,1,1,True,False,9
Kgatleng,Tomosi,28,2022,-24.475304963610395,26.315045124071297,1,1,True,False,28
Kgatleng,Dinoga,18,2022,-23.687467683095743,26.90537555869901,1,1,True,False,18
Kgatleng,Ledule,69,2022,-24.13733476670392,26.159721510023346,1,1,True,False,69
Kgatleng,Mahutangwane,15,2022,-24.25804190858759,26.108707234565358,1,1,True,False,15
Kgatleng,Mamarobole,16,2022,-24.062744577561634,26.6672347879386,1,1,True,False,16
Kgatleng,Leloto 2,8,2022,-23.600616209992186,26.712225266191254,1,1,True,False,8
Kgatleng,Mmakgomo,63,2022,-24.531663973940308,26.614599114342486,1,1,True,False,63
Kgatleng,Phataname,22,2022,-23.843109005458146,26.711074740454304,1,1,True,False,22
Kgatleng,Seswaane,1,2022,-24.29970834438662,26.634510259123264,1,1,True,False,1
Kgatleng,Dikalakana,10,2022,-24.534452670071854,26.11653989827906,1,1,True,False,10
Kgatleng,Dikeletsane,63,2022,-24.205057734476817,26.555137149192788,1,1,True,False,63
Kgatleng,Mmane,16,2022,-24.068042683422885,26.711706806994048,1,1,True,False,16
Kgatleng,Lekwatsi,29,2022,-24.438392282368337,26.793995148381683,1,1,True,False,29
Kgatleng,Bogwete,8,2022,-24.223061308008784,26.219089010133963,1,1,True,False,8
Kgatleng,Majwane,41,2022,-23.97413143613589,26.108797582332727,1,1,True,False,41
Kgatleng,Lesabe,10,2022,-24.03812101818239,26.715618626757227,1,1,True,False,10
Kgatleng,Thebele,6,2022,-23.879613633146704,26.22866311682379,1,1,True,False,6
Kgatleng,Ramputswa,13,2022,-23.75726556104163,26.020139539622324,1,1,True,False,13
Kgatleng,Tshele,88,2022,-24.21887924039836,26.75658006053245,1,1,True,False,88
Kgatleng,Diphuduhudu,46,2022,-24.203940693394262,26.46023183312651,1,1,True,False,46
Kgatleng,Seleme,218,2022,-24.12428879808746,26.29372590869113,1,1,True,False,218
Kgatleng,Marokolwane/ Mmamarobole,68,2022,-24.04902720811711,26.001108141267075,1,1,True,False,68
Kgatleng,Senamane,67,2022,-24.543880832689428,26.023294021329953,1,1,True,False,67
Kgatleng,Kgope,171,2022,-24.32314263914009,26.726325057485028,1,1,True,False,171
Kgatleng,Diphiri,10,2022,-24.475201135625436,26.44511352007182,1,1,True,False,10
Kgatleng,Nkaitsoka,43,2022,-24.244038990679975,26.12949156613207,1,1,True,False,43
Kgatleng,Diphiring,60,2022,-23.609306100115447,26.32331454802286,1,1,True,False,60
Kgatleng,Tlokweng 1,28,2022,-24.03133297078761,26.143958041885572,1,1,True,False,28
Kgatleng,Tlokweng,179,2022,-24.197010782166963,26.09529091260569,1,1,True,False,179
Kgatleng,Borojana,22,2022,-24.04947717402168,26.247006707475915,1,1,True,False,22
Kgatleng,Morekolwane,36,2022,-23.93804570397581,26.500630962985433,1,1,True,False,36
Kgatleng,Sowelong,38,2022,-24.19099088798183,26.185456374322833,1,1,True,False,38
Kgatleng,Phatlhaneng,87,2022,-24.177209013744008,26.309542986284224,1,1,True,False,87
Kgatleng,Lenganeng,48,2022,-23.90312242822278,26.434182268535675,1,1,True,False,48
Kgatleng,Tilwane,77,2022,-24.59515643028006,26.380430088192245,1,1,True,False,77
Kgatleng,Ditshetshwana,48,2022,-24.077412194504685,26.109908845547455,1,1,True,False,48
Kgatleng,Thoredi,32,2022,-24.06958231564687,26.02657867955593,1,1,True,False,32
Kgatleng,Boswelakgosi,4,2022,-23.843321397590465,26.023415896410686,1,1,True,False,4
Kgatleng,Molongwane 1,57,2022,-23.59926850544399,26.315584590312064,1,1,True,False,57
Kgatleng,Molongwane 2,104,2022,-23.801183302884255,26.657793596797653,1,1,True,False,104
Kgatleng,Ruele,39,2022,-24.11662180562411,26.112348069043524,1,1,True,False,39
Kgatleng,Magotlho-a-Disa,92,2022,-24.477835801471482,26.721086269146216,1,1,True,False,92
Kgatleng,Rabotsepo,32,2022,-24.025358375813354,26.654889951005647,1,1,True,False,32
Kgatleng,Molongwane,206,2022,-23.759540488588936,25.99415891610271,1,1,True,False,206
Kgatleng,Mmamashia,182,2022,-23.653537440121966,26.01532922739546,1,1,True,False,182
Kgatleng,Mokobeng,5,2022,-23.769251617856852,26.171555915445456,1,1,True,False,5
Kgatleng,Setshego,97,2022,-24.456751451497524,26.042597511048342,1,1,True,False,97
Kgatleng,Metsimotlhaba,146,2022,-23.891049311612168,26.483767183719056,1,1,True,False,146
Kgatleng,Magodialla,1,2022,-23.70999787566598,26.02728573041135,1,1,True,False,1
Kgatleng,Legotlhong 1,53,2022,-23.925145355358016,26.735629447828,1,1,True,False,53
Kgatleng,Mmatshipa,192,2022,-23.9200296094934,26.44813637893343,1,1,True,False,192
Kgatleng,Moelole,7,2022,-24.12053966690805,26.666290068574195,1,1,True,False,7
Kgatleng,Belabela,315,2022,-23.972726711472937,26.687408208945982,1,1,True,False,315
Kgatleng,Lesetlheng,7,2022,-24.342864837235762,26.460949262809223,1,1,True,False,7
Kgatleng,Legotlhong,156,2022,-24.564962115097202,26.84955307399265,1,1,True,False,156
Kgatleng,Kokobela,9,2022,-23.7666537832025,26.909782080963932,1,1,True,False,9
Kgatleng,Kgalapitse,192,2022,-23.64194454916005,26.323972798473488,1,1,True,False,192
Kgatleng,Mosese,143,2022,-23.735206289792764,26.107343219415533,1,1,True,False,143
Kgatleng,Ramokebetwane,49,2022,-24.300153799976542,26.327707983718675,1,1,True,False,49
Kgatleng,Boladu,0,2022,-24.559862585707823,26.197847250169815,1,1,True,False,0
Kgatleng,Nkudialela,141,2022,-24.358252166833353,26.483453924982772,1,1,True,False,141
Kgatleng,Kopi,46,2022,-23.75031771698724,26.341771859297058,1,1,True,False,46
Kgatleng,Mokatse,"4,321",2022,-23.95237394084012,26.436520331056656,1,1,True,False,4321
Kgatleng,Bodumatau,121,2022,-23.616501338836652,26.6989986071247,1,1,True,False,121
Kgatleng,Boragane,31,2022,-24.290681483766665,26.244883727590082,1,1,True,False,31
Kgatleng,Modipane Lands,61,2022,-24.065104830069632,26.489459435770943,1,1,True,False,61
Kgatleng,Kgwarape,85,2022,-23.80735944557139,26.301642934846793,1,1,True,False,85
Kgatleng,Segakwana,52,2022,-24.408108509024206,26.719211708441232,1,1,True,False,52
Kgatleng,Ramokwena,23,2022,-23.619314975917547,26.58420799547589,1,1,True,False,23
Kgatleng,Nkopane,24,2022,-24.02088910902588,25.99839331554114,1,1,True,False,24
Kgatleng,Lebatlane,19,2022,-24.652379519974826,26.603252702206984,1,1,True,False,19
Kgatleng,Pelotshetlha,8,2022,-24.63373655193115,26.148466879216564,1,1,True,False,8
Kgatleng,Manonnye,9,2022,-23.707771109175816,26.663058896292252,1,1,True,False,9
Kgatleng,Malekgorwane,7,2022,-23.9637537090961,26.51718344733398,1,1,True,False,7
Kgatleng,Matswereng,5,2022,-23.836493028838518,26.363212034968242,1,1,True,False,5
Kgatleng,Mokgongwana,2,2022,-23.81386581666216,26.634830405155984,1,1,True,False,2
Kgatleng,Kgonono,18,2022,-24.20664978049732,26.785711237376567,1,1,True,False,18
Kgatleng,Rantlape,21,2022,-23.798097201335334,26.713440054301575,1,1,True,False,21
Kgatleng,Lekoba,5,2022,-23.648007571819203,26.496797579129872,1,1,True,False,5
Kgatleng,Rantsipe,17,2022,-24.474899368192347,26.661406936047012,1,1,True,False,17
Kgatleng,Segwati,6,2022,-23.8353436187532,26.374753093083186,1,1,True,False,6
Kgatleng,Lenkwane,5,2022,-24.328375361724188,26.7229856657964,1,1,True,False,5
Kgatleng,Mmaphitshane,15,2022,-24.313572888458634,26.760143349276696,1,1,True,False,15
Kgatleng,Sefako,9,2022,-24.214974135469394,26.117953909701182,1,1,True,False,9
Kgatleng,Ramotsumi,14,2022,-23.727754613008425,26.211472984490882,1,1,True,False,14
Kgatleng,Lesunyana,2,2022,-24.63708275721463,26.241140424385666,1,1,True,False,2
Kgatleng,Ramonaka lands,6,2022,-24.19210072971943,26.14467896732671,1,1,True,False,6
Kgatleng,Borakalalo,45,2022,-23.92619259969126,26.35490551844318,1,1,True,False,45
Kgatleng,Diile,19,2022,-24.541619801364313,26.169699223649978,1,1,True,False,19
Kgatleng,Dikgokonnye,42,2022,-23.804965967303968,26.543363346062854,1,1,True,False,42
Kgatleng,Ditlhokwe,76,2022,-23.64328608464729,26.08483208672134,1,1,True,False,76
Kgatleng,Nkowe,48,2022,-24.562666564917357,26.24107582619747,1,1,True,False,48
Kgatleng,Maphephe,6,2022,-24.495667749576345,26.608330098540424,1,1,True,False,6
Kgatleng,Tlhapadiatla,19,2022,-23.608503202751475,26.360484973790104,1,1,True,False,19
Kgatleng,Mmilo,33,2022,-24.44714995282893,26.381760407623158,1,1,True,False,33
Kgatleng,Ditshesebe,4,2022,-24.575626048008314,26.731247121032403,1,1,True,False,4
Kgatleng,Morulaoesi,66,2022,-23.63216889683309,26.90446339342837,1,1,True,False,66
Kgatleng,Ditshetswana,30,2022,-23.69652778005811,26.51507528617735,1,1,True,False,30
Kgatleng,Mmamotsatsing,24,2022,-23.952470133611964,26.06389953422521,1,1,True,False,24
Kgatleng,Sekotlo/Maoka,55,2022,-24.065149334744092,26.086027358702665,1,1,True,False,55
Kgatleng,Moshibidu,20,2022,-23.667778510310665,26.889599834291676,1,1,True,False,20
Kgatleng,Sekgwasabokaa,15,2022,-23.95269204397007,26.621061655840567,1,1,True,False,15
Kgatleng,Ramonnye,8,2022,-23.949584199655956,26.68904819119049,1,1,True,False,8
Kgatleng,Sekoto,2,2022,-23.749399178549595,26.617839229864828,1,1,True,False,2
Kgatleng,Katane,21,2022,-23.955149289727334,26.157244922828085,1,1,True,False,21
Kgatleng,Mekgatle,11,2022,-24.116742513305816,26.406732321828702,1,1,True,False,11
Kgatleng,Bodiakhudu,21,2022,-24.239859231999503,26.731391185781312,1,1,True,False,21
Kgatleng,Thakadu,33,2022,-24.1173291610317,26.794780858469498,1,1,True,False,33
Kgatleng,Motlhaje,12,2022,-24.09642920239809,26.210827001101705,1,1,True,False,12
Kgatleng,Sebilo,5,2022,-24.27107140063113,26.543755552749833,1,1,True,False,5
Kgatleng,Manyenyele,15,2022,-24.176767559648088,26.136342608795825,1,1,True,False,15
Kgatleng,Ntswaneng,5,2022,-23.79457437496585,26.88010858550134,1,1,True,False,5
Kgatleng,Tlharedintle,25,2022,-24.210913455562782,26.224630338460443,1,1,True,False,25
Kgatleng,Setshabakapere,8,2022,-24.633297381485683,26.665065361828656,1,1,True,False,8
Kgatleng,Seritibyane,29,2022,-24.355139622871466,26.205050315095335,1,1,True,False,29
Kgatleng,Bloisele,13,2022,-24.410539480486513,26.562407981547636,1,1,True,False,13
Kgatleng,Thejwane,6,2022,-23.803530755908813,26.60252206383864,1,1,True,False,6
Kgatleng,Sepitswane,26,2022,-24.17549847538541,26.295392259273598,1,1,True,False,26
Kgatleng,Ramosari,3,2022,-24.3580661711681,26.750657505965084,1,1,True,False,3
Kgatleng,Lesu,12,2022,-23.78503130772681,26.812426761162634,1,1,True,False,12
Kgatleng,Sepere,5,2022,-24.640150279657863,26.784297039331715,1,1,True,False,5
Kgatleng,Khurunyane,32,2022,-24.472652435018247,26.297592542250754,1,1,True,False,32
Kgatleng,Marobo,8,2022,-23.767474974853695,26.681501813412844,1,1,True,False,8
Kgatleng,Makgopong Grazing Area,27,2022,-24.065991177346067,26.509897885338315,1,1,True,False,27
Kgatleng,Mabitse,9,2022,-23.82506542544298,26.540660949272212,1,1,True,False,9
Kgatleng,Rankwatile,7,2022,-23.75535166270714,26.43371271334918,1,1,True,False,7
Kgatleng,Lekgarapana,9,2022,-23.643220298709874,26.547746835150015,1,1,True,False,9
Kgatleng,Mapupupu,4,2022,-24.59238844346027,26.11643172368754,1,1,True,False,4
Kgatleng,Tlabeane,10,2022,-23.79742357874879,26.37004887578119,1,1,True,False,10
Kgatleng,Lephalalamorena,15,2022,-23.895165306060182,26.155438514210935,1,1,True,False,15
Kgatleng,Mmamantswe,8,2022,-24.43724278318265,26.250532289044138,1,1,True,False,8
Kgatleng,Majwaneng,11,2022,-23.65430646165973,26.109153857536096,1,1,True,False,11
Kgatleng,Lethakane,1,2022,-24.224214713728255,26.18776702013423,1,1,True,False,1
Kgatleng,Phiring,11,2022,-23.701942911800995,26.716397333034994,1,1,True,False,11
Kgatleng,Mosetlha,8,2022,-24.007150784162242,26.500935380643867,1,1,True,False,8
Kgatleng,Tshipabosigo,18,2022,-24.09181667904483,26.012446947212123,1,1,True,False,18
Kgatleng,Sosobane,14,2022,-24.488563298962386,26.722519973390792,1,1,True,False,14
Kgatleng,Sebalamakgolo,6,2022,-23.673077920685735,26.83479752855077,1,1,True,False,6
Kgatleng,Borobise,27,2022,-24.059497815257274,26.807839235597157,1,1,True,False,27
Kgatleng,Magutla,8,2022,-24.65432980165567,26.754540785114152,1,1,True,False,8
Kgatleng,Diroka,28,2022,-24.641157491534912,26.911616181375596,1,1,True,False,28
Kgatleng,Ditladi,6,2022,-23.820762399334132,26.534880737011907,1,1,True,False,6
Kgatleng,Thagale,123,2022,-24.485956935428106,26.88411044940604,1,1,True,False,123
Kgatleng,Lelotong,4,2022,-24.014038586577968,26.871351850177305,1,1,True,False,4
Kgatleng,Matlhagare,105,2022,-23.9250751348183,26.281291296030485,1,1,True,False,105
Kgatleng,Mateane,22,2022,-24.359087089572,26.79206154683193,1,1,True,False,22
Kgatleng,Mfetlhedi,2,2022,-24.04582877727516,26.7261852442355,1,1,True,False,2
Kgatleng,Dikhudu,3,2022,-24.40133789238588,26.710706140207634,1,1,True,False,3
Kgatleng,Ditshwannye,14,2022,-23.63851849016423,26.822554876344228,1,1,True,False,14
Kgatleng,Mmamagwaile,10,2022,-23.7315893241013,26.34715849056946,1,1,True,False,10
Kgatleng,Marukuku,28,2022,-24.349712296322885,26.361886627251756,1,1,True,False,28
Kgatleng,Legotlholamalete,8,2022,-24.0895839968642,26.58468672093534,1,1,True,False,8
Kgatleng,Seboloko,9,2022,-24.120031264928063,26.675434415852717,1,1,True,False,9
Kgatleng,Makhujwane,10,2022,-23.62370863225029,26.807196660829582,1,1,True,False,10
Kgatleng,Mokoduane,24,2022,-24.235205670062047,26.803583748362122,1,1,True,False,24
Kgatleng,Bodungwane,62,2022,-24.053484723352188,26.66014931226124,1,1,True,False,62
Kgatleng,Bodungwe,16,2022,-23.657542967123184,26.878823668933943,1,1,True,False,16
Kgatleng,Masuathaga,14,2022,-24.485011917175154,26.15632680662703,1,1,True,False,14
Kgatleng,Dikgama,32,2022,-24.066170657131703,26.87274029509055,1,1,True,False,32
Kgatleng,Makgobokgobo,10,2022,-24.5467436108786,26.05008977719702,1,1,True,False,10
Kgatleng,Phatanatipi,12,2022,-23.993769859056883,26.50630623967323,1,1,True,False,12
Kgatleng,Monogabotlhaba,51,2022,-24.2658300611599,26.074231803856748,1,1,True,False,51
Kgatleng,Mokolobate,8,2022,-23.6154837923532,26.517798297319338,1,1,True,False,8
Kgatleng,Boswangope,30,2022,-24.21210641314222,26.352654010899993,1,1,True,False,30
Kgatleng,Bollakgokonyane,3,2022,-24.513775693525766,26.06625962607865,1,1,True,False,3
Kgatleng,Tautshokwane,23,2022,-23.75986344621272,26.592173347243374,1,1,True,False,23
Kgatleng,Ramolosi,29,2022,-23.774052551786834,26.669301275761867,1,1,True,False,29
Kgatleng,Bojelaoitsane,3,2022,-23.910189836203696,26.152201983621627,1,1,True,False,3
Kgatleng,Sebonwane,60,2022,-23.85190022211509,26.63517416174998,1,1,True,False,60
Kgatleng,Thakatswane,1,2022,-24.37491526709967,26.156715717966,1,1,True,False,1
Kgatleng,Kgobaseretse,38,2022,-23.96724125046423,26.11804916934314,1,1,True,False,38
Kgatleng,Mashibitswane/ Sebalamakgolo,22,2022,-24.61983555926892,26.127301804298646,1,1,True,False,22
Kgatleng,Masepa-a-phiri,8,2022,-24.44819306988207,26.546648902182945,1,1,True,False,8
Kgatleng,Makobane,10,2022,-23.65368287854033,26.713483773979483,1,1,True,False,10
Kgatleng,Ramotshweu,20,2022,-23.862246620443678,26.544620686401007,1,1,True,False,20
Kgatleng,Masebetlha,11,2022,-24.41169477075045,26.74185456530077,1,1,True,False,11
Kgatleng,Dipholo,3,2022,-24.540574378381898,26.539592440718632,1,1,True,False,3
Kgatleng,Mmaletsoku,8,2022,-23.63570512528074,26.730686396048483,1,1,True,False,8
Kgatleng,Letlhakane,22,2022,-24.53970511871463,26.897046804792094,1,1,True,False,22
Kgatleng,Mpepu,16,2022,-24.38317506251004,26.353443191968452,1,1,True,False,16
Kgatleng,Monametsana,58,2022,-24.463595329767344,26.12969592029702,1,1,True,False,58
Kgatleng,Malotwana,103,2022,-24.65284813321005,26.116192817765427,1,1,True,False,103
Kgatleng,Ngotlwane,54,2022,-24.32152267487312,26.545162741990573,1,1,True,False,54
Kgatleng,Tlhagale 2,6,2022,-23.60841499219793,26.498397848568413,1,1,True,False,6
Kgatleng,Mampokoro,58,2022,-24.291521719823407,26.161531808257223,1,1,True,False,58
Kgatleng,Mmankotolwane,25,2022,-24.116064034052293,26.80939484946276,1,1,True,False,25
Kgatleng,Matobonyane,116,2022,-23.85500745466561,26.878689607364237,1,1,True,False,116
Kgatleng,Lephale,106,2022,-24.06552836419423,26.22556922298109,1,1,True,False,106
Kgatleng,Diolo,28,2022,-23.85754019694079,26.18255652760442,1,1,True,False,28
Kgatleng,Lesiaphiri,17,2022,-23.946084577822177,26.189091068058598,1,1,True,False,17
Kgatleng,Molapowamalotwana,24,2022,-24.003424161330003,26.350158452559796,1,1,True,False,24
Kgatleng,Leshibitse Lands,10,2022,-23.959035218541874,26.782586328825726,1,1,True,False,10
Kgatleng,Kgorotlhwe,13,2022,-23.79749961819683,26.543754456475178,1,1,True,False,13
Kgatleng,Kidinye,21,2022,-23.893625478205255,26.053210823028433,1,1,True,False,21
Kgatleng,Temesele,57,2022,-23.805483126319636,26.429585295844976,1,1,True,False,57
Kgatleng,Linchwe,40,2022,-24.503609185184303,26.074356875949032,1,1,True,False,40
Kgatleng,Pitsetshweu,14,2022,-23.92875736522193,26.36760443545505,1,1,True,False,14
Kgatleng,Nokana,22,2022,-23.86463794805497,26.36510350298643,1,1,True,False,22
Kgatleng,Masama,1,2022,-24.336830066129014,26.592392307095555,1,1,True,False,1
Kgatleng,Bokamoso,17,2022,-23.716023902462087,26.500580293506392,1,1,True,False,17
Kgatleng,Lefarwe Lands,12,2022,-24.331703412061383,26.802571353655797,1,1,True,False,12
Kgatleng,Three,20,2022,-24.39747724121835,26.005606968176394,1,1,True,False,20
Kgatleng,Gate seven,9,2022,-23.72410580313575,26.709035162498637,1,1,True,False,9
Kgatleng,Gate Seven Camp,16,2022,-24.39403324901804,26.011532734876308,1,1,True,False,16
Kgatleng,Ratlhokwa,53,2022,-24.212005632603457,26.272983636527062,1,1,True,False,53
Kgatleng,Maologane,26,2022,-24.2634103819652,26.807127996350168,1,1,True,False,26
Kgatleng,Manong,5,2022,-23.69065139527898,26.631439853791427,1,1,True,False,5
Kgatleng,Ntlhopheng,26,2022,-24.169078039768113,26.150170084381138,1,1,True,False,26
Kgatleng,Pala Camp,70,2022,-23.91078479432037,26.446114886819057,1,1,True,False,70
Kgatleng,Matlhalerwa,7,2022,-23.803037131656236,26.66067341498583,1,1,True,False,7
Kgatleng,Maomane,19,2022,-23.982528738782236,26.860675048305627,1,1,True,False,19
Kgatleng,Sekorola,2,2022,-23.641350126176754,26.579366279367026,1,1,True,False,2
Kgatleng,Tswaing,1,2022,-23.793887680436985,26.01340527015129,1,1,True,False,1
Kgatleng,Ditshilo,4,2022,-24.228531160699845,26.454393223237886,1,1,True,False,4
Kgatleng,Makorwana,24,2022,-23.63366058941546,26.132499019954402,1,1,True,False,24
Kgatleng,Ramotlabaki,23,2022,-24.09416449758265,26.034853859006088,1,1,True,False,23
Kgatleng,Phalane,13,2022,-24.636519595754272,26.54612175664284,1,1,True,False,13
Kgatleng,Khurutshe lands,96,2022,-24.37999521274269,26.71174878666414,1,1,True,False,96
Kgatleng,Xalana,13,2022,-23.98919908454246,26.02397460033175,1,1,True,False,13
Kgatleng,Boswelakgama,11,2022,-24.491490120418092,26.717938398165217,1,1,True,False,11
Kgatleng,Polokabatho,19,2022,-24.029888388705654,26.646268949895735,1,1,True,False,19
Kgatleng,Mokata,8,2022,-24.27024366628708,26.68860051570977,1,1,True,False,8
Kgatleng,Mfaladi,15,2022,-24.08356513365792,26.217690116440384,1,1,True,False,15
Kgatleng,Leselo,7,2022,-24.658886425606823,26.35588997953459,1,1,True,False,7
Kgatleng,Kgwele,1,2022,-23.74428265894407,26.101667961932858,1,1,True,False,1
Kgatleng,Moralana,9,2022,-24.269889874560246,26.212270980304464,1,1,True,False,9
Kgatleng,Tshipastena,14,2022,-24.509485668556707,26.271590974778043,1,1,True,False,14
Kgatleng,Makanyane,41,2022,-24.187790335586854,26.28704508769414,1,1,True,False,41
Kgatleng,Diphagane,16,2022,-24.135648969178426,26.152995229875344,1,1,True,False,16
Kgatleng,Molekane,8,2022,-23.97226593599618,26.165687465468558,1,1,True,False,8
Kgatleng,Mmaofonditse,8,2022,-24.09417788681804,26.827372636824656,1,1,True,False,8
Kgatleng,Mahuhumetsa 2,38,2022,-24.613889383076238,26.71822093395238,1,1,True,False,38
Kgatleng,Mahuhumetsa,174,2022,-23.719335316301116,26.310291809170053,1,1,True,False,174
Kgatleng,Dikgonnye Cattle post,165,2022,-24.167702489150958,26.870237194015914,1,1,True,False,165
Kgatleng,Kgatsana,6,2022,-24.577734872481972,26.212300466884475,1,1,True,False,6
Kgatleng,Matsimola,18,2022,-23.825953010223287,26.368167327037632,1,1,True,False,18
Kgatleng,Lebuladitholo,16,2022,-23.947685126873285,26.745729341718416,1,1,True,False,16
Kgatleng,Kokome,23,2022,-23.95926332692677,26.401648904460316,1,1,True,False,23
Kgatleng,Tibitswana,51,2022,-24.19967667400891,26.20831101076984,1,1,True,False,51
Kgatleng,Mosweunyana,19,2022,-24.21741343652666,26.332625690153602,1,1,True,False,19
Kgatleng,Dikwididi Lands,12,2022,-24.081454955278932,26.4553394032126,1,1,True,False,12
Kgatleng,Ramaungo,19,2022,-24.606250099870287,26.566669489704772,1,1,True,False,19
Kgatleng,Khwidiri,10,2022,-24.337919825285542,26.36704036024751,1,1,True,False,10
Kgatleng,Leswama,20,2022,-23.593597062248254,26.39089678796924,1,1,True,False,20
Kgatleng,Chaoke Lands,30,2022,-23.945483207900963,26.235528469282524,1,1,True,False,30
Kgatleng,Tshetlhong,25,2022,-24.208298041288117,26.487484452402015,1,1,True,False,25
Kgatleng,Ramatlhaku,19,2022,-24.420672237761753,26.194228877882555,1,1,True,False,19
Kgatleng,Mosarwa,41,2022,-23.85579227665916,26.795860759423324,1,1,True,False,41
Kgatleng,Thulare,27,2022,-24.37969591113529,26.6843117354793,1,1,True,False,27
Central Serowe/ Palapye,Hulwane,90,2022,-22.92069525541975,27.3918110061688,2,2,True,False,90
Central Serowe/ Palapye,Sajwe,43,2022,-21.9445241336018,27.98508182418844,2,2,True,False,43
Central Serowe/ Palapye,Nalalatladi,37,2022,-22.494956766598428,27.550162056527032,2,2,True,False,37
Central Serowe/ Palapye,Botepetepe,61,2022,-22.621171607923902,26.386118902994212,2,2,True,False,61
Central Serowe/ Palapye,Masama,394,2022,-22.86544321157914,27.049728109312657,2,2,True,False,394
Central Serowe/ Palapye,Segakwana,93,2022,-22.328723210852832,27.26047141678411,2,2,True,False,93
Central Serowe/ Palapye,Bikwe,157,2022,-21.47606883843626,26.43905174169768,2,2,True,False,157
Central Serowe/ Palapye,Masuakoloi,80,2022,-22.37460412887949,26.969160380829162,2,2,True,False,80
Central Serowe/ Palapye,Mosuspan,20,2022,-21.807274904030216,26.69428058555961,2,2,True,False,20
Central Serowe/ Palapye,Kgaswe,107,2022,-21.67891006669849,26.38741321387668,2,2,True,False,107
Central Serowe/ Palapye,Kakamane,138,2022,-22.38880378495033,27.11792494377874,2,2,True,False,138
Central Serowe/ Palapye,Masudiakgopo,9,2022,-21.571056001236343,26.47436830973933,2,2,True,False,9
Central Serowe/ Palapye,Mahataanare,66,2022,-21.786057516258854,27.263753444983514,2,2,True,False,66
Central Serowe/ Palapye,Bollankwe,1,2022,-22.005824873538707,26.481918112234275,2,2,True,False,1
Central Serowe/ Palapye,Mmantshadidi,151,2022,-22.93079058333712,27.5109470310947,2,2,True,False,151
Central Serowe/ Palapye,Ramashaba,22,2022,-22.874293004670204,26.529374911056408,2,2,True,False,22
Central Serowe/ Palapye,Dithojane,93,2022,-21.29066641030313,27.831769978796427,2,2,True,False,93
Central Serowe/ Palapye,Jwenyane,48,2022,-21.636266420295183,26.215347611549593,2,2,True,False,48
Central Serowe/ Palapye,Naka-tsa-Kgama,37,2022,-21.378980310043325,27.136420135666633,2,2,True,False,37
Central Serowe/ Palapye,Mogatsapoo,163,2022,-21.437406112861705,26.7613450335402,2,2,True,False,163
Central Serowe/ Palapye,Ditshoswane,10,2022,-22.898562959901827,26.584802044201407,2,2,True,False,10
Central Serowe/ Palapye,Mathape,28,2022,-21.6204208500033,27.042797285119114,2,2,True,False,28
Central Serowe/ Palapye,Tshetlhong 1,43,2022,-22.184930263310687,27.73095568448553,2,2,True,False,43
Central Serowe/ Palapye,Mangolwane,13,2022,-21.6242136431167,27.86705341604138,2,2,True,False,13
Central Serowe/ Palapye,Ditharapeng,22,2022,-22.921307597072335,26.730029766551976,2,2,True,False,22
Central Serowe/ Palapye,Tsokung,3,2022,-22.45491671324288,26.453209029910113,2,2,True,False,3
Central Serowe/ Palapye,Mmabogopa,42,2022,-21.687564381920062,27.504529322786446,2,2,True,False,42
Central Serowe/ Palapye,Mmangwedi,37,2022,-21.61847647630366,27.247890322158508,2,2,True,False,37
Central Serowe/ Palapye,Khumanego,17,2022,-21.905628018103684,26.540102795932427,2,2,True,False,17
Central Serowe/ Palapye,Mookoso,2,2022,-22.433282715937917,27.5791297136299,2,2,True,False,2
Central Serowe/ Palapye,Mmadikolobe,13,2022,-22.418194291407367,27.130722367940674,2,2,True,False,13
Central Serowe/ Palapye,Maumo,92,2022,-21.330600888349622,27.38053033466886,2,2,True,False,92
Central Serowe/ Palapye,Palamaokwe,16,2022,-22.20470302259031,26.834234260602013,2,2,True,False,16
Central Serowe/ Palapye,Tshetlhong 2,136,2022,-22.191591334424334,26.982409253899746,2,2,True,False,136
Central Serowe/ Palapye,Morongwa,72,2022,-22.017273209127936,26.501694648650474,2,2,True,False,72
Central Serowe/ Palapye,Naka-la-Phala 1,7,2022,-22.253929349542386,27.572107396332175,2,2,True,False,7
Central Serowe/ Palapye,Mmamorontshe,82,2022,-22.01671182660385,26.458350852952577,2,2,True,False,82
Central Serowe/ Palapye,Monokela,31,2022,-22.216097141010167,27.61258266901555,2,2,True,False,31
Central Serowe/ Palapye,Phate,27,2022,-21.562648569566377,27.64919100276531,2,2,True,False,27
Central Serowe/ Palapye,Old Kutswe,1,2022,-21.426225638143162,27.553687538016785,2,2,True,False,1
Central Serowe/ Palapye,Itsokwane 1,142,2022,-21.388018714181147,26.202739558541587,2,2,True,False,142
Central Serowe/ Palapye,Dikukumuru,82,2022,-21.997450923672673,26.674081516714615,2,2,True,False,82
Central Serowe/ Palapye,Naka-la-Phala 2,1,2022,-22.199837728691406,27.036731516869917,2,2,True,False,1
Central Serowe/ Palapye,Itsokwane,33,2022,-21.763920630867627,27.27305536905817,2,2,True,False,33
Central Serowe/ Palapye,Letetengwa,56,2022,-21.543414126611037,27.874382220097324,2,2,True,False,56
Central Serowe/ Palapye,Mahapswe,78,2022,-21.999628034173494,26.864454896990843,2,2,True,False,78
Central Serowe/ Palapye,Seshere,3,2022,-21.77263434499963,27.79226994650166,2,2,True,False,3
Central Serowe/ Palapye,Bojelakhudu,1,2022,-21.690206189601913,26.470274114354172,2,2,True,False,1
Central Serowe/ Palapye,Moriri,24,2022,-21.811716122175795,26.85641903329109,2,2,True,False,24
Central Serowe/ Palapye,Shakge,52,2022,-21.69616407311144,26.2637852582938,2,2,True,False,52
Central Serowe/ Palapye,Lehatshe 2,0,2022,-22.58672992255197,27.54604889247668,2,2,True,False,0
Central Serowe/ Palapye,Mabuduloge,19,2022,-22.106676717915942,26.446537939495077,2,2,True,False,19
Central Serowe/ Palapye,Sokwe,134,2022,-21.957731067069165,26.644146499971626,2,2,True,False,134
Central Serowe/ Palapye,Serokolwane,81,2022,-22.928329308929207,27.606880459758294,2,2,True,False,81
Central Serowe/ Palapye,Mpheretlhe,11,2022,-21.514188151259084,27.160050044044322,2,2,True,False,11
Central Serowe/ Palapye,Moko,109,2022,-21.921683561884098,26.19261444827202,2,2,True,False,109
Central Serowe/ Palapye,Phikwe,4,2022,-22.718468624600252,26.17080855220369,2,2,True,False,4
Central Serowe/ Palapye,Motlhabaosabonwe,110,2022,-21.579810517377894,27.11535876834322,2,2,True,False,110
Central Serowe/ Palapye,Balantoko,99,2022,-21.74434116113376,26.733200828665684,2,2,True,False,99
Central Serowe/ Palapye,Mabolawa,132,2022,-21.676006211536468,26.50163770281261,2,2,True,False,132
Central Serowe/ Palapye,Nkuke,13,2022,-22.282858668813706,27.306587749519302,2,2,True,False,13
Central Serowe/ Palapye,Motolo,38,2022,-21.517104304049546,26.591044134974275,2,2,True,False,38
Central Serowe/ Palapye,Tlhwareng,3,2022,-22.246431457082142,27.266855481648946,2,2,True,False,3
Central Serowe/ Palapye,Serowe Lands,35,2022,-21.987156672956992,26.871254386669424,2,2,True,False,35
Central Serowe/ Palapye,Segakwana 2,47,2022,-22.93137076507277,26.513592189455846,2,2,True,False,47
Central Serowe/ Palapye,Patwene,3,2022,-21.863942801670905,26.42322629148887,2,2,True,False,3
Central Serowe/ Palapye,Metsimasweu,21,2022,-21.742487375495845,26.60669444418686,2,2,True,False,21
Central Serowe/ Palapye,Phikwane,27,2022,-21.992789790993523,26.222077941105983,2,2,True,False,27
Central Serowe/ Palapye,Lehatshe,0,2022,-22.10968520636398,26.73909272943617,2,2,True,False,0
Central Serowe/ Palapye,Rancheng,6,2022,-21.59044882689765,27.842302913646286,2,2,True,False,6
Central Serowe/ Palapye,Mochinyana(Goxuba),2,2022,-21.80346650081076,27.71115640065486,2,2,True,False,2
Central Serowe/ Palapye,Xanabee,2,2022,-22.471693289365774,26.857762719215,2,2,True,False,2
Central Serowe/ Palapye,Makiti-a-Mangana,2,2022,-21.343343508915257,27.23643681743318,2,2,True,False,2
Central Serowe/ Palapye,Manganaosi,8,2022,-21.760561864136157,27.22069560973352,2,2,True,False,8
Central Serowe/ Palapye,Tshoswane,4,2022,-21.295516024868217,27.70628045662638,2,2,True,False,4
Central Serowe/ Palapye,Xwagore,1,2022,-21.32314921129016,26.60563456914771,2,2,True,False,1
Central Serowe/ Palapye,Ghoche,4,2022,-21.40989072354679,26.717283194742215,2,2,True,False,4
Central Serowe/ Palapye,Mahatane Cattle Post,16,2022,-21.680857627229162,26.72731146988543,2,2,True,False,16
Central Serowe/ Palapye,Moitshopari,10,2022,-21.92266965104927,26.242584062647868,2,2,True,False,10
Central Serowe/ Palapye,Nxanakao,11,2022,-22.647164910831773,26.751281538979345,2,2,True,False,11
Central Serowe/ Palapye,Mogabaladi,14,2022,-22.032154406416325,27.797639824576315,2,2,True,False,14
Central Serowe/ Palapye,Kautshephe,8,2022,-21.66428034391527,27.86094209172006,2,2,True,False,8
Central Serowe/ Palapye,Makhiadintsi,4,2022,-22.069425211169268,26.370335997192083,2,2,True,False,4
Central Serowe/ Palapye,Gwagoree,11,2022,-21.49384698342728,27.017634868326013,2,2,True,False,11
Central Serowe/ Palapye,Madibamantsho,10,2022,-22.750745811661577,26.875124082625007,2,2,True,False,10
Central Serowe/ Palapye,Khubu-la-Dintsa,7,2022,-22.301253794497175,27.075785068690948,2,2,True,False,7
Central Serowe/ Palapye,Cairo,2,2022,-22.094101036938913,27.197211158198588,2,2,True,False,2
Central Serowe/ Palapye,Molae,9,2022,-22.216113920298586,26.204292623067168,2,2,True,False,9
Central Serowe/ Palapye,Mogobe-Wa-Makgalo,21,2022,-22.752517623154827,27.731369436976692,2,2,True,False,21
Central Serowe/ Palapye,Sowa,78,2022,-22.67805350901257,27.975524246821063,2,2,True,False,78
Central Serowe/ Palapye,Dikara,10,2022,-21.544584394615864,27.380548192716304,2,2,True,False,10
Central Serowe/ Palapye,Mahatane,3,2022,-22.129857267776337,27.39364086641179,2,2,True,False,3
Central Serowe/ Palapye,Mangana,25,2022,-22.85170666494613,27.147534339978602,2,2,True,False,25
Central Serowe/ Palapye,Moselesejane,10,2022,-22.905110583526156,26.78766747291592,2,2,True,False,10
Central Serowe/ Palapye,Tiekom,14,2022,-22.147932186009395,26.443426256871593,2,2,True,False,14
Central Serowe/ Palapye,Xhodisa,1,2022,-22.660075395879613,27.251725957744007,2,2,True,False,1
Central Serowe/ Palapye,Metsibotlhoko,5,2022,-21.76410970469605,26.250147914732388,2,2,True,False,5
Central Serowe/ Palapye,Titiri,11,2022,-21.61466116896738,27.698412747745124,2,2,True,False,11
Central Serowe/ Palapye,Mpa-ya-Tshukudu,3,2022,-22.554169498867296,26.948623650718012,2,2,True,False,3
Central Serowe/ Palapye,Nkawane,8,2022,-21.951255243494543,26.937184323876995,2,2,True,False,8
Central Serowe/ Palapye,Goitane,0,2022,-22.676535206875133,26.774472385022246,2,2,True,False,0
Central Serowe/ Palapye,Seolwane,3,2022,-22.429427993825307,27.96751680765479,2,2,True,False,3
Central Serowe/ Palapye,Motsena,9,2022,-21.4597870793043,26.491615840272676,2,2,True,False,9
Central Serowe/ Palapye,Tshephe,6,2022,-22.030917239928684,26.44775491419754,2,2,True,False,6
Central Serowe/ Palapye,Morukuru,16,2022,-21.46460336334949,26.474179595912847,2,2,True,False,16
Central Serowe/ Palapye,Besiijenaa,6,2022,-22.559221237511565,27.390065065002734,2,2,True,False,6
Central Serowe/ Palapye,Mosokaphala,7,2022,-22.385616675598257,28.009394163659252,2,2,True,False,7
Central Serowe/ Palapye,Gamgoree,11,2022,-22.152112988934483,26.604120594196527,2,2,True,False,11
Central Serowe/ Palapye,Xlalajena,6,2022,-22.136988883169938,27.849107472184993,2,2,True,False,6
Central Serowe/ Palapye,Kgarangwe,8,2022,-21.279429090229424,26.684268450614145,2,2,True,False,8
Central Serowe/ Palapye,Mathoboro,6,2022,-22.742810207660778,27.37032123210918,2,2,True,False,6
Central Serowe/ Palapye,Tshwagong,13,2022,-21.520811576616616,26.241894750407052,2,2,True,False,13
Central Serowe/ Palapye,Nyetse,3,2022,-21.501397637835783,27.08747947569777,2,2,True,False,3
Central Serowe/ Palapye,Kuijoo,15,2022,-22.015838527809144,27.38271281050326,2,2,True,False,15
Central Serowe/ Palapye,Geeshore,10,2022,-22.362398783799904,27.163028200525314,2,2,True,False,10
Central Serowe/ Palapye,Lephala,12,2022,-22.07212771012641,26.608505388856468,2,2,True,False,12
Central Serowe/ Palapye,Toromole,1,2022,-22.44784438250289,27.705833488007393,2,2,True,False,1
Central Serowe/ Palapye,Moraleng,17,2022,-21.608391471357518,27.968970759895846,2,2,True,False,17
Central Serowe/ Palapye,Makhing Farm,11,2022,-22.10683476709538,27.01974821059624,2,2,True,False,11
Central Serowe/ Palapye,Serowe Farmers,5,2022,-21.398404316291415,27.348063631272268,2,2,True,False,5
Central Serowe/ Palapye,Balidze's Farm(Daukome),8,2022,-21.900695843462437,27.635081817866062,2,2,True,False,8
Central Serowe/ Palapye,Ramasie's Farm/Phokoje,10,2022,-22.080257754004283,26.615293169377864,2,2,True,False,10
Central Serowe/ Palapye,Xhaosa,0,2022,-21.754262054186366,27.772627597295386,2,2,True,False,0
Central Serowe/ Palapye,Goobokoo Farm,16,2022,-22.09746695943665,26.687211840880387,2,2,True,False,16
Central Serowe/ Palapye,Xhoobeng Farm,20,2022,-21.433755714470966,27.60799058761659,2,2,True,False,20
Central Serowe/ Palapye,Makhemabedi,26,2022,-22.626825934068712,26.374913393505643,2,2,True,False,26
Central Serowe/ Palapye,Tobetobe,2,2022,-21.319690645855356,26.702419375669326,2,2,True,False,2
Central Serowe/ Palapye,Marantafole,6,2022,-21.586714038066102,27.158012445173817,2,2,True,False,6
Central Serowe/ Palapye,Mahatana,1,2022,-21.506283310526012,27.141853644789,2,2,True,False,1
Central Serowe/ Palapye,Nkani / Metsibotlhoko,8,2022,-22.132303563820876,27.746582802382846,2,2,True,False,8
Central Serowe/ Palapye,haega,5,2022,-21.545273241297885,28.017256238604716,2,2,True,False,5
Central Serowe/ Palapye,Doleya,2,2022,-22.424140100598677,26.36583177338474,2,2,True,False,2
Central Serowe/ Palapye,Modisatota,7,2022,-21.66996077709248,26.67083951622169,2,2,True,False,7
Central Serowe/ Palapye,Gumas Intergrated Farm,3,2022,-22.699722711214754,26.831000166961378,2,2,True,False,3
Central Serowe/ Palapye,Mogonono Farm,19,2022,-22.42367975928597,27.056388223437388,2,2,True,False,19
Central Serowe/ Palapye,Sandano Farm,2,2022,-22.19389921288127,27.084239051283525,2,2,True,False,2
Central Serowe/ Palapye,Rador Farm,2,2022,-22.39838249204901,27.75729090734181,2,2,True,False,2
Central Serowe/ Palapye,Maxhiakgore,12,2022,-22.291185180070944,27.598197219917644,2,2,True,False,12
Central Serowe/ Palapye,Mshalalwe,5,2022,-21.573600988053656,26.201678369278813,2,2,True,False,5
Central Serowe/ Palapye,Kalahari,27,2022,-22.507147944281968,27.011993151702644,2,2,True,False,27
Central Serowe/ Palapye,Ganaape Farm,9,2022,-21.697576390013573,27.314910486320677,2,2,True,False,9
Central Serowe/ Palapye,Bashimoesi,2,2022,-22.810301251552698,27.021976619723482,2,2,True,False,2
Central Serowe/ Palapye,Xamjuwe,4,2022,-21.66367957554097,26.40936810341827,2,2,True,False,4
Central Serowe/ Palapye,Chalane Farm,6,2022,-21.62012931288562,26.905081365310068,2,2,True,False,6
Central Serowe/ Palapye,Gaexae,5,2022,-22.26685909377361,26.93142789213355,2,2,True,False,5
Central Serowe/ Palapye,Mathoame Ranch,7,2022,-21.73535932736035,26.51539370214755,2,2,True,False,7
Central Serowe/ Palapye,The way farm,3,2022,-21.416139433419534,27.571719575728565,2,2,True,False,3
Central Serowe/ Palapye,Chekanyane/Makolori,5,2022,-21.605731271978584,26.76375257656529,2,2,True,False,5
Central Serowe/ Palapye,Marulamantsi,6,2022,-22.285503005583745,27.260873643481922,2,2,True,False,6
Central Serowe/ Palapye,Makhiranting,1,2022,-22.130140175548817,27.124776951534294,2,2,True,False,1
Central Serowe/ Palapye,Mokobane,0,2022,-21.641115145971764,27.79673564063281,2,2,True,False,0
Central Serowe/ Palapye,Mokgacha-wa-Maje,4,2022,-22.44763414629522,26.393334730340122,2,2,True,False,4
Central Serowe/ Palapye,Selaga,6,2022,-21.600479275934006,26.378933245418235,2,2,True,False,6
Central Serowe/ Palapye,Tatanana,3,2022,-22.38885293967735,26.724588379698393,2,2,True,False,3
Central Serowe/ Palapye,Zwabau,5,2022,-21.596986786073654,26.967765011709336,2,2,True,False,5
Central Serowe/ Palapye,Xaxa,13,2022,-22.788615085010857,26.72128629702048,2,2,True,False,13
Central Serowe/ Palapye,Daukome C/Post,4,2022,-22.858872985556953,27.58450114573847,2,2,True,False,4
Central Serowe/ Palapye,Tsiga,2,2022,-21.2793835582266,26.622309656999242,2,2,True,False,2
Central Serowe/ Palapye,Pabase,13,2022,-21.49182888414107,26.324150093248562,2,2,True,False,13
Central Serowe/ Palapye,Kolokome,16,2022,-21.469642322964337,26.93541121780372,2,2,True,False,16
Central Serowe/ Palapye,Bootsei,4,2022,-21.35625640097075,27.603436174607236,2,2,True,False,4
Central Serowe/ Palapye,Gwiijinaa,20,2022,-22.20618739198221,27.74682572598573,2,2,True,False,20
Central Serowe/ Palapye,Swarekare,1,2022,-22.457176308943794,27.529060392565192,2,2,True,False,1
Central Serowe/ Palapye,Dine,7,2022,-22.71699619567985,27.203095081883433,2,2,True,False,7
Central Serowe/ Palapye,Kaogoree,0,2022,-22.101980083012716,27.51205572255111,2,2,True,False,0
Central Serowe/ Palapye,B2,11,2022,-22.56783627765735,27.432538071739838,2,2,True,False,11
Central Serowe/ Palapye,Gaedu,3,2022,-21.38231797881605,26.602061158016163,2,2,True,False,3
Central Serowe/ Palapye,Mmadipudi,0,2022,-22.925802148139073,27.189853116140632,2,2,True,False,0
Central Serowe/ Palapye,Ditawana,2,2022,-22.69517189564321,27.598290165129015,2,2,True,False,2
Central Serowe/ Palapye,Lekgori,2,2022,-22.52404841959851,26.75580118002832,2,2,True,False,2
Central Serowe/ Palapye,Bonwapitse,7,2022,-22.6027830276911,27.381604042104982,2,2,True,False,7
Central Serowe/ Palapye,Pelotshwaana,3,2022,-22.55834203109577,27.061147930842285,2,2,True,False,3
Central Serowe/ Palapye,Dzerudzwane,20,2022,-21.845427755031317,27.101421997491403,2,2,True,False,20
Central Serowe/ Palapye,Masomabedi,7,2022,-22.38977925490671,26.333959798916506,2,2,True,False,7
Central Serowe/ Palapye,Motsosangwedi,6,2022,-21.913399256551156,27.40435091861851,2,2,True,False,6
Central Serowe/ Palapye,Mahibitswane,16,2022,-21.457363958967658,27.774925045846448,2,2,True,False,16
Central Serowe/ Palapye,Gabetsha,1,2022,-21.93405688753017,26.42940633973801,2,2,True,False,1
Central Serowe/ Palapye,Mhata,21,2022,-21.78166153451922,26.84680526873741,2,2,True,False,21
Central Serowe/ Palapye,Daukome,4,2022,-22.32683148866714,26.257070154266028,2,2,True,False,4
Central Serowe/ Palapye,Ditlharapa Vet Camp,2,2022,-22.66776385378053,26.22170596960751,2,2,True,False,2
Central Serowe/ Palapye,Jwagoree,65,2022,-22.401258305174565,28.005238606824282,2,2,True,False,65
Central Serowe/ Palapye,Maphanephane,1,2022,-21.334712186514217,27.08342490077406,2,2,True,False,1
Central Serowe/ Palapye,Matlapana,16,2022,-21.902153851665442,26.82713745522547,2,2,True,False,16
Central Serowe/ Palapye,Ruthwane,1,2022,-22.472625993676424,26.677321258568576,2,2,True,False,1
Central Serowe/ Palapye,Senwatibi,10,2022,-22.18531214109331,27.98731859171552,2,2,True,False,10
Central Serowe/ Palapye,Matsiara,4,2022,-21.54807094174147,26.635286248088256,2,2,True,False,4
Central Serowe/ Palapye,Kobe,41,2022,-21.824888842366892,27.5148734290596,2,2,True,False,41
Central Serowe/ Palapye,Makwa,125,2022,-22.00348762623732,26.693820371597784,2,2,True,False,125
Central Serowe/ Palapye,Xhuuxhuga,6,2022,-21.465805974216757,26.29761105060456,2,2,True,False,6
Central Serowe/ Palapye,Xhanakae,13,2022,-21.818267855475284,27.436043878068357,2,2,True,False,13
Central Serowe/ Palapye,Ngonaju,10,2022,-21.86749418086304,26.169685780572525,2,2,True,False,10
Central Serowe/ Palapye,Moralane,24,2022,-22.618007604151067,27.422058206034666,2,2,True,False,24
Central Serowe/ Palapye,Tamatsiri,4,2022,-22.756159271950693,26.631804393720298,2,2,True,False,4
Central Serowe/ Palapye,Kgokonyane,5,2022,-21.33328813082124,27.552764711821276,2,2,True,False,5
Central Serowe/ Palapye,Bolelathaga,32,2022,-21.940184770005615,27.5966940121532,2,2,True,False,32
Central Serowe/ Palapye,Masenyane,25,2022,-22.243687912335055,27.511898807739026,2,2,True,False,25
Central Serowe/ Palapye,Rangaletsang,17,2022,-21.956484634771396,26.21214121514132,2,2,True,False,17
Central Serowe/ Palapye,Mosi,18,2022,-22.830018576264393,27.474054373291093,2,2,True,False,18
Central Serowe/ Palapye,Mothaphutha,6,2022,-21.570249853486462,28.006143571064726,2,2,True,False,6
Central Serowe/ Palapye,Capetown,10,2022,-22.573474362186847,26.61740419652006,2,2,True,False,10
Central Serowe/ Palapye,Kokorega,11,2022,-21.599380308493775,26.67613504828737,2,2,True,False,11
Central Serowe/ Palapye,Kabinakwe,9,2022,-22.047021754221195,27.678021556177978,2,2,True,False,9
Central Serowe/ Palapye,Poungwe,9,2022,-22.474182000855837,26.46464038244916,2,2,True,False,9
Central Serowe/ Palapye,Sedibakgolo,1,2022,-22.88238004612787,27.393885049433976,2,2,True,False,1
Central Serowe/ Palapye,Isasaa,1,2022,-21.58067826605928,27.569340228988686,2,2,True,False,1
Central Serowe/ Palapye,Setlhorana,4,2022,-22.640057662219082,26.235692891724693,2,2,True,False,4
Central Serowe/ Palapye,Molodi,15,2022,-22.84659894848095,27.195432449915465,2,2,True,False,15
Central Serowe/ Palapye,Lebalamakgasa,2,2022,-21.680018920161405,27.23651789152167,2,2,True,False,2
Central Serowe/ Palapye,Maipaafela,6,2022,-22.352447334720544,26.730390697559987,2,2,True,False,6
Central Serowe/ Palapye,Matopi a Takana,8,2022,-22.287346318133178,27.79472474508336,2,2,True,False,8
Central Serowe/ Palapye,Ditshele,3,2022,-22.523067973431814,26.469011614766675,2,2,True,False,3
Central Serowe/ Palapye,Matikwe 2,2,2022,-21.508859601111673,26.84325511034644,2,2,True,False,2
Central Serowe/ Palapye,Amojinae,7,2022,-22.43978881620551,27.74330844363887,2,2,True,False,7
Central Serowe/ Palapye,Kgomoenose,12,2022,-22.58416630060182,26.52083116000883,2,2,True,False,12
Central Serowe/ Palapye,Tawe,14,2022,-22.420038200684445,27.692600763598872,2,2,True,False,14
Central Serowe/ Palapye,Saejane,6,2022,-22.595835859456415,26.3135503223683,2,2,True,False,6
Central Serowe/ Palapye,Madiga,18,2022,-22.40611111168219,27.07554331488023,2,2,True,False,18
Central Serowe/ Palapye,Tsarutshuu,9,2022,-22.795017723521056,26.306604928038315,2,2,True,False,9
Central Serowe/ Palapye,Sethorana,11,2022,-22.669766119161885,27.426061890809354,2,2,True,False,11
Central Serowe/ Palapye,Kaexwaa,1,2022,-22.241418826342272,27.63543149336005,2,2,True,False,1
Central Serowe/ Palapye,Serwe,16,2022,-21.475243728572565,27.74551896164017,2,2,True,False,16
Central Serowe/ Palapye,Xjhosha,9,2022,-22.837509789883605,27.989640103120927,2,2,True,False,9
Central Serowe/ Palapye,Makhiaphiri,8,2022,-22.580053640345184,27.41512344880956,2,2,True,False,8
Central Serowe/ Palapye,Setatse 1,122,2022,-21.4273943251581,27.59541537822242,2,2,True,False,122
Central Serowe/ Palapye,Patikwane,60,2022,-21.4577670163404,27.106251200673974,2,2,True,False,60
Central Serowe/ Palapye,Modibedi,24,2022,-21.806650875959456,27.86233405132979,2,2,True,False,24
Central Serowe/ Palapye,Molaka/Leboana,1,2022,-22.53399364679894,27.36262710365825,2,2,True,False,1
Central Serowe/ Palapye,Lemone,145,2022,-22.236849621954985,27.808113384776714,2,2,True,False,145
Central Serowe/ Palapye,Leupane,9,2022,-22.582462300652754,26.604077579948303,2,2,True,False,9
Central Serowe/ Palapye,Morupule Lands,28,2022,-22.719376313464924,27.089492965329114,2,2,True,False,28
Central Serowe/ Palapye,Dikabeane,6,2022,-22.30281452013475,27.522509942457727,2,2,True,False,6
Central Serowe/ Palapye,Makoro Siding,63,2022,-21.97835445509412,26.54327146201778,2,2,True,False,63
Central Serowe/ Palapye,Mpudula,16,2022,-22.336061470224337,26.559282011223136,2,2,True,False,16
Central Serowe/ Palapye,Botwetwee,25,2022,-21.920357969859282,27.983658912911892,2,2,True,False,25
Central Serowe/ Palapye,Makoro,223,2022,-22.441569640185822,26.974072955125777,2,2,True,False,223
Central Serowe/ Palapye,Mokowe,4,2022,-22.359394223001562,26.504431839364518,2,2,True,False,4
Central Serowe/ Palapye,Majwana-maswaana,1,2022,-21.622365553983272,26.782447942625833,2,2,True,False,1
Central Serowe/ Palapye,Palapye Lands,67,2022,-21.477152687437773,26.904899421367695,2,2,True,False,67
Central Serowe/ Palapye,Modole,11,2022,-22.398855764208957,27.324220675901888,2,2,True,False,11
Central Serowe/ Palapye,Dikabeane 2,34,2022,-21.985488754203608,27.88142801850562,2,2,True,False,34
Central Serowe/ Palapye,Makoro 2,14,2022,-22.47154707733205,27.99953811009768,2,2,True,False,14
Central Serowe/ Palapye,Phuduhudu,146,2022,-22.84406467215104,27.37737869581127,2,2,True,False,146
Central Serowe/ Palapye,Molapo-wa-Dipitse,22,2022,-21.709877222632397,27.466968262278208,2,2,True,False,22
Central Serowe/ Palapye,Sesokwe,34,2022,-22.649098815615574,26.764548622316475,2,2,True,False,34
Central Serowe/ Palapye,Maduteleng,7,2022,-22.227070642266163,27.75908095283171,2,2,True,False,7
Central Serowe/ Palapye,Mmakgabo,12,2022,-22.125447860883597,26.571280658180626,2,2,True,False,12
Central Serowe/ Palapye,Dikabeya,84,2022,-22.626783478758888,26.36428943838667,2,2,True,False,84
Central Serowe/ Palapye,Mohibitswane,79,2022,-22.775765955819768,27.974766112123465,2,2,True,False,79
Central Serowe/ Palapye,Mankgatau,6,2022,-22.35581119195246,27.7720485131038,2,2,True,False,6
Central Serowe/ Palapye,Bonwakatlhako,83,2022,-21.354589622922152,26.73076641271927,2,2,True,False,83
Central Serowe/ Palapye,Dikabeya 2,55,2022,-21.913214995541413,27.42098478103913,2,2,True,False,55
Central Serowe/ Palapye,Dikabeya 3,93,2022,-22.300475248328546,27.034280369310455,2,2,True,False,93
Central Serowe/ Palapye,Bonwakatlhako 2,82,2022,-22.86796354432674,26.766961965736023,2,2,True,False,82
Central Serowe/ Palapye,Morupule Mine,77,2022,-21.93784039924327,26.69942369487942,2,2,True,False,77
Central Serowe/ Palapye,Makoro Foot & Mouth Camp,4,2022,-22.77957303796126,26.419367107594173,2,2,True,False,4
Central Serowe/ Palapye,Ramoherwana Vet Camp,11,2022,-22.03349210104914,27.18717638666164,2,2,True,False,11
Central Serowe/ Palapye,Makoro quarantine Camp,2,2022,-21.686525946993022,26.996341097916854,2,2,True,False,2
Central Serowe/ Palapye,Makoro Brick Tile,30,2022,-22.230595165654325,27.118193370701135,2,2,True,False,30
Central Serowe/ Palapye,Majestic Five,8,2022,-22.436339196004017,26.5667454689574,2,2,True,False,8
Central Serowe/ Palapye,Morupule Power Station,10,2022,-22.85392392083492,27.910402211109187,2,2,True,False,10
Central Serowe/ Palapye,Maokwe,120,2022,-22.891380464311126,27.353027531586896,2,2,True,False,120
Central Serowe/ Palapye,Mmamadila,25,2022,-22.21992268667463,27.837929603283474,2,2,True,False,25
Central Serowe/ Palapye,Dinonong,14,2022,-21.46881757093644,26.369659425899822,2,2,True,False,14
Central Serowe/ Palapye,Makobeng,10,2022,-22.52804664962923,27.323785410112773,2,2,True,False,10
Central Serowe/ Palapye,Pitsewesi,29,2022,-21.981280710303583,27.74478191936803,2,2,True,False,29
Central Serowe/ Palapye,Malegombo,22,2022,-21.798606634455144,26.781438970135415,2,2,True,False,22
Central Serowe/ Palapye,Mhate,28,2022,-22.831645810047394,26.52919200390499,2,2,True,False,28
Central Serowe/ Palapye,Mojakubu,10,2022,-22.67876252803026,26.659011256819152,2,2,True,False,10
Central Serowe/ Palapye,Maboaneng,16,2022,-22.38354148715274,26.67371091288714,2,2,True,False,16
Central Serowe/ Palapye,Seresetwane,72,2022,-21.82215560947371,26.997460001040118,2,2,True,False,72
Central Serowe/ Palapye,Mahututu,3,2022,-22.20499640544393,26.77222955142543,2,2,True,False,3
Central Serowe/ Palapye,Marobonya,2,2022,-21.715944988883983,26.670627615906543,2,2,True,False,2
Central Serowe/ Palapye,Mogobewadira,20,2022,-21.49490949373818,27.371458905415572,2,2,True,False,20
Central Serowe/ Palapye,Lekadiba,39,2022,-21.675885699787045,26.26517927493017,2,2,True,False,39
Central Serowe/ Palapye,Bodibeng,15,2022,-21.288377625461052,26.7989821252091,2,2,True,False,15
Central Serowe/ Palapye,Diphore,11,2022,-21.682531882135322,27.448073753564383,2,2,True,False,11
Central Serowe/ Palapye,Setatse East,13,2022,-21.52045673525457,26.493348784965505,2,2,True,False,13
Central Serowe/ Palapye,Rakhunotswana,7,2022,-21.553284683560264,26.577094677779836,2,2,True,False,7
Central Serowe/ Palapye,Lecheng Vet Camp,11,2022,-21.722455467680902,26.53945345335899,2,2,True,False,11
Central Serowe/ Palapye,Leboana,155,2022,-21.603927164577403,26.16837651645507,2,2,True,False,155
Central Serowe/ Palapye,Dikakabala,24,2022,-21.3837555556968,27.046819360513936,2,2,True,False,24
Central Serowe/ Palapye,Rasentshadi,11,2022,-22.14506246889765,26.239033444183328,2,2,True,False,11
Central Serowe/ Palapye,Moremi Lands,14,2022,-21.874855315218234,26.67372221761635,2,2,True,False,14
Central Serowe/ Palapye,Moremi,14,2022,-22.079229830506907,28.01479682818984,2,2,True,False,14
Central Serowe/ Palapye,Goo Moremi Gorge,8,2022,-21.52234926281049,27.87284788953984,2,2,True,False,8
Central Serowe/ Palapye,Matoteng,8,2022,-22.217713979923392,26.566222761013798,2,2,True,False,8
Central Serowe/ Palapye,Mosa,27,2022,-21.574227253709978,26.742576967997543,2,2,True,False,27
Central Serowe/ Palapye,Mhapha,4,2022,-21.6079820065241,27.028124054415603,2,2,True,False,4
Central Serowe/ Palapye,Senongope,16,2022,-21.338683032984076,27.73540326491581,2,2,True,False,16
Central Serowe/ Palapye,Mojemane,12,2022,-22.519997546638287,27.657807616690377,2,2,True,False,12
Central Serowe/ Palapye,Nkgobotlwane,1,2022,-21.7566643052115,26.401186709645657,2,2,True,False,1
Central Serowe/ Palapye,Thakadiawa,12,2022,-21.678292813589387,26.397856448217325,2,2,True,False,12
Central Serowe/ Palapye,Matlane,9,2022,-21.381112356436468,26.940859097623086,2,2,True,False,9
Central Serowe/ Palapye,Raphusu,2,2022,-21.429785662816535,27.783114864347517,2,2,True,False,2
Central Serowe/ Palapye,Ramosasi,11,2022,-21.982158279157687,27.80538910089463,2,2,True,False,11
Central Serowe/ Palapye,Sotoma,1,2022,-21.972834348882415,26.366119738718385,2,2,True,False,1
Central Serowe/ Palapye,Gobolatau,14,2022,-22.655249661783348,27.23358263009596,2,2,True,False,14
Central Serowe/ Palapye,Marutujwe,1,2022,-21.317016373465943,26.455868602843047,2,2,True,False,1
Central Serowe/ Palapye,Setshweu,13,2022,-22.509895800994304,27.441343601476618,2,2,True,False,13
Central Serowe/ Palapye,Seokeng,98,2022,-21.7316173854394,27.869201105836083,2,2,True,False,98
Central Serowe/ Palapye,Selophale,21,2022,-21.613879869153063,27.011524117714696,2,2,True,False,21
Central Serowe/ Palapye,Mokgacha-wa-Dinama 1,77,2022,-22.20138370676289,26.32100676340902,2,2,True,False,77
Central Serowe/ Palapye,Kgophathathe,57,2022,-22.582507491702696,27.242791548861906,2,2,True,False,57
Central Serowe/ Palapye,Tshokana,8,2022,-22.61934597250525,26.92559622719504,2,2,True,False,8
Central Serowe/ Palapye,Rasepepe,1,2022,-21.513304206618148,27.67313964759227,2,2,True,False,1
Central Serowe/ Palapye,Mabalelo,12,2022,-22.086161044836924,26.798946243360124,2,2,True,False,12
Central Serowe/ Palapye,Marolahutshe,24,2022,-22.783086764049852,27.792035644551973,2,2,True,False,24
Central Serowe/ Palapye,Rakgokwane,5,2022,-21.74440328452075,26.675135248801865,2,2,True,False,5
Central Serowe/ Palapye,Khie,0,2022,-22.51792583209419,26.45929147636582,2,2,True,False,0
Central Serowe/ Palapye,Sepenane,13,2022,-21.480333908296615,26.73603371258057,2,2,True,False,13
Central Serowe/ Palapye,Ramoreta,2,2022,-22.419504579011576,26.23152238346934,2,2,True,False,2
Central Serowe/ Palapye,Setote,51,2022,-22.60060566081115,26.68915335102913,2,2,True,False,51
Central Serowe/ Palapye,Sebesetsane,29,2022,-22.7918327902985,27.393019239637866,2,2,True,False,29
Central Serowe/ Palapye,Bokotelo,16,2022,-22.084877525111672,26.430988606147544,2,2,True,False,16
Central Serowe/ Palapye,Maore/Makoba,2,2022,-22.185606538531115,26.373549289618058,2,2,True,False,2
Central Serowe/ Palapye,Molaodi,3,2022,-21.687583653670618,26.412600732165874,2,2,True,False,3
Central Serowe/ Palapye,Mmuomohibidu,2,2022,-22.162633579472097,26.310731112684582,2,2,True,False,2
Central Serowe/ Palapye,Mmabanyana,8,2022,-22.362765289641303,27.791549294944755,2,2,True,False,8
Central Serowe/ Palapye,Kobalebakami,13,2022,-22.49889818532303,27.920628340993872,2,2,True,False,13
Central Serowe/ Palapye,Senthane,6,2022,-22.47157282299057,26.25315707487598,2,2,True,False,6
Central Serowe/ Palapye,Rasegojwa,1,2022,-21.395081027917787,27.57871355539268,2,2,True,False,1
Central Serowe/ Palapye,Mohibidu,6,2022,-22.6589157689649,27.536132829292477,2,2,True,False,6
Central Serowe/ Palapye,Kgagodi Lands,28,2022,-21.295122517621984,28.01870934449341,2,2,True,False,28
Central Serowe/ Palapye,Dikgoropa,3,2022,-22.390761173933637,26.81292837599209,2,2,True,False,3
Central Serowe/ Palapye,Tlhagasanong,6,2022,-22.785980953766042,26.697073177217497,2,2,True,False,6
Central Serowe/ Palapye,Maratele,31,2022,-22.520379162001444,27.00838969862989,2,2,True,False,31
Central Serowe/ Palapye,Sesarweng,57,2022,-22.835648039272815,27.75799708123188,2,2,True,False,57
Central Serowe/ Palapye,Mmabothubela,35,2022,-21.623432305382998,27.520233626138694,2,2,True,False,35
Central Serowe/ Palapye,Mothathane,9,2022,-22.083184541551905,27.042836363469757,2,2,True,False,9
Central Serowe/ Palapye,Mototswane,26,2022,-22.37408086023974,26.621003627442278,2,2,True,False,26
Central Serowe/ Palapye,Kobalemakabe,44,2022,-21.83548302393715,27.517302209049674,2,2,True,False,44
Central Serowe/ Palapye,Moralana,13,2022,-21.887514879213334,27.754191742814452,2,2,True,False,13
Central Serowe/ Palapye,Chalaole,13,2022,-21.375158115742536,26.90968339732103,2,2,True,False,13
Central Serowe/ Palapye,Segobedie,1,2022,-21.339719566018058,27.408750698318993,2,2,True,False,1
Central Serowe/ Palapye,Kgaragana,2,2022,-21.804608010048664,26.910167891881777,2,2,True,False,2
Central Serowe/ Palapye,Molapong,2,2022,-21.577393336701356,27.05559871691206,2,2,True,False,2
Central Serowe/ Palapye,Mokgalwaneng,4,2022,-21.61946347397934,27.14183187932834,2,2,True,False,4
Central Serowe/ Palapye,Tlhapang-ka-Mashi,6,2022,-22.11839270275894,27.607795538661517,2,2,True,False,6
Central Serowe/ Palapye,Setshweumane,16,2022,-21.765215949182565,27.982661729784805,2,2,True,False,16
Central Serowe/ Palapye,Elebi,47,2022,-22.802767415392072,26.992197235118493,2,2,True,False,47
Central Serowe/ Palapye,Lotsane,18,2022,-21.676467593265006,26.802607107031772,2,2,True,False,18
Central Serowe/ Palapye,Ntsingwane,6,2022,-21.33877100488394,26.860711503869375,2,2,True,False,6
Central Serowe/ Palapye,Marokolwane,3,2022,-22.791640076621707,26.415394443639865,2,2,True,False,3
Central Serowe/ Palapye,Palamaokue,5,2022,-21.5470722481624,26.718307302424076,2,2,True,False,5
Central Serowe/ Palapye,Mosamo,18,2022,-21.38657759490474,26.32725757213372,2,2,True,False,18
Central Serowe/ Palapye,Tamasane Lands,15,2022,-22.557661949920295,26.96159582266309,2,2,True,False,15
Central Serowe/ Palapye,Mmamaruswa,4,2022,-22.062873768816747,26.47757149813972,2,2,True,False,4
Central Serowe/ Palapye,Lechana,38,2022,-21.395063922655698,26.810208720637526,2,2,True,False,38
Central Serowe/ Palapye,Maotokgonyana,34,2022,-21.34143365242788,27.640960774930978,2,2,True,False,34
Central Serowe/ Palapye,Mmalesogo,6,2022,-22.720546293719494,26.623539159626244,2,2,True,False,6
Central Serowe/ Palapye,Khupare,6,2022,-22.354168851664497,27.303430768056188,2,2,True,False,6
Central Serowe/ Palapye,Mmadikukama,2,2022,-21.77567704964322,27.840866334772976,2,2,True,False,2
Central Serowe/ Palapye,Bokamoso Farm,3,2022,-22.565334057691956,27.219894209017557,2,2,True,False,3
Central Serowe/ Palapye,Sepadi / Stanley's Farm,11,2022,-22.394321571103642,26.526682947045526,2,2,True,False,11
Central Serowe/ Palapye,Tshisi,19,2022,-22.893843972805044,26.80716091131898,2,2,True,False,19
Central Serowe/ Palapye,Diolomachene,3,2022,-22.678064466300054,27.26344096126052,2,2,True,False,3
Central Serowe/ Palapye,Sepadi,3,2022,-22.000709573710758,27.107835642390157,2,2,True,False,3
Central Serowe/ Palapye,Matimela,5,2022,-21.8503281098704,26.44276118873605,2,2,True,False,5
Central Serowe/ Palapye,Mogobe wa Mophane,3,2022,-21.857251040321813,26.996712015184414,2,2,True,False,3
Central Serowe/ Palapye,Sekokonyane,6,2022,-21.64276720088616,27.175562590470783,2,2,True,False,6
Central Serowe/ Palapye,Mmadiphalne,2,2022,-22.244353979731954,26.663305380255704,2,2,True,False,2
Central Serowe/ Palapye,Malokoloko,4,2022,-22.479287411787883,27.3044542161708,2,2,True,False,4
Central Serowe/ Palapye,Village Lesenepole/ Matolwane and Associated Localitie,"2,455",2022,-22.5186136,27.5381866,7,7,False,True,2455
Central Serowe/ Palapye,Lesenepole Lands,4,2022,-22.90661929135744,26.296999082023124,2,2,True,False,4
Central Serowe/ Palapye,Matoposane/Morobosi,7,2022,-22.590069421324323,26.79200286392285,2,2,True,False,7
Central Serowe/ Palapye,Mpane,1,2022,-22.41483869679901,27.660837478550015,2,2,True,False,1
Central Serowe/ Palapye,Mokolobeng,23,2022,-22.63716352487695,26.648354006703165,2,2,True,False,23
Central Serowe/ Palapye,Mokgatcha-wa_ditshepe,17,2022,-22.899057564743867,27.290950526051468,2,2,True,False,17
Central Serowe/ Palapye,Mmamotlhotlhore,16,2022,-22.671559584859818,26.928407151982448,2,2,True,False,16
Central Serowe/ Palapye,Motsingwane,8,2022,-21.828772651395226,26.754574070278334,2,2,True,False,8
Central Serowe/ Palapye,Mmamongadi,43,2022,-21.889273034690305,27.86864086914081,2,2,True,False,43
Central Serowe/ Palapye,Makgothwane,12,2022,-21.382097970830465,26.804365903541147,2,2,True,False,12
Central Serowe/ Palapye,Marogwane,0,2022,-21.609947563478922,26.606351306403074,2,2,True,False,0
Central Serowe/ Palapye,Maphaneng,0,2022,-21.99171818673748,27.855951437689914,2,2,True,False,0
Central Serowe/ Palapye,Mmadichijane,1,2022,-22.704517475169457,27.552467694735775,2,2,True,False,1
Central Serowe/ Palapye,Mabalane,14,2022,-21.99782271100745,27.433300099109942,2,2,True,False,14
Central Serowe/ Palapye,Mokuruenyane,18,2022,-22.830377958786112,26.25868176769713,2,2,True,False,18
Central Serowe/ Palapye,Matshajwana,6,2022,-22.218500520825266,26.410407919992963,2,2,True,False,6
Central Serowe/ Palapye,Lepoke,1,2022,-22.285814306921505,27.352560793065773,2,2,True,False,1
Central Serowe/ Palapye,Moleejane,27,2022,-22.223589015825112,26.555739276534304,2,2,True,False,27
Central Serowe/ Palapye,Letsibogo,75,2022,-22.46879059633392,26.585845121514154,2,2,True,False,75
Central Serowe/ Palapye,Motobetsong,4,2022,-21.796080473840743,27.61413563811278,2,2,True,False,4
Central Serowe/ Palapye,Pakame,64,2022,-21.53907158929925,26.697845940324527,2,2,True,False,64
Central Serowe/ Palapye,Lerala Lands,136,2022,-21.659076889411775,26.29965053200132,2,2,True,False,136
Central Serowe/ Palapye,Lephaneng,107,2022,-21.892310669227804,26.234339089552524,2,2,True,False,107
Central Serowe/ Palapye,Kukubjwe,18,2022,-22.040449886950732,26.98998984881436,2,2,True,False,18
Central Serowe/ Palapye,Mokgacha,3,2022,-22.880931528892155,27.313154385979647,2,2,True,False,3
Central Serowe/ Palapye,Jwelejwete,22,2022,-21.73460348876536,27.780866642169123,2,2,True,False,22
Central Serowe/ Palapye,Nawane,16,2022,-22.029451132463567,26.372507851069663,2,2,True,False,16
Central Serowe/ Palapye,Rakeswele,7,2022,-22.483843340931855,26.532033793314266,2,2,True,False,7
Central Serowe/ Palapye,Taukoma,17,2022,-22.389232542297616,27.150916925940844,2,2,True,False,17
Central Serowe/ Palapye,Taukoma 2,14,2022,-21.382225308677924,26.84309469483133,2,2,True,False,14
Central Serowe/ Palapye,Mmabereku,3,2022,-21.897927322978532,27.063111664236622,2,2,True,False,3
Central Serowe/ Palapye,Sesulela,37,2022,-22.14389425927864,27.88349015225963,2,2,True,False,37
Central Serowe/ Palapye,Mmabohume,7,2022,-21.903627906711918,27.178952990091545,2,2,True,False,7
Central Serowe/ Palapye,Nakatsakgokong,19,2022,-22.246904100504292,26.93786499479206,2,2,True,False,19
Central Serowe/ Palapye,Ngwapa Lerala,37,2022,-22.1533885809831,28.004832511467253,2,2,True,False,37
Central Serowe/ Palapye,Bobuakwena,22,2022,-22.45142072163329,26.287813345461007,2,2,True,False,22
Central Serowe/ Palapye,Lerala Vet Gate,1,2022,-22.203640746689803,27.89833170381672,2,2,True,False,1
Central Serowe/ Palapye,Bolelantokwe,3,2022,-21.79647517329693,27.098640861880043,2,2,True,False,3
Central Serowe/ Palapye,Bapeding,1,2022,-22.866255104498457,27.1025320055221,2,2,True,False,1
Central Serowe/ Palapye,Boratapula,57,2022,-21.615151703768777,27.87947673026105,2,2,True,False,57
Central Serowe/ Palapye,Maipafela/Serulatsane,23,2022,-22.46356534980827,27.109159952668104,2,2,True,False,23
Central Serowe/ Palapye,Sekgarapane,10,2022,-21.80149963058231,26.981126500751458,2,2,True,False,10
Central Serowe/ Palapye,Mmamolelekwa,4,2022,-21.867501497930665,26.67288394399237,2,2,True,False,4
Central Serowe/ Palapye,Mmaphiri,6,2022,-21.851093627493622,27.39060249530957,2,2,True,False,6
Central Serowe/ Palapye,Mmakolobe,23,2022,-21.92482437426901,27.224939801796747,2,2,True,False,23
Central Serowe/ Palapye,Mabolobolo,7,2022,-21.343296287197074,26.564865881034407,2,2,True,False,7
Central Serowe/ Palapye,Sekhiting,3,2022,-22.090158031797518,27.484599766536352,2,2,True,False,3
Central Serowe/ Palapye,Serulatswe,2,2022,-21.719053260545266,27.363237343125725,2,2,True,False,2
Central Serowe/ Palapye,Moduane,28,2022,-21.763573886729432,26.90482090340949,2,2,True,False,28
Central Serowe/ Palapye,Nakalatshukudu,27,2022,-22.540962542404802,26.174832010707807,2,2,True,False,27
Central Serowe/ Palapye,Mmamhatane,14,2022,-22.463024705133833,26.99631222789157,2,2,True,False,14
Central Serowe/ Palapye,Mafoko,0,2022,-22.229879798012426,26.177910739713997,2,2,True,False,0
Central Serowe/ Palapye,Motemane,2,2022,-22.47231646592172,26.305987818427308,2,2,True,False,2
Central Serowe/ Palapye,Mokgalwane,5,2022,-22.324777259153652,26.96664092377938,2,2,True,False,5
Central Serowe/ Palapye,Maiphithwane,7,2022,-22.284651185900348,26.31884635124008,2,2,True,False,7
Central Serowe/ Palapye,Ratholo Vet Gate,7,2022,-21.931889997387575,26.678785864562627,2,2,True,False,7
Central Serowe/ Palapye,Merakana,5,2022,-22.56809852852215,27.384424587052006,2,2,True,False,5
Central Serowe/ Palapye,Moeng College,250,2022,-21.599801394553317,26.740000040423066,2,2,True,False,250
Central Serowe/ Palapye,Peterolong,6,2022,-22.207479697856225,28.02008256991597,2,2,True,False,6
Central Serowe/ Palapye,Gootau Lands,14,2022,-21.762257012619692,27.868957337097083,2,2,True,False,14
Central Serowe/ Palapye,Marumantsho,6,2022,-22.797492708504645,27.254041814189463,2,2,True,False,6
Central Serowe/ Palapye,Morokolwane,2,2022,-22.153747928579154,27.96304555942028,2,2,True,False,2
Central Serowe/ Palapye,orukutshane,9,2022,-22.88567797247679,27.779254189510265,2,2,True,False,9
Central Serowe/ Palapye,Sekgobokaneng,2,2022,-21.812517706830814,26.75910407380926,2,2,True,False,2
Central Serowe/ Palapye,Letsiana,4,2022,-22.362940742293326,27.559252157810278,2,2,True,False,4
Central Serowe/ Palapye,Goo-Tau Vet Camp,3,2022,-21.35961516454961,26.420861404163613,2,2,True,False,3
Central Serowe/ Palapye,Dithateng,15,2022,-22.395392616454266,27.438412213453702,2,2,True,False,15
Central Serowe/ Palapye,Mogomele,1,2022,-21.998263316156734,27.0789853618525,2,2,True,False,1
Central Serowe/ Palapye,Matlhakola lands,2,2022,-22.505968753668867,26.1979151458142,2,2,True,False,2
Central Serowe/ Palapye,Matlhakola Vet Gate,1,2022,-21.904968524759266,26.676118792887717,2,2,True,False,1
Central Serowe/ Palapye,Naka-la-Phala,44,2022,-22.158591128937193,27.941560306582524,2,2,True,False,44
Central Serowe/ Palapye,Ratobo Cattle Post,35,2022,-22.31833992162653,26.753406153839954,2,2,True,False,35
Central Serowe/ Palapye,Motanalo,11,2022,-22.594941506441003,26.50376117978674,2,2,True,False,11
Central Serowe/ Palapye,Kolojwane,2,2022,-22.747654950609665,26.515050983784615,2,2,True,False,2
Central Serowe/ Palapye,Mhatane,6,2022,-22.733806903309787,27.056936006985488,2,2,True,False,6
Central Serowe/ Palapye,Mmamosarwana,18,2022,-21.277122597874996,27.732125546071515,2,2,True,False,18
Central Serowe/ Palapye,Dilolwane,15,2022,-22.249276119738067,27.574867889255906,2,2,True,False,15
Central Serowe/ Palapye,Toutswe,6,2022,-22.929237661235543,26.97823747534364,2,2,True,False,6
Central Serowe/ Palapye,Shalakwe,32,2022,-21.353524428025384,26.554427760414768,2,2,True,False,32
Central Serowe/ Palapye,Maope,21,2022,-22.899330203603853,26.25223514108535,2,2,True,False,21
Central Serowe/ Palapye,Seokane,13,2022,-22.238878392810317,27.02612829438342,2,2,True,False,13
Central Serowe/ Palapye,Makgwelekgwele,9,2022,-21.74364423537246,27.680341568600355,2,2,True,False,9
Central Serowe/ Palapye,Lekotswana,1,2022,-21.417032768202695,27.522255559289547,2,2,True,False,1
Central Serowe/ Palapye,Topisi Cattle Post,32,2022,-21.751251565067278,26.925752463094067,2,2,True,False,32
Central Serowe/ Palapye,Maope Quary Camp,0,2022,-22.164252095828907,27.271491650375157,2,2,True,False,0
Central Serowe/ Palapye,Lephaleng,22,2022,-21.317879062281122,26.97711260538128,2,2,True,False,22
Central Serowe/ Palapye,Mokala,49,2022,-22.867286596294026,27.242349233687644,2,2,True,False,49
Central Serowe/ Palapye,Taukome Lands 1,33,2022,-21.297250348938164,27.12807465550811,2,2,True,False,33
Central Serowe/ Palapye,Pitikwane,5,2022,-21.52507558979963,27.43175234487952,2,2,True,False,5
Central Serowe/ Palapye,Seokasho,63,2022,-21.393288067833282,27.10987495097162,2,2,True,False,63
Central Serowe/ Palapye,Segawana,5,2022,-22.51030180619552,27.9141184093407,2,2,True,False,5
Central Serowe/ Palapye,Tebele,1,2022,-22.696395792657977,26.96184461560155,2,2,True,False,1
Central Serowe/ Palapye,Patwe,38,2022,-21.833385923661535,26.19622522820566,2,2,True,False,38
Central Serowe/ Palapye,Rankaelang,5,2022,-22.077705949622484,26.605789572215134,2,2,True,False,5
Central Serowe/ Palapye,Kwatsi,2,2022,-22.065596436338755,27.096680917956256,2,2,True,False,2
Central Serowe/ Palapye,Aedene,11,2022,-21.40043070931362,27.170927683579496,2,2,True,False,11
Central Serowe/ Palapye,Nkate,4,2022,-21.90502108552349,27.192873699659987,2,2,True,False,4
Central Serowe/ Palapye,Mokongwe,17,2022,-22.4170323984237,27.494147315405666,2,2,True,False,17
Central Serowe/ Palapye,Bolelakoro,10,2022,-22.269563522471554,26.67689594611413,2,2,True,False,10
Central Serowe/ Palapye,Mmantika,12,2022,-22.711245350348808,27.40191073040486,2,2,True,False,12
Central Serowe/ Palapye,Kokoros Feedlot,2,2022,-22.61378928972509,27.474603636839507,2,2,True,False,2
Central Serowe/ Palapye,Karoo Farms,4,2022,-22.694917838619606,26.93073132581521,2,2,True,False,4
Central Serowe/ Palapye,Serwe Farm,7,2022,-21.58986084587288,26.91380374154854,2,2,True,False,7
Central Serowe/ Palapye,Springillies Farm,3,2022,-21.764528036296593,26.499061572168625,2,2,True,False,3
Central Serowe/ Palapye,Moele,26,2022,-22.053704749285526,26.93575967767035,2,2,True,False,26
Central Serowe/ Palapye,Khama Rhino,8,2022,-22.31214381335898,27.628399372651828,2,2,True,False,8
Central Serowe/ Palapye,B.D.F. Camp,61,2022,-21.824804804878713,27.855341504845544,2,2,True,False,61
Central Serowe/ Palapye,Zero-Zero,3,2022,-21.58552969068685,27.26946761876456,2,2,True,False,3
Central Serowe/ Palapye,Mabeleapudi Lands,251,2022,-21.4723170412539,26.7228247270319,2,2,True,False,251
Central Serowe/ Palapye,Sephepe,40,2022,-22.02608217043624,27.434210427877456,2,2,True,False,40
Central Serowe/ Palapye,Shashane,63,2022,-21.573964882001572,27.541695925784392,2,2,True,False,63
Central Serowe/ Palapye,Mojaditholo/Madijwane,17,2022,-22.085250631872647,26.78383923935482,2,2,True,False,17
Central Serowe/ Palapye,Raboswame,47,2022,-22.146184671634316,27.702212484335973,2,2,True,False,47
Central Serowe/ Palapye,Diphiri,5,2022,-21.498498362124174,26.303567748467447,2,2,True,False,5
Central Serowe/ Palapye,Photsana,9,2022,-22.292250865881268,26.18663420278874,2,2,True,False,9
Central Serowe/ Palapye,Phokgomme,19,2022,-22.276446094359425,26.395110486541963,2,2,True,False,19
Central Serowe/ Palapye,Tlapaneng/Phora,7,2022,-22.42722647726339,26.45648752855221,2,2,True,False,7
Central Serowe/ Palapye,Thamane,12,2022,-22.072996550283463,27.79952596276511,2,2,True,False,12
Central Serowe/ Palapye,Mangole,3,2022,-22.029671344629833,26.956184881478183,2,2,True,False,3
Central Serowe/ Palapye,Mokeme,6,2022,-21.838114946951666,26.677422722684113,2,2,True,False,6
Central Serowe/ Palapye,Bodumatau,10,2022,-22.219134430872522,26.963789605104733,2,2,True,False,10
Central Serowe/ Palapye,Thutswe,2,2022,-22.57149973756619,26.90018943625477,2,2,True,False,2
Central Serowe/ Palapye,Hakeamoroba,73,2022,-21.49616178626026,26.726709979479796,2,2,True,False,73
Central Serowe/ Palapye,Bibiri,41,2022,-22.359145125070732,26.422845154707037,2,2,True,False,41
Central Serowe/ Palapye,Monganaesi,48,2022,-21.403207278836554,27.385212465677764,2,2,True,False,48
Central Serowe/ Palapye,Borotelatshwene,26,2022,-22.588870640448466,26.42043897646203,2,2,True,False,26
Central Serowe/ Palapye,Rasetokwane,26,2022,-22.00447408745176,27.60723567105303,2,2,True,False,26
Central Serowe/ Palapye,Serowenyana,6,2022,-22.04331584168577,26.54135098263236,2,2,True,False,6
Central Serowe/ Palapye,Tshimoyapula Lands,14,2022,-21.559445894826215,27.52539395753573,2,2,True,False,14
Central Serowe/ Palapye,Ratutu,3,2022,-22.70237172073839,27.66326983923051,2,2,True,False,3
Central Serowe/ Palapye,Leropa,4,2022,-21.424757368381538,26.399486034328927,2,2,True,False,4
Central Serowe/ Palapye,Topinya,5,2022,-22.05191006724358,26.32781185459661,2,2,True,False,5
Central Serowe/ Palapye,Bojanamane,21,2022,-21.961308603464133,27.930767545456515,2,2,True,False,21
Central Serowe/ Palapye,Bonwanonyane,4,2022,-22.08713893813605,27.02690204235091,2,2,True,False,4
Central Serowe/ Palapye,Nakalakgama,5,2022,-22.87274522378827,27.33750435138334,2,2,True,False,5
Central Serowe/ Palapye,Mapena,13,2022,-22.10880399118066,26.20986912935602,2,2,True,False,13
Central Serowe/ Palapye,Tsimachoko,7,2022,-22.495758773261507,26.684442379886665,2,2,True,False,7
Central Serowe/ Palapye,Mokoba-waga-Shadi,9,2022,-22.36463392586743,27.105581235652153,2,2,True,False,9
Central Serowe/ Palapye,Titilejwana,5,2022,-21.85693661300203,27.813067951523266,2,2,True,False,5
Central Serowe/ Palapye,Mmatshadidi,19,2022,-22.107799133082967,26.67093479275401,2,2,True,False,19
Central Serowe/ Palapye,Ditootso,20,2022,-22.777981463776648,27.60680255807693,2,2,True,False,20
Central Serowe/ Palapye,Bojakhudu,2,2022,-22.81141269272342,27.396911867054374,2,2,True,False,2
Central Serowe/ Palapye,Sese,16,2022,-22.624818207158494,26.380805456075674,2,2,True,False,16
Central Serowe/ Palapye,Jaja,10,2022,-22.616156827989045,26.711686929137105,2,2,True,False,10
Central Serowe/ Palapye,Maswe-a-banna,11,2022,-21.924539650871875,26.608558617575486,2,2,True,False,11
Central Serowe/ Palapye,Tsitsilejwe,11,2022,-22.63781368107955,26.98878153955571,2,2,True,False,11
Central Serowe/ Palapye,Thangwane,11,2022,-21.47151144241776,27.346976780062587,2,2,True,False,11
Central Serowe/ Palapye,Sesase,12,2022,-22.584881932147656,26.971861054684926,2,2,True,False,12
Central Serowe/ Palapye,Makala,6,2022,-22.78143903467869,26.620954827748825,2,2,True,False,6
Central Serowe/ Palapye,Rotutu,6,2022,-21.48140879825565,27.45945609622065,2,2,True,False,6
Central Serowe/ Palapye,Hutsikie,4,2022,-22.443105853215734,27.252483477399533,2,2,True,False,4
Central Serowe/ Palapye,Makgakga- a- Matlamma,58,2022,-22.227550968360593,27.131434780627334,2,2,True,False,58
Central Serowe/ Palapye,Mmashoro Lands,45,2022,-21.34342130725063,27.19665395603715,2,2,True,False,45
Central Serowe/ Palapye,Motlhaka,54,2022,-21.367706807669826,26.578901911181433,2,2,True,False,54
Central Serowe/ Palapye,Mokataka,33,2022,-21.74788706142629,27.43075742314226,2,2,True,False,33
Central Serowe/ Palapye,Makgaba,166,2022,-22.818209844057478,26.886552557421247,2,2,True,False,166
Central Serowe/ Palapye,Mothale,68,2022,-21.94932796618548,26.841904698155332,2,2,True,False,68
Central Serowe/ Palapye,Mmaditanka,23,2022,-21.293628802194675,26.444831463446963,2,2,True,False,23
Central Serowe/ Palapye,Thupana,7,2022,-21.36348666037562,27.275457415941148,2,2,True,False,7
Central Serowe/ Palapye,Dimajwe 2,5,2022,-22.75679915213623,27.286282928591245,2,2,True,False,5
Central Serowe/ Palapye,Kamokamo,4,2022,-22.27635558760766,26.798864834300456,2,2,True,False,4
Central Serowe/ Palapye,Makoba,5,2022,-22.40962121910335,27.764081136394505,2,2,True,False,5
Central Serowe/ Palapye,Mokgobo,15,2022,-22.717488110484943,27.73734345694403,2,2,True,False,15
Central Serowe/ Palapye,Guukaka,8,2022,-21.781221593696994,26.36925654531153,2,2,True,False,8
Central Serowe/ Palapye,Xanedao,1,2022,-22.47869482354643,27.457894841681327,2,2,True,False,1
Central Serowe/ Palapye,Maheijuu,4,2022,-22.361025816204286,26.898320240866752,2,2,True,False,4
Central Serowe/ Palapye,Bosutswe,32,2022,-22.78271910611679,28.023921251730386,2,2,True,False,32
Central Serowe/ Palapye,Xurugoree,3,2022,-22.107351057956954,26.584703774109997,2,2,True,False,3
Central Serowe/ Palapye,Marula,9,2022,-22.67036619221132,26.68781246619801,2,2,True,False,9
Central Serowe/ Palapye,Maboro,2,2022,-22.216503080899873,26.987998863494155,2,2,True,False,2
Central Serowe/ Palapye,Makobaosi,7,2022,-22.694930842170375,26.665873659643193,2,2,True,False,7
Central Serowe/ Palapye,Matsilajwe,10,2022,-21.351998255791933,27.452237816106035,2,2,True,False,10
Central Serowe/ Palapye,Thaburane,6,2022,-22.692213005798056,27.060084686270194,2,2,True,False,6
Central Serowe/ Palapye,Rantalajwe,5,2022,-22.067718609123425,26.5770035949893,2,2,True,False,5
Central Serowe/ Palapye,Molwane,6,2022,-22.606058536489495,27.10739521442179,2,2,True,False,6
Central Serowe/ Palapye,Mpayammidi,13,2022,-22.805910898740823,27.817841468414137,2,2,True,False,13
Central Serowe/ Palapye,Samphete,6,2022,-22.597229242514672,27.638764670739793,2,2,True,False,6
Central Serowe/ Palapye,Marukuru,3,2022,-22.841679617142464,27.093377881655524,2,2,True,False,3
Central Serowe/ Palapye,Tapo,7,2022,-22.701467057714684,26.702616115654095,2,2,True,False,7
Central Serowe/ Palapye,Kokhaa Farm,1,2022,-22.11477961854965,26.50084817469203,2,2,True,False,1
Central Serowe/ Palapye,Mmadinare,10,2022,-21.85243990771314,27.798511317323428,2,2,True,False,10
Central Serowe/ Palapye,Baswe,5,2022,-22.78772139838812,27.486000591223775,2,2,True,False,5
Central Serowe/ Palapye,Toromo,1,2022,-22.201709918997146,27.22961812377083,2,2,True,False,1
Central Serowe/ Palapye,Botshabelo,10,2022,-21.969365064093214,27.800465288079494,2,2,True,False,10
Central Serowe/ Palapye,Tjobu,11,2022,-22.544345774408864,26.392731607432147,2,2,True,False,11
Central Serowe/ Palapye,Motokota,5,2022,-22.315937163723863,27.434581183088213,2,2,True,False,5
Central Serowe/ Palapye,Xwigiri,3,2022,-22.813411588833777,26.56926305043974,2,2,True,False,3
Central Serowe/ Palapye,Xhara Cattle Post,7,2022,-22.567699152768544,26.390664167032295,2,2,True,False,7
Central Serowe/ Palapye,Xara,6,2022,-22.15907067678613,27.03166116184833,2,2,True,False,6
Central Serowe/ Palapye,Metsebotlhoko,4,2022,-21.291368382412095,26.88635264795157,2,2,True,False,4
Central Serowe/ Palapye,Tokae 2,1,2022,-21.28172042842096,27.915163625536284,2,2,True,False,1
Central Serowe/ Palapye,Mhata/Mahatane Ranch,17,2022,-21.309296897680124,26.76854358205779,2,2,True,False,17
Central Serowe/ Palapye,Phaleche,7,2022,-22.23142189727983,27.680577342355512,2,2,True,False,7
Central Serowe/ Palapye,Daukome Farm,16,2022,-22.798755438963607,27.55782305733509,2,2,True,False,16
Central Serowe/ Palapye,Maselesele Farm,4,2022,-22.396305201101267,27.4075216261754,2,2,True,False,4
Central Serowe/ Palapye,Mmakai Farm,5,2022,-22.538565338304704,27.876571396662833,2,2,True,False,5
Central Serowe/ Palapye,Southeriton Farm,3,2022,-22.909028635652138,26.924496271818686,2,2,True,False,3
Central Serowe/ Palapye,Mahasana,5,2022,-22.77464214541236,26.890585180963036,2,2,True,False,5
Central Serowe/ Palapye,Kugae,29,2022,-22.1815399232414,26.46566331879261,2,2,True,False,29
Central Serowe/ Palapye,Thukhai,5,2022,-22.36964724473527,26.678965405044362,2,2,True,False,5
Central Serowe/ Palapye,Tshome,4,2022,-22.63360637756266,27.801100301187603,2,2,True,False,4
Central Serowe/ Palapye,Mohoke,3,2022,-21.74592681031561,27.047960754612074,2,2,True,False,3
Central Serowe/ Palapye,Nkgalo,24,2022,-22.340729097812105,26.80082049519929,2,2,True,False,24
Central Serowe/ Palapye,Khubu-la-Bapedi,30,2022,-21.520972594209983,26.568147895371382,2,2,True,False,30
Central Serowe/ Palapye,Lesoko,172,2022,-22.533159220228562,27.067612728101338,2,2,True,False,172
Central Serowe/ Palapye,Lesie,174,2022,-22.040369211095,27.498073341922147,2,2,True,False,174
Central Serowe/ Palapye,Mmapote,9,2022,-22.627334178687867,26.69927101143403,2,2,True,False,9
Central Serowe/ Palapye,Rampodu Cluster,30,2022,-22.11176992280845,27.574337963783144,2,2,True,False,30
Central Serowe/ Palapye,Mogorosi Lands,8,2022,-22.679812783874187,27.33667257894508,2,2,True,False,8
Central Serowe/ Palapye,Setekwane,8,2022,-22.664714892542953,27.62978579087345,2,2,True,False,8
Central Serowe/ Palapye,Majadinare,7,2022,-21.91804024990895,26.63279465397567,2,2,True,False,7
Central Serowe/ Palapye,Masetlheng,6,2022,-22.495367115360846,27.338976932144327,2,2,True,False,6
Central Serowe/ Palapye,Lwale,7,2022,-22.64683922520402,26.452264633557974,2,2,True,False,7
Central Serowe/ Palapye,Magokane,7,2022,-21.391899197046445,26.84251621448055,2,2,True,False,7
Central Serowe/ Palapye,Mmadikokwana,3,2022,-22.86118278483906,27.512368562398482,2,2,True,False,3
Central Serowe/ Palapye,Dibobe,8,2022,-21.996039396629847,27.340166368388477,2,2,True,False,8
Central Serowe/ Palapye,Maumoo,3,2022,-22.024014995674936,26.51566271622842,2,2,True,False,3
Central Serowe/ Palapye,Matshoswane,8,2022,-22.517200404174947,27.76128072450014,2,2,True,False,8
Central Serowe/ Palapye,Mmakgari,1,2022,-22.182236137207337,26.265771188245967,2,2,True,False,1
Central Serowe/ Palapye,Raphaladi,2,2022,-22.787062003997033,27.272444730047788,2,2,True,False,2
Central Serowe/ Palapye,Mhethi,13,2022,-21.737360331408276,27.994392806227776,2,2,True,False,13
Central Serowe/ Palapye,Masoko,58,2022,-22.565104329763,27.1540828332938,2,2,True,False,58
Central Serowe/ Palapye,Motshegaletau Lands,39,2022,-22.6120142171473,27.65414010376151,2,2,True,False,39
Central Serowe/ Palapye,Kotojwe,13,2022,-22.41071190470657,27.272380236085848,2,2,True,False,13
Central Serowe/ Palapye,Mmapilane,21,2022,-21.43729557200624,27.62147355602236,2,2,True,False,21
Central Serowe/ Palapye,Sesalejwe,6,2022,-21.612767021059053,27.384615506692374,2,2,True,False,6
Central Serowe/ Palapye,Dikokola,42,2022,-21.363526322143603,27.450637600947747,2,2,True,False,42
Central Serowe/ Palapye,Mmasegoea,19,2022,-21.85219663297074,26.589882417432527,2,2,True,False,19
Central Serowe/ Palapye,Thabala Lands,33,2022,-21.8340383596064,27.544807184131198,2,2,True,False,33
Central Serowe/ Palapye,Ramosimane,14,2022,-22.1370701969577,26.60864379789556,2,2,True,False,14
Central Serowe/ Palapye,Rantsiane,2,2022,-21.432629065254286,27.988484599958525,2,2,True,False,2
Central Serowe/ Palapye,Rashaodi,7,2022,-22.085961118742546,26.58983790443177,2,2,True,False,7
Central Serowe/ Palapye,Mabedela,11,2022,-22.34413490351951,26.606366358463706,2,2,True,False,11
Central Serowe/ Palapye,Sanakoma,11,2022,-21.871395724942392,27.76189462986932,2,2,True,False,11
Central Serowe/ Palapye,Ramokgophane,7,2022,-22.027534834965465,26.618073919425214,2,2,True,False,7
Central Serowe/ Palapye,Tshaakane,6,2022,-22.72694619595359,26.837139405234137,2,2,True,False,6
Central Serowe/ Palapye,Ramogonwane,19,2022,-22.281727083512255,27.49431091823759,2,2,True,False,19
Central Serowe/ Palapye,Sepswe,12,2022,-22.413285186381323,26.46157831854293,2,2,True,False,12
Central Serowe/ Palapye,Lepalapala,5,2022,-21.52931357768273,26.46217871075976,2,2,True,False,5
Central Serowe/ Palapye,Monkgaphokoje,7,2022,-22.304729630823587,27.07021024695261,2,2,True,False,7
Central Serowe/ Palapye,Boiteko,11,2022,-21.57119767037492,26.61939461152979,2,2,True,False,11
Central Serowe/ Palapye,Lebu,10,2022,-22.199438354696742,26.604460171566373,2,2,True,False,10
Central Serowe/ Palapye,Kgetsana,20,2022,-21.683957655925276,26.183820022016704,2,2,True,False,20
Central Serowe/ Palapye,Tita,5,2022,-22.708285966804024,26.854875398279592,2,2,True,False,5
Central Serowe/ Palapye,Xootsha,12,2022,-21.400379277097233,26.757900289117295,2,2,True,False,12
Central Serowe/ Palapye,Nawa,6,2022,-22.1361938752556,26.224537109574733,2,2,True,False,6
Central Serowe/ Palapye,Sekuta,11,2022,-22.501974507427036,27.320779892319454,2,2,True,False,11
Central Serowe/ Palapye,Podishoro,25,2022,-22.532310146745335,27.33085286384992,2,2,True,False,25
Central Serowe/ Palapye,Hulapetsana,21,2022,-22.493227645328265,26.298188762458743,2,2,True,False,21
Central Serowe/ Palapye,Legotlhong,18,2022,-22.3248086177197,26.755654230365366,2,2,True,False,18
Central Serowe/ Palapye,Deneye,3,2022,-21.74357473375117,27.78814975331339,2,2,True,False,3
Central Serowe/ Palapye,Ditshepe,3,2022,-21.359034869408546,27.248203068549437,2,2,True,False,3
Central Serowe/ Palapye,Xonogena,46,2022,-21.82390487491586,26.93202058239585,2,2,True,False,46
Central Serowe/ Palapye,Shashe,9,2022,-22.025833564173908,27.030720037190953,2,2,True,False,9
Central Serowe/ Palapye,Motopi,13,2022,-22.189151946102985,26.553597532262867,2,2,True,False,13
Central Serowe/ Palapye,Mhethi 2,2,2022,-21.56019710298197,27.674965392607685,2,2,True,False,2
Central Serowe/ Palapye,Kadimano,12,2022,-21.524635432295497,27.86468937176328,2,2,True,False,12
Central Serowe/ Palapye,Kabu,1,2022,-22.44689999811924,27.85848310437192,2,2,True,False,1
Central Serowe/ Palapye,Mmapula,0,2022,-21.352710129745383,26.582680193213996,2,2,True,False,0
Central Serowe/ Palapye,Makhiabatshumi,3,2022,-22.277767169357258,26.74394771577376,2,2,True,False,3
Central Serowe/ Palapye,Setatadi Farm,5,2022,-21.606783246922348,26.465060187927282,2,2,True,False,5
Central Serowe/ Palapye,Xhamajenaa,20,2022,-21.33050824354591,26.737372730056443,2,2,True,False,20
Central Serowe/ Palapye,Center Veld Farm,5,2022,-21.766541781718036,26.784940156302504,2,2,True,False,5
Central Serowe/ Palapye,Nstwelamorula,7,2022,-22.66476111669084,27.342836672789993,2,2,True,False,7
Central Serowe/ Palapye,Radintshi,1,2022,-21.96126292056145,26.518980099408196,2,2,True,False,1
Central Serowe/ Palapye,Thabala Vet Camp,5,2022,-22.735632828411568,27.874707009105773,2,2,True,False,5
Central Serowe/ Palapye,Kautshepe Vet Camp,6,2022,-21.624903186715056,26.35819368002714,2,2,True,False,6
Central Serowe/ Palapye,Xukuru,6,2022,-22.466323044462843,26.17943393450953,2,2,True,False,6
Central Serowe/ Palapye,Drogo,0,2022,-21.780531474027384,27.75496878524416,2,2,True,False,0
Central Serowe/ Palapye,Pidimane,34,2022,-21.42450468866465,27.474116030018727,2,2,True,False,34
Central Serowe/ Palapye,Bobothakgama,19,2022,-22.63251923539504,26.826841790348023,2,2,True,False,19
Central Serowe/ Palapye,Phage,6,2022,-22.28150766864821,27.272972376141286,2,2,True,False,6
Central Serowe/ Palapye,Thame,21,2022,-21.860221938684543,26.581955112818623,2,2,True,False,21
Central Serowe/ Palapye,Moipolai,114,2022,-22.237101418598158,26.479489447305134,2,2,True,False,114
Central Serowe/ Palapye,Kedikilwe,26,2022,-22.642776971165187,27.041954507515044,2,2,True,False,26
Central Serowe/ Palapye,Mmapabane,1,2022,-22.88426615526888,26.822806584116453,2,2,True,False,1
Central Serowe/ Palapye,Boyong,27,2022,-22.258741315905787,27.30962731173421,2,2,True,False,27
Central Serowe/ Palapye,Mmamokgotshe,26,2022,-21.856758616229335,26.57193246433156,2,2,True,False,26
Central Serowe/ Palapye,Dinakedi,9,2022,-21.981398843559518,27.398239767463014,2,2,True,False,9
Central Serowe/ Palapye,Molowane,26,2022,-22.673558421116873,27.591327498110964,2,2,True,False,26
Central Serowe/ Palapye,Theme/ Mojalapeo,48,2022,-22.185679680775795,26.476231793337583,2,2,True,False,48
Central Serowe/ Palapye,Mmamakau,41,2022,-22.320257315169144,26.248135699642386,2,2,True,False,41
Central Serowe/ Palapye,Manganeng,7,2022,-22.478108217032858,26.98331922789795,2,2,True,False,7
Central Serowe/ Palapye,Mokale ward,6,2022,-21.724103288233987,27.60463407683632,2,2,True,False,6
Central Serowe/ Palapye,Tallie,28,2022,-22.41937162249187,27.375671524630462,2,2,True,False,28
Central Serowe/ Palapye,Molelwane,2,2022,-22.037472178753546,27.470608350777624,2,2,True,False,2
Central Serowe/ Palapye,Kwaleta,3,2022,-21.402743154741167,26.91504891164298,2,2,True,False,3
Central Serowe/ Palapye,Morukutshane,8,2022,-22.038907007176093,26.603136659243425,2,2,True,False,8
Central Serowe/ Palapye,Gwabakwe,13,2022,-21.910087889086235,27.15459207615993,2,2,True,False,13
Central Serowe/ Palapye,Pulenyane,10,2022,-22.811073505781028,26.54632556401879,2,2,True,False,10
Central Serowe/ Palapye,Tutu,7,2022,-22.637284002831887,27.515840042115368,2,2,True,False,7
Central Serowe/ Palapye,Kwiti,9,2022,-22.76516865502936,26.532579297049235,2,2,True,False,9
Central Serowe/ Palapye,Piditxana,1,2022,-21.665214131430364,26.70776344058557,2,2,True,False,1
Central Serowe/ Palapye,Hukutswe,5,2022,-21.54739485326564,27.107712356444587,2,2,True,False,5
Central Serowe/ Palapye,Kgetsiyathutlwa,6,2022,-22.623496665340024,27.070863282102113,2,2,True,False,6
Central Serowe/ Palapye,Gadie,2,2022,-22.56912297808028,27.282910967242096,2,2,True,False,2
Central Serowe/ Palapye,Nyamakatse,10,2022,-22.39691187241754,26.979338391585742,2,2,True,False,10
Central Serowe/ Palapye,Kelele,1,2022,-21.95307672323634,27.874848915183506,2,2,True,False,1
Central Serowe/ Palapye,Malaakhakhe,3,2022,-21.902179021104168,27.727081360529066,2,2,True,False,3
Central Serowe/ Palapye,Manganyane/Mogolori,6,2022,-21.794550305830782,27.79986857414017,2,2,True,False,6
Central Serowe/ Palapye,Monyelenyele,2,2022,-21.432618406651645,27.33616873877045,2,2,True,False,2
Central Serowe/ Palapye,Xhozeng,2,2022,-22.443582106090865,27.346370531046627,2,2,True,False,2
Central Serowe/ Palapye,Kedinyana,9,2022,-21.840935254506324,27.298422268614072,2,2,True,False,9
Central Serowe/ Palapye,Korakora,10,2022,-22.005028537662405,26.97458160766341,2,2,True,False,10
Central Serowe/ Palapye,Dugoo,12,2022,-22.425692358848696,26.765062918252756,2,2,True,False,12
Central Serowe/ Palapye,Seporogwane,10,2022,-21.42893605508738,27.266476004288073,2,2,True,False,10
Central Serowe/ Palapye,Ditshukudu,11,2022,-22.77422824827454,26.21408891937663,2,2,True,False,11
Central Serowe/ Palapye,Xexeka,10,2022,-21.75271836263889,26.180508521016982,2,2,True,False,10
Central Serowe/ Palapye,Gunuwe,23,2022,-21.72641886127171,27.748831926684968,2,2,True,False,23
Central Serowe/ Palapye,Shweoge ranch,6,2022,-21.415827730290918,26.252902358267644,2,2,True,False,6
Central Serowe/ Palapye,Gasemohetse Ranch,3,2022,-22.073197260791265,27.141617806313672,2,2,True,False,3
Central Serowe/ Palapye,Xexe Farm,8,2022,-22.399537982937517,27.309177191069036,2,2,True,False,8
Central Serowe/ Palapye,Xarogena,16,2022,-21.56094900088692,26.53481751953641,2,2,True,False,16
Central Serowe/ Palapye,Thobolo-ka-xhanchi,6,2022,-21.65527713160106,27.8307402726748,2,2,True,False,6
Central Serowe/ Palapye,Thowatibe,12,2022,-22.103460557521537,26.51981497427527,2,2,True,False,12
Central Serowe/ Palapye,Bosotwane,12,2022,-21.66016981074021,27.80990352095487,2,2,True,False,12
Central Serowe/ Palapye,Moabi,12,2022,-22.48859111129138,27.584135507415564,2,2,True,False,12
Central Serowe/ Palapye,Mohungwe,14,2022,-21.9556801926355,26.61390705534248,2,2,True,False,14
Central Serowe/ Palapye,Mooko,5,2022,-21.498909938211604,26.446707758386896,2,2,True,False,5
Central Serowe/ Palapye,Dipabola,11,2022,-22.405565520347388,26.754151547820435,2,2,True,False,11
Central Serowe/ Palapye,Magongwane,3,2022,-22.131239583460555,26.905966572264084,2,2,True,False,3
Central Serowe/ Palapye,Pudixana,13,2022,-21.356645927986374,26.623273543076316,2,2,True,False,13
Central Serowe/ Palapye,Kgamana,9,2022,-21.609875404401503,28.022391724818224,2,2,True,False,9
Central Serowe/ Palapye,Masokwana,0,2022,-21.462697386097243,26.593302962004213,2,2,True,False,0
Central Serowe/ Palapye,Kaleke,20,2022,-22.294117989069438,27.709805228394615,2,2,True,False,20
Central Serowe/ Palapye,Sekgete,2,2022,-21.28132244579572,26.462264154955946,2,2,True,False,2
Central Serowe/ Palapye,Didibana,5,2022,-22.679648591902577,27.98774956361453,2,2,True,False,5
Central Serowe/ Palapye,Ghae-Tshoonyee,6,2022,-22.072882464357146,26.585632353181023,2,2,True,False,6
Central Serowe/ Palapye,Mmolawana,35,2022,-22.1383254950532,26.950066888634183,2,2,True,False,35
Central Serowe/ Palapye,Khubitswana,12,2022,-21.609510307766683,27.20435353042108,2,2,True,False,12
Central Serowe/ Palapye,Molefi,7,2022,-21.42694348686656,26.390122200188415,2,2,True,False,7
Central Serowe/ Palapye,Kwajena,7,2022,-21.721007972982903,27.684140237262337,2,2,True,False,7
Central Serowe/ Palapye,Morowakho,5,2022,-21.89386129790699,26.67696540918678,2,2,True,False,5
Central Serowe/ Palapye,Sebonego,5,2022,-22.224226291395542,27.187086876846063,2,2,True,False,5
Central Serowe/ Palapye,Rakgabala,9,2022,-22.086874457019466,27.18776294533686,2,2,True,False,9
Central Serowe/ Palapye,Ratshukudu,7,2022,-22.088573783116853,27.28623879068758,2,2,True,False,7
Central Serowe/ Palapye,Maburu,10,2022,-22.898686414846935,26.269737588334937,2,2,True,False,10
Central Serowe/ Palapye,Dinare,3,2022,-22.098936896843608,26.479915092636876,2,2,True,False,3
Central Serowe/ Palapye,Mabatwe,17,2022,-21.51417441327909,26.46611814294181,2,2,True,False,17
Central Serowe/ Palapye,Madiaela,93,2022,-21.757236763116374,26.72780531948647,2,2,True,False,93
Central Serowe/ Palapye,Kebuakabomo,41,2022,-21.614022996875214,26.43587679604064,2,2,True,False,41
Central Serowe/ Palapye,Radisele,138,2022,-22.28543924899757,27.87939682012787,2,2,True,False,138
Central Serowe/ Palapye,Thebane,19,2022,-22.055977656839207,27.11962021338764,2,2,True,False,19
Central Serowe/ Palapye,Maphaphamane,1,2022,-22.876955974077998,27.32513079152631,2,2,True,False,1
Central Serowe/ Palapye,Metsimaswaane,1,2022,-22.297844560625787,26.830795744813752,2,2,True,False,1
Central Serowe/ Palapye,Leneelo,18,2022,-22.146373631969244,26.679864699582094,2,2,True,False,18
Central Serowe/ Palapye,Samokoshwane,11,2022,-22.509578608627585,27.101456030971555,2,2,True,False,11
Central Serowe/ Palapye,Ramatloteng,3,2022,-22.88067172818746,26.71344775103328,2,2,True,False,3
Central Serowe/ Palapye,Tlhalerwana,32,2022,-21.78849573333983,26.805079682591128,2,2,True,False,32
Central Serowe/ Palapye,Mogome Lands,17,2022,-22.2115368003553,27.007774310466026,2,2,True,False,17
Central Serowe/ Palapye,Tshetho,3,2022,-22.24369655479776,27.10620551538266,2,2,True,False,3
Central Serowe/ Palapye,Mogome Lands 2,58,2022,-22.518231197289904,27.99530964951824,2,2,True,False,58
Central Serowe/ Palapye,Sadikgabo,2,2022,-22.04130219840899,26.58154358767431,2,2,True,False,2
Central Serowe/ Palapye,Mogoiwa,7,2022,-22.206667112032182,27.073215679238157,2,2,True,False,7
Central Serowe/ Palapye,Mohitshwane,3,2022,-22.14708870468468,26.444418162064597,2,2,True,False,3
Central Serowe/ Palapye,Mmaditshoswane,18,2022,-21.969987520161713,26.816882824528708,2,2,True,False,18
Central Serowe/ Palapye,Malatswai Lands,6,2022,-22.921955673014544,27.499272266659165,2,2,True,False,6
Central Serowe/ Palapye,Malatswai Cattle Post,185,2022,-21.428470934339476,26.490770898367675,2,2,True,False,185
Central Serowe/ Palapye,Xhomgaranyo,15,2022,-22.814650078739504,27.24668755240993,2,2,True,False,15
Central Serowe/ Palapye,Mahelekwane,1,2022,-22.185296433397887,26.940801078079524,2,2,True,False,1
Central Serowe/ Palapye,Mmuphuela,4,2022,-22.588838260897244,26.262480219696908,2,2,True,False,4
Central Serowe/ Palapye,Tshorosa,1,2022,-22.064578420843944,27.900118518242447,2,2,True,False,1
Central Serowe/ Palapye,Mokoko,10,2022,-22.468120892043697,26.935045846020422,2,2,True,False,10
Central Serowe/ Palapye,Kamtharago,13,2022,-21.507487653340576,27.623030798485836,2,2,True,False,13
Central Serowe/ Palapye,Gobeetshaa Farm,4,2022,-22.275705202028163,26.940081117798496,2,2,True,False,4
Central Serowe/ Palapye,Motlhatshe Ranch,8,2022,-21.874079003380608,27.908079318627458,2,2,True,False,8
Central Serowe/ Palapye,Malatswai Gate Camp,1,2022,-22.520065431792595,26.70629033495033,2,2,True,False,1
Central Serowe/ Palapye,Motlhabeng,17,2022,-22.90028089102801,26.932496039836554,2,2,True,False,17
Central Serowe/ Palapye,Majojo,76,2022,-22.262790137478756,27.5764701912325,2,2,True,False,76
Central Serowe/ Palapye,Serule Lands,4,2022,-22.0435289259914,26.8051194199922,2,2,True,False,4
Central Serowe/ Palapye,Xumi Xwa,19,2022,-22.171009946432953,26.84355674534114,2,2,True,False,19
Central Serowe/ Palapye,Mogolori,3,2022,-21.33847051454544,28.014833517453077,2,2,True,False,3
Central Serowe/ Palapye,Jelante,8,2022,-21.761271052336994,27.198873887754907,2,2,True,False,8
Central Serowe/ Palapye,Matopi,7,2022,-21.282706720334378,27.44738355992613,2,2,True,False,7
Central Serowe/ Palapye,Tshanana,6,2022,-22.44354905117851,27.362076921299405,2,2,True,False,6
Central Serowe/ Palapye,Letlapeng,69,2022,-21.62505025385908,27.70476934096674,2,2,True,False,69
Central Serowe/ Palapye,Lephiri,3,2022,-22.011928508446612,27.767750360617374,2,2,True,False,3
Central Serowe/ Palapye,Nkabejana,22,2022,-21.91880743343322,27.21307042662268,2,2,True,False,22
Central Serowe/ Palapye,Marulamabedi,2,2022,-21.298971874627505,26.713880803292202,2,2,True,False,2
Central Serowe/ Palapye,Xobexwa,1,2022,-21.848841646770776,26.20901418594354,2,2,True,False,1
Central Serowe/ Palapye,Mmakhumo,2,2022,-21.443182594636284,27.30809128781104,2,2,True,False,2
Central Serowe/ Palapye,Ramaphole,8,2022,-21.729937258842973,27.7002078710967,2,2,True,False,8
Central Serowe/ Palapye,Masokobale,16,2022,-22.721368552755898,27.003666597980533,2,2,True,False,16
Central Serowe/ Palapye,Marotobolo,9,2022,-21.77355775609583,26.472646244273225,2,2,True,False,9
Central Serowe/ Palapye,Metsimahibidu,5,2022,-22.129971048160257,26.70185343468947,2,2,True,False,5
Central Serowe/ Palapye,Belo Belo,1,2022,-21.410075849033575,27.114110883302494,2,2,True,False,1
Central Serowe/ Palapye,Motshotshane,4,2022,-21.595588583946792,27.721038185210613,2,2,True,False,4
Central Serowe/ Palapye,Sese Vet Camp,8,2022,-22.759893923699526,26.48573813600018,2,2,True,False,8
Central Serowe/ Palapye,Sese Lands,33,2022,-22.71054976828349,27.303904978343756,2,2,True,False,33
Central Serowe/ Palapye,Lelatso,10,2022,-22.817096322286886,27.566260444154253,2,2,True,False,10
Central Serowe/ Palapye,Mmachabaesele,9,2022,-22.11517608730102,27.905640403040433,2,2,True,False,9
Central Serowe/ Palapye,Kanana,7,2022,-22.79860402985406,26.383467534882527,2,2,True,False,7
Central Serowe/ Palapye,Komashe,1,2022,-21.73337019309438,27.887701745992743,2,2,True,False,1
Central Serowe/ Palapye,Mookane,17,2022,-22.017230409319033,27.284059379509472,2,2,True,False,17
Central Serowe/ Palapye,Seimaxwe,5,2022,-21.547454606761146,27.591030375623763,2,2,True,False,5
Central Serowe/ Palapye,Bonwanotshi,2,2022,-22.46884051836313,26.266558386562913,2,2,True,False,2
Central Serowe/ Palapye,Manasechu,3,2022,-22.072269077301055,27.10697551280832,2,2,True,False,3
Central Serowe/ Palapye,Mogobong,2,2022,-22.737782555975762,27.323374295358928,2,2,True,False,2
Central Serowe/ Palapye,Mmaditau,2,2022,-21.46672203277874,26.736690373546562,2,2,True,False,2
Central Serowe/ Palapye,Manaledi Lands,13,2022,-22.64246875296708,26.968573598359466,2,2,True,False,13
Central Serowe/ Palapye,Mophane,1,2022,-22.76283067865076,27.19642830423176,2,2,True,False,1
Central Serowe/ Palapye,Dimajwe Lands,91,2022,-22.592686048155144,27.193176799770544,2,2,True,False,91
Central Serowe/ Palapye,Masukane,30,2022,-21.596587627640425,26.244426132593198,2,2,True,False,30
Central Serowe/ Palapye,Dioloditshweu,58,2022,-22.757110591635666,26.98312302854143,2,2,True,False,58
Central Serowe/ Palapye,Mokobaise,29,2022,-21.914388240520157,26.56388629888223,2,2,True,False,29
Central Serowe/ Palapye,Bolopudi,4,2022,-21.696084964466895,27.86968753259157,2,2,True,False,4
Central Serowe/ Palapye,Dikgotswe,9,2022,-21.68796637195245,27.98094142275118,2,2,True,False,9
Central Serowe/ Palapye,Mohaka,15,2022,-22.61752254679633,26.723338505808393,2,2,True,False,15
Central Serowe/ Palapye,Matsomakakgetse,19,2022,-22.83033001221614,26.49211455508603,2,2,True,False,19
Central Serowe/ Palapye,Samolomo,52,2022,-22.18880635630866,26.574449714111076,2,2,True,False,52
Central Serowe/ Palapye,Gaexwa,10,2022,-22.596936424008277,27.05422175123344,2,2,True,False,10
Central Serowe/ Palapye,Ramodikwa,3,2022,-21.773811098732377,27.791308129504465,2,2,True,False,3
Central Serowe/ Palapye,Chichimoja,8,2022,-22.341429630172534,27.095620779930073,2,2,True,False,8
Central Serowe/ Palapye,Chuchu,7,2022,-22.18789910704038,26.26956309529437,2,2,True,False,7
Central Serowe/ Palapye,Maruleng,6,2022,-22.744401473888974,26.240755273292464,2,2,True,False,6
Central Serowe/ Palapye,Nthetholang,24,2022,-21.99205922756744,26.5891017618234,2,2,True,False,24
Central Serowe/ Palapye,Rebabedi,8,2022,-22.625039413626325,27.73235226568641,2,2,True,False,8
Central Serowe/ Palapye,Matlopi,6,2022,-21.807421621473058,27.321239472386,2,2,True,False,6
Central Serowe/ Palapye,Xgoree,12,2022,-22.81451516441393,27.212516285974903,2,2,True,False,12
Central Serowe/ Palapye,Charotee,4,2022,-21.3154723223653,26.75923611425207,2,2,True,False,4
Central Serowe/ Palapye,Mmadigaga,4,2022,-21.798240195600233,27.89333787036778,2,2,True,False,4
Central Serowe/ Palapye,Ziba,11,2022,-22.631326733903716,26.781917287599423,2,2,True,False,11
Central Serowe/ Palapye,Matamatisi,4,2022,-22.909081539650316,27.717811555104582,2,2,True,False,4
Central Serowe/ Palapye,Dunxaga,11,2022,-22.378262430516497,27.831061076178006,2,2,True,False,11
Central Serowe/ Palapye,Tsholwane,4,2022,-22.679238244352106,27.064593370877873,2,2,True,False,4
Central Serowe/ Palapye,Majwanaadipitse Lands,67,2022,-22.570548606920227,27.828062133394976,2,2,True,False,67
Central Serowe/ Palapye,Ngwanaije,3,2022,-21.486372478543483,26.68089976329865,2,2,True,False,3
Central Serowe/ Palapye,Ramosenyi,7,2022,-21.93298338914777,27.38989032699616,2,2,True,False,7
Central Serowe/ Palapye,Mohise,9,2022,-22.640061785323457,26.33007461218986,2,2,True,False,9
Central Serowe/ Palapye,Xhiraka,1,2022,-22.010104369022763,27.047128613269777,2,2,True,False,1
Central Serowe/ Palapye,Mmasekotele,26,2022,-22.50863126799817,26.570413935390768,2,2,True,False,26
Central Serowe/ Palapye,Tlapana,35,2022,-21.314964859242487,26.283257303923083,2,2,True,False,35
Central Serowe/ Palapye,Moswetse,36,2022,-22.878159446904395,26.17357723027906,2,2,True,False,36
Central Serowe/ Palapye,Metsimonate,19,2022,-21.71905440935488,26.76997885816315,2,2,True,False,19
Central Serowe/ Palapye,Bonwaphala,10,2022,-21.651653908312344,27.261882990877425,2,2,True,False,10
Central Serowe/ Palapye,Matsabana,6,2022,-22.821152814910196,27.01238066371458,2,2,True,False,6
Central Serowe/ Palapye,Sehunou Lands,11,2022,-22.647664134796983,26.72728149394303,2,2,True,False,11
Central Serowe/ Palapye,Localities with No Affiliation,"1,501",2022,-22.295676143610677,28.008102461175966,2,2,True,False,1501
Central Serowe/ Palapye,Royan Farm,24,2022,-21.493986663459506,27.912100921649046,2,2,True,False,24
Central Serowe/ Palapye,Saasane,29,2022,-22.04267819103457,26.400094085176168,2,2,True,False,29
Central Serowe/ Palapye,Morukuku,1,2022,-21.84665511430237,26.937840501727596,2,2,True,False,1
Central Serowe/ Palapye,Mokati,12,2022,-21.63505868389305,27.37208058973866,2,2,True,False,12
Central Serowe/ Palapye,Mogothokokorala,19,2022,-21.560315867635197,27.529331536197127,2,2,True,False,19
Central Serowe/ Palapye,Alaphate,11,2022,-22.14327771171102,26.847300357530077,2,2,True,False,11
Central Serowe/ Palapye,Seleka ranch,92,2022,-22.089414121986803,27.553094620290665,2,2,True,False,92
Central Serowe/ Palapye,Steven's Game Ranch,10,2022,-21.742768941373686,26.397301273235392,2,2,True,False,10
Central Serowe/ Palapye,Mmabahumi,17,2022,-22.496102255783864,26.783095836140635,2,2,True,False,17
Central Serowe/ Palapye,African Ranch,185,2022,-21.516628392346753,27.497641971753442,2,2,True,False,185
Central Serowe/ Palapye,Virginia Estate,1,2022,-22.897993248165506,27.329046359331773,2,2,True,False,1
Central Serowe/ Palapye,Limpopo Inn Farm,9,2022,-22.608060444983902,27.722020951118907,2,2,True,False,9
Central Serowe/ Palapye,Two River Farm,48,2022,-21.60658131378299,26.253706742425926,2,2,True,False,48
Central Serowe/ Palapye,Geluk Farm,130,2022,-22.368660147940396,26.49064006141307,2,2,True,False,130
Central Serowe/ Palapye,Kijane(Pty) Ltd Ranch,42,2022,-22.684176530013623,26.256748992471948,2,2,True,False,42
Central Serowe/ Palapye,Elibi Ranch,11,2022,-22.623000484997508,26.523564845239065,2,2,True,False,11
Central Serowe/ Palapye,Dipabe Farm,3,2022,-22.05302312536292,26.174612584179812,2,2,True,False,3
Central Serowe/ Palapye,Gosiame's Farm,18,2022,-21.530394285483702,27.103375377407488,2,2,True,False,18
Central Serowe/ Palapye,Mokgethe's Farm (Richmark),31,2022,-22.815373617086703,27.148155842514726,2,2,True,False,31
Central Serowe/ Palapye,Chile Farm,7,2022,-22.881931090228644,27.38888406203715,2,2,True,False,7
Central Serowe/ Palapye,Roy Young's Farm,4,2022,-22.161696520227526,26.881744419847863,2,2,True,False,4
Central Serowe/ Palapye,Mr Rooibok's Farm,9,2022,-21.348125203435387,26.17261523171648,2,2,True,False,9
Central Serowe/ Palapye,Southern Thuli,7,2022,-22.470142819693724,27.418607617202735,2,2,True,False,7
Central Serowe/ Palapye,Tuli Ruins Farm,0,2022,-21.343182456308188,26.267517711362633,2,2,True,False,0
Central Serowe/ Palapye,Oxton Farm,2,2022,-21.461633395464496,27.77582309552105,2,2,True,False,2
Central Serowe/ Palapye,Arizon Ranch,7,2022,-22.463307642528303,26.208742465093867,2,2,True,False,7
Central Serowe/ Palapye,Poloko Farm,10,2022,-21.578831301489796,27.152170031610556,2,2,True,False,10
Central Serowe/ Palapye,Sesulela/Mabili,2,2022,-21.796019408771816,27.829229967306407,2,2,True,False,2
Central Serowe/ Palapye,Molope,7,2022,-22.08439494835654,27.230224271452517,2,2,True,False,7
Central Serowe/ Palapye,Virginia/Mokaatlhobolo,5,2022,-22.231703973843832,27.29696958964558,2,2,True,False,5
Central Serowe/ Palapye,Lechesa/Chepete,7,2022,-21.581226037198842,27.43294922598699,2,2,True,False,7
Central Serowe/ Palapye,Pakatse,7,2022,-21.61837930872932,26.39406654526942,2,2,True,False,7
Central Serowe/ Palapye,Thapa Diatla,4,2022,-21.678264914167766,27.420532193250352,2,2,True,False,4
Central Serowe/ Palapye,Pijenaa,4,2022,-21.27842171966352,27.802174898028998,2,2,True,False,4
Central Serowe/ Palapye,Kagotsi,11,2022,-22.139586267928838,27.976558592137287,2,2,True,False,11
Central Serowe/ Palapye,Teleba,20,2022,-21.595441897281248,26.98975578914794,2,2,True,False,20
Central Serowe/ Palapye,Magothwane,23,2022,-21.503392006309973,26.806675390922287,2,2,True,False,23
Central Serowe/ Palapye,Nkgamelang,18,2022,-22.581830047981647,27.566150837306758,2,2,True,False,18
Central Serowe/ Palapye,Padima,23,2022,-22.86273498596296,27.175205138052036,2,2,True,False,23
Central Serowe/ Palapye,Daugena,26,2022,-22.261806158168536,26.644675300523282,2,2,True,False,26
Central Serowe/ Palapye,Bright Water Farm,13,2022,-21.51290541734665,26.48649005790729,2,2,True,False,13
Central Serowe/ Palapye,Letsa Ranch,5,2022,-22.453418906078973,26.482909001289695,2,2,True,False,5
Central Serowe/ Palapye,Bolela,4,2022,-21.772586075695223,27.019712802721724,2,2,True,False,4
Central Serowe/ Palapye,Gaetsha,3,2022,-22.92025984634001,26.482712270130726,2,2,True,False,3
Central Serowe/ Palapye,Chaixam Ranch,10,2022,-22.3436306059953,26.203289755589818,2,2,True,False,10
Central Serowe/ Palapye,Debegotso,0,2022,-21.912583541905136,26.263426265694815,2,2,True,False,0
Central Serowe/ Palapye,Butajinaa,1,2022,-22.717439922497576,27.8941908563331,2,2,True,False,1
Central Serowe/ Palapye,Chebatsodo,3,2022,-21.446844317442178,26.302203214800596,2,2,True,False,3
Central Serowe/ Palapye,Xumabee,19,2022,-22.67350417849278,26.302610721057853,2,2,True,False,19
Central Serowe/ Palapye,Xadutshaa,9,2022,-21.424995345902246,27.00487163816997,2,2,True,False,9
Central Serowe/ Palapye,Xebe,13,2022,-22.573898905275254,26.62200207902061,2,2,True,False,13
Central Serowe/ Palapye,Tsholetsa Khiba,9,2022,-21.28501168235282,27.955143825096805,2,2,True,False,9
Central Serowe/ Palapye,Mmokolodi,4,2022,-21.930425042694395,27.85908093768982,2,2,True,False,4
Central Serowe/ Palapye,Lotsane Raedame,5,2022,-22.79268369137048,26.918585983665235,2,2,True,False,5
Central Serowe/ Palapye,Hogs Quick,2,2022,-22.824276954360606,27.000307173113928,2,2,True,False,2
Central Serowe/ Palapye,Bull Camp,10,2022,-22.8082970167026,26.86354026911553,2,2,True,False,10
Central Serowe/ Palapye,Suricata Lodges,6,2022,-21.95503993733538,26.23700348216902,2,2,True,False,6
Central Serowe/ Palapye,Tlou Energy,7,2022,-21.591040790926147,26.7107053937332,2,2,True,False,7
Central Serowe/ Palapye,Dallas Camp,8,2022,-22.264764824272223,26.394558158477796,2,2,True,False,8
Central Serowe/ Palapye,African Energy Camp (Sese Coal Mine),2,2022,-22.195385295938607,26.356839087250446,2,2,True,False,2
Central Serowe/ Palapye,Sedibane,2,2022,-21.956042435934968,27.208621825893356,2,2,True,False,2
Central Serowe/ Palapye,Cross Farm,11,2022,-22.049238422807672,26.350140858835967,2,2,True,False,11
Central Serowe/ Palapye,Gambee Ranch,16,2022,-21.792383450239306,26.35788129869022,2,2,True,False,16
Central Serowe/ Palapye,Moxhaxhau,29,2022,-22.15073182490472,27.05935197682281,2,2,True,False,29
Central Serowe/ Palapye,Debetshaa,7,2022,-21.74963708933529,26.988325966513013,2,2,True,False,7
Central Serowe/ Palapye,Gamgenna,11,2022,-21.27998783874225,26.42235321564499,2,2,True,False,11
Central Serowe/ Palapye,Xlaxla,2,2022,-22.352025454284494,26.174921376044782,2,2,True,False,2
Central Serowe/ Palapye,Gabea,2,2022,-22.91219516284917,26.52516295304409,2,2,True,False,2
Central Serowe/ Palapye,Tatana,5,2022,-22.724286485150326,26.604895450358125,2,2,True,False,5
Central Serowe/ Palapye,Jubee,3,2022,-22.01531568635256,27.653353557294334,2,2,True,False,3
Central Serowe/ Palapye,Letsoma Cattle Ranch,6,2022,-22.362033239706665,27.867352790417705,2,2,True,False,6
Central Serowe/ Palapye,Chacha Farms,20,2022,-21.374975020542415,26.920817471931162,2,2,True,False,20
Central Serowe/ Palapye,Gaedu Farm,3,2022,-21.892817690962808,26.919112627359883,2,2,True,False,3
Central Serowe/ Palapye,Mabedi Farms,4,2022,-22.070256931308258,27.490300166562662,2,2,True,False,4
Central Serowe/ Palapye,Gommotara Ranch,8,2022,-21.610160956223886,27.331348586166094,2,2,True,False,8
Central Serowe/ Palapye,Tsookatsie,6,2022,-22.50397666688914,26.50875071813808,2,2,True,False,6
Central Serowe/ Palapye,Goena,9,2022,-21.574207753390535,26.36672031295564,2,2,True,False,9
Central Serowe/ Palapye,Xharojena Farm,7,2022,-22.927363046167372,26.9796491823995,2,2,True,False,7
Central Serowe/ Palapye,Uwe Aboo,6,2022,-21.905689719645242,27.215991308941966,2,2,True,False,6
Central Serowe/ Palapye,Mokalane,1,2022,-21.383633072160794,26.42434629161042,2,2,True,False,1
Central Serowe/ Palapye,Farm C10,7,2022,-21.627027481895222,26.71149802968674,2,2,True,False,7
Central Serowe/ Palapye,Drook 2,6,2022,-21.518045946128463,26.73503536905374,2,2,True,False,6
Central Serowe/ Palapye,Gumo Gumo Farm,6,2022,-22.274719574706257,26.652094491371685,2,2,True,False,6
Central Serowe/ Palapye,Makheamanong/Tseneng,3,2022,-21.56675101748986,27.022655976710556,2,2,True,False,3
Central Serowe/ Palapye,Mmachoana,7,2022,-22.019760361716354,27.37991426163129,2,2,True,False,7
Central Serowe/ Palapye,Mmadanago,18,2022,-21.90757382651714,27.11299797883237,2,2,True,False,18
Central Serowe/ Palapye,Mmadinoga Farm,8,2022,-22.83481799750849,26.540920994060304,2,2,True,False,8
Central Serowe/ Palapye,Matonane,6,2022,-22.59848338829666,26.357895646909423,2,2,True,False,6
Central Serowe/ Palapye,Zuruzeego,7,2022,-22.01954040704235,27.69352283662089,2,2,True,False,7
Central Serowe/ Palapye,Xause Farm,5,2022,-22.835007350889075,27.05710584302969,2,2,True,False,5
Central Serowe/ Palapye,Xaserane,9,2022,-21.7039295618244,26.282097865587996,2,2,True,False,9
Central Serowe/ Palapye,Pixwa,10,2022,-21.540542022409035,26.64619283144145,2,2,True,False,10
Central Serowe/ Palapye,Mmamolathwa,8,2022,-21.407483842483554,27.66038593331319,2,2,True,False,8
Central Serowe/ Palapye,Kuwane,12,2022,-22.763814534679604,27.563209407532675,2,2,True,False,12
Central Serowe/ Palapye,Bootsia Farm,4,2022,-21.375409701890277,27.793743761513582,2,2,True,False,4
Central Serowe/ Palapye,Ditshepe Ranch,4,2022,-22.820395206499,27.285211752706815,2,2,True,False,4
Central Serowe/ Palapye,Karea Chum Chum,18,2022,-22.146969833660556,26.952328530320724,2,2,True,False,18
Central Serowe/ Palapye,Ghabazee Ranch,19,2022,-21.540220563168717,26.95925636528167,2,2,True,False,19
Central Serowe/ Palapye,Xonga Farm,6,2022,-22.81593626357914,26.527068312658766,2,2,True,False,6
Central Serowe/ Palapye,Khokho Farm,2,2022,-22.902227880471337,27.37570705671311,2,2,True,False,2
Central Serowe/ Palapye,Farm Stevenfords 5-MQ(Edenberg/Soon Farm),4,2022,-22.891099050031794,27.253593809725523,2,2,True,False,4
Central Serowe/ Palapye,Xhikadie,6,2022,-22.085309806467716,26.454362329230435,2,2,True,False,6
Central Serowe/ Palapye,Morake,1,2022,-21.587697919087553,27.812036144545697,2,2,True,False,1
Central Serowe/ Palapye,Xhautsetsere,4,2022,-22.721301366419798,26.85119438576941,2,2,True,False,4
Central Serowe/ Palapye,Xamago,12,2022,-22.725967896184848,26.259060429891214,2,2,True,False,12
Central Serowe/ Palapye,Tshwaramarago,3,2022,-21.990408010227434,26.77579153522008,2,2,True,False,3
Central Serowe/ Palapye,Sello sa Ngwana,2,2022,-22.54422991612792,27.78267145530759,2,2,True,False,2
Central Serowe/ Palapye,Anao,2,2022,-21.722541671597252,27.870173360431092,2,2,True,False,2
Central Serowe/ Palapye,Awunaxae,2,2022,-21.358981276423776,27.07771572759286,2,2,True,False,2
Central Serowe/ Palapye,Xhose,4,2022,-21.663191950503556,27.943339558968695,2,2,True,False,4
Central Serowe/ Palapye,Nyunetshudi,5,2022,-21.47904050392067,27.792675856944964,2,2,True,False,5
Central Serowe/ Palapye,Xhobadene Ranch,3,2022,-22.071531302451326,27.699765500073354,2,2,True,False,3
Central Serowe/ Palapye,Daostaela,6,2022,-21.553362647884054,27.763821059616276,2,2,True,False,6
Central Serowe/ Palapye,Ibichoo,4,2022,-22.629382165742914,26.876102231350178,2,2,True,False,4
Central Serowe/ Palapye,Xhalo,9,2022,-22.819189175359814,27.572020215790943,2,2,True,False,9
Central Serowe/ Palapye,Maotomabedi Farm,4,2022,-21.84558432397508,27.239233513219855,2,2,True,False,4
Central Serowe/ Palapye,Sebiwa,4,2022,-22.846354740665767,27.50368134001313,2,2,True,False,4
Central Serowe/ Palapye,Farm 7,16,2022,-21.453679859183204,26.496946141733027,2,2,True,False,16
Central Serowe/ Palapye,Xhalagore,1,2022,-21.786596858995278,27.525435952325928,2,2,True,False,1
Central Serowe/ Palapye,Xharobe,5,2022,-21.354730761467795,27.945666436283762,2,2,True,False,5
Central Serowe/ Palapye,Xinxaa Ranch,3,2022,-22.41235525749463,26.728942407003608,2,2,True,False,3
Central Serowe/ Palapye,Xobaxoba,7,2022,-22.126917839008907,27.998741576838142,2,2,True,False,7
Central Serowe/ Palapye,Xwee Farm,2,2022,-21.703526009085646,26.869601068425343,2,2,True,False,2
Central Serowe/ Palapye,Moaloso a letamo,1,2022,-22.53017377065301,26.53770131414819,2,2,True,False,1
Central Serowe/ Palapye,Menyatso ward,2,2022,-22.034644064410518,26.375260796291734,2,2,True,False,2
Central Mahalapye,Borotsi,"3,497",2022,-23.243580298112896,26.63563345603807,1,1,True,False,3497
Central Mahalapye,Botalaote,"1,115",2022,-22.554415893959145,27.388539274137724,1,1,True,False,1115
Central Mahalapye,Government Enclave,495,2022,-22.488604702930434,24.818003251757652,1,1,True,False,495
Central Mahalapye,Railway Area,294,2022,-22.175720801306756,25.21596233643902,1,1,True,False,294
Central Mahalapye,Xhosa II,"1,764",2022,-22.238349374827177,26.545662023063265,1,1,True,False,1764
Central Mahalapye,Tshikinyega,"9,667",2022,-22.01551165348574,24.954077787745444,1,1,True,False,9667
Central Mahalapye,Dilaene,"3,131",2022,-22.154147973087714,26.327057051272313,1,1,True,False,3131
Central Mahalapye,Herero,"1,128",2022,-23.046509814469406,26.57120342437941,1,1,True,False,1128
Central Mahalapye,Tidimalo,"2,346",2022,-22.55342242644387,26.322797554454745,1,1,True,False,2346
Central Mahalapye,Madiba,"4,525",2022,-22.966389986354926,25.744990444541422,1,1,True,False,4525
Central Mahalapye,Thomadithotse,"3,635",2022,-22.914664803470135,26.605624345590037,1,1,True,False,3635
Central Mahalapye,Mahalapye Sec School Area,713,2022,-21.952555041008495,26.33873035884767,1,1,True,False,713
Central Mahalapye,Flowertown/Boseja,"5,791",2022,-22.352074225448696,25.336704600215942,1,1,True,False,5791
Central Mahalapye,Prisons Area,"1,015",2022,-21.88441659919102,26.257981829420704,1,1,True,False,1015
Central Mahalapye,Xhosa I,"5,906",2022,-22.7754559069445,27.084081490380484,1,1,True,False,5906
Central Mahalapye,Mowana,"3,409",2022,-22.582884980734935,26.526715461366372,1,1,True,False,3409
Central Mahalapye,Xhosa,1,2022,-22.6632880568664,26.021262937534722,1,1,True,False,1
Central Mahalapye,Mokgacha,27,2022,-23.270165279961486,25.63199909684311,1,1,True,False,27
Central Mahalapye,Thokolo 1,37,2022,-23.06339036431121,25.021185884733356,1,1,True,False,37
Central Mahalapye,Thokolo 2,59,2022,-22.598545035026056,25.43256441618922,1,1,True,False,59
Central Mahalapye,Modiane 1,47,2022,-23.333936558610553,24.82760157130542,1,1,True,False,47
Central Mahalapye,Moungwane,46,2022,-21.95332586759392,27.355460944899203,1,1,True,False,46
Central Mahalapye,Gwape 1,42,2022,-23.243711651832385,25.3751757587319,1,1,True,False,42
Central Mahalapye,Morale 1,85,2022,-23.125257896739697,26.910369339352627,1,1,True,False,85
Central Mahalapye,Modiane 2,120,2022,-22.218780003991235,25.23565572900154,1,1,True,False,120
Central Mahalapye,Malepe,145,2022,-23.286706187968914,25.533565931613193,1,1,True,False,145
Central Mahalapye,Moko,33,2022,-22.003150361611784,25.882580437276186,1,1,True,False,33
Central Mahalapye,Gwape 2,14,2022,-22.282083937111565,25.639311198273948,1,1,True,False,14
Central Mahalapye,Sukunya,34,2022,-23.33194485899975,26.867544316424496,1,1,True,False,34
Central Mahalapye,Mokoswane Lands,78,2022,-22.336174596430805,27.28048208611264,1,1,True,False,78
Central Mahalapye,Ramosetsanyana,57,2022,-22.43238975906056,27.066944532031528,1,1,True,False,57
Central Mahalapye,Ledumeleng,70,2022,-22.23151706889944,25.196609424395916,1,1,True,False,70
Central Mahalapye,Madiba Lands,9,2022,-22.11831780182167,26.811406694957274,1,1,True,False,9
Central Mahalapye,Kainangwe Lands,58,2022,-22.293828175730518,25.18201675735138,1,1,True,False,58
Central Mahalapye,Tswaing 1,5,2022,-22.505011859233786,27.165646358085645,1,1,True,False,5
Central Mahalapye,Tswaing 2,41,2022,-22.926363750859547,26.1406979897523,1,1,True,False,41
Central Mahalapye,Tswaing 3,26,2022,-22.32750415315898,25.67034561712875,1,1,True,False,26
Central Mahalapye,Tswaing 4,12,2022,-21.912567382139233,25.205543989571037,1,1,True,False,12
Central Mahalapye,Mmameno,21,2022,-22.50286208728972,24.829214358297683,1,1,True,False,21
Central Mahalapye,Lose,12,2022,-22.380116692596406,25.441167860412108,1,1,True,False,12
Central Mahalapye,Botlhapakolobe,0,2022,-22.74315623939855,27.16730222017409,1,1,True,False,0
Central Mahalapye,Lesware,45,2022,-22.233480122179238,26.864723146633207,1,1,True,False,45
Central Mahalapye,Kedikilwe,39,2022,-21.847544963545275,27.31184012177936,1,1,True,False,39
Central Mahalapye,Majwana,72,2022,-23.185320230852266,25.05973538883973,1,1,True,False,72
Central Mahalapye,Tidi,13,2022,-23.11818852378311,26.333247543403633,1,1,True,False,13
Central Mahalapye,Lekawa 1,49,2022,-22.579689150652072,25.465018767805024,1,1,True,False,49
Central Mahalapye,Mmadiperetla,91,2022,-22.67245927564343,26.205649316984545,1,1,True,False,91
Central Mahalapye,Mokgacha-wa-Dikhudu 2,3,2022,-22.528349660118053,25.629072720031665,1,1,True,False,3
Central Mahalapye,Kainangwe,156,2022,-23.36317610598973,25.533214524645615,1,1,True,False,156
Central Mahalapye,Kgarangwe 1,35,2022,-22.795645419198266,26.285736264804463,1,1,True,False,35
Central Mahalapye,Patikwane,45,2022,-22.510121571154293,25.27368166634837,1,1,True,False,45
Central Mahalapye,Mmamasiloanoka,83,2022,-22.506585570199523,26.014374524114174,1,1,True,False,83
Central Mahalapye,Bonwathothi,21,2022,-22.39131848790723,26.485196842172,1,1,True,False,21
Central Mahalapye,Mmitwe,69,2022,-22.2908475959885,25.130795996291898,1,1,True,False,69
Central Mahalapye,Maowang,20,2022,-22.416542049559688,27.210254428325936,1,1,True,False,20
Central Mahalapye,Madibana,13,2022,-22.178960564342887,26.10920111015766,1,1,True,False,13
Central Mahalapye,Semitwe,46,2022,-22.443363075001905,26.922425114890018,1,1,True,False,46
Central Mahalapye,Tapalamanong,1,2022,-22.58277299455092,26.49321280860336,1,1,True,False,1
Central Mahalapye,Moloko/Masokwane,93,2022,-22.473024350405208,26.638584829186698,1,1,True,False,93
Central Mahalapye,Lekawa 2,5,2022,-23.279901577982628,26.654470778761407,1,1,True,False,5
Central Mahalapye,Mokoswane 1,13,2022,-23.005144493394607,27.06644025913388,1,1,True,False,13
Central Mahalapye,Mmasease,2,2022,-22.5989230346572,26.38877500737302,1,1,True,False,2
Central Mahalapye,Mmalegare,8,2022,-22.04675483580926,25.519613252640347,1,1,True,False,8
Central Mahalapye,Sekokobiri,125,2022,-22.356618832064402,25.05649113507262,1,1,True,False,125
Central Mahalapye,Mathokgotse,188,2022,-23.297133955684192,26.369714936560616,1,1,True,False,188
Central Mahalapye,Gasetsile,39,2022,-22.495267629253295,24.970564888146697,1,1,True,False,39
Central Mahalapye,Ntswaneng II,0,2022,-23.087299360707036,25.423925151694483,1,1,True,False,0
Central Mahalapye,Ntswaneng I,29,2022,-22.26879756331605,24.955934215260516,1,1,True,False,29
Central Mahalapye,Raijagana,10,2022,-22.119527311409655,26.22105812689882,1,1,True,False,10
Central Mahalapye,Bonwapitse,0,2022,-22.493380151712735,25.214128693832567,1,1,True,False,0
Central Mahalapye,Maipaafela Pan,19,2022,-22.496725337104838,26.38048706197772,1,1,True,False,19
Central Mahalapye,Titsane,77,2022,-22.900594765555386,26.848145104418336,1,1,True,False,77
Central Mahalapye,Dilotso,39,2022,-22.728581442439157,26.928522284806768,1,1,True,False,39
Central Mahalapye,Makubelo 1,52,2022,-22.060941187849515,25.600795787230236,1,1,True,False,52
Central Mahalapye,Ranala,2,2022,-22.285887644751597,26.221231612068582,1,1,True,False,2
Central Mahalapye,Bodungwe 1,25,2022,-22.61113975440875,26.25765845186064,1,1,True,False,25
Central Mahalapye,Bodungwe 2,14,2022,-22.853235444921097,26.024102388537163,1,1,True,False,14
Central Mahalapye,Mmabolwetse,3,2022,-23.36108991669391,26.496344545652303,1,1,True,False,3
Central Mahalapye,Mokgacha-wa-Dikhudu 1,18,2022,-23.213092493404947,25.343053672172804,1,1,True,False,18
Central Mahalapye,Sethukge,22,2022,-23.133175721985246,27.336328668578332,1,1,True,False,22
Central Mahalapye,Mmalehutso,4,2022,-22.845005096238218,25.052785754624598,1,1,True,False,4
Central Mahalapye,Moselane,42,2022,-21.93306343744188,26.947545050418153,1,1,True,False,42
Central Mahalapye,Kgarangwe 2,23,2022,-22.63446757575672,26.338216097047887,1,1,True,False,23
Central Mahalapye,Matsomane,23,2022,-23.066365136869788,25.43315428104524,1,1,True,False,23
Central Mahalapye,Makubelo 2,30,2022,-23.27262092011853,26.731034475286172,1,1,True,False,30
Central Mahalapye,Morale 2,38,2022,-22.901051596871696,25.017544001475194,1,1,True,False,38
Central Mahalapye,Morale Pasture Research Statio,1,2022,-22.138237509627494,26.80552178773453,1,1,True,False,1
Central Mahalapye,Morale Farm,48,2022,-22.82909253500087,26.32756301330977,1,1,True,False,48
Central Mahalapye,Tshilong,33,2022,-22.207300715828985,25.08562144687714,1,1,True,False,33
Central Mahalapye,Water Utilities,24,2022,-22.159049478408683,25.004650382303947,1,1,True,False,24
Central Mahalapye,Mogolori,33,2022,-23.26451923126081,26.744410115627595,1,1,True,False,33
Central Mahalapye,Dinokwe,2,2022,-22.46908853302476,25.557757038127853,1,1,True,False,2
Central Mahalapye,Mogonono/Capricon,49,2022,-21.90917296011573,27.10324474997989,1,1,True,False,49
Central Mahalapye,Lethekane,197,2022,-22.799062054475574,26.77353009265689,1,1,True,False,197
Central Mahalapye,Lekadiba,24,2022,-23.360188215745907,26.607977302898163,1,1,True,False,24
Central Mahalapye,Sesekane,67,2022,-21.96636243049474,25.520621092854064,1,1,True,False,67
Central Mahalapye,Seroojane,5,2022,-22.029692176290776,26.635847101545195,1,1,True,False,5
Central Mahalapye,Mogobewabasadi,2,2022,-22.607324626317215,27.255744257749352,1,1,True,False,2
Central Mahalapye,Thuparobega,60,2022,-22.55921318866731,25.03588913480984,1,1,True,False,60
Central Mahalapye,Tsonyenyane,3,2022,-23.103272053440698,25.64386442221602,1,1,True,False,3
Central Mahalapye,Nkunyane,16,2022,-22.13229362466571,25.40676628799411,1,1,True,False,16
Central Mahalapye,Mphebatho,1,2022,-22.644938312458326,25.81772226255054,1,1,True,False,1
Central Mahalapye,Sesanasamotopi,5,2022,-23.387456176888463,26.722372756047896,1,1,True,False,5
Central Mahalapye,Ditsomane 2,37,2022,-22.350286242079353,26.027614917947123,1,1,True,False,37
Central Mahalapye,Makobana,38,2022,-21.92291342648614,26.277664502336073,1,1,True,False,38
Central Mahalapye,Ramoteketa,36,2022,-22.11679570849174,25.61274621984902,1,1,True,False,36
Central Mahalapye,Makolwane,45,2022,-22.998686959110227,25.164763407259624,1,1,True,False,45
Central Mahalapye,Ditshilo,32,2022,-23.35638393902131,25.490371953624965,1,1,True,False,32
Central Mahalapye,Mahatane,41,2022,-21.93912254464311,27.026480237791322,1,1,True,False,41
Central Mahalapye,Menoge,31,2022,-21.944377101257132,26.359779979173222,1,1,True,False,31
Central Mahalapye,Ngwanaatshono,2,2022,-22.590909371868328,25.778172048488692,1,1,True,False,2
Central Mahalapye,Legaragatlhana,24,2022,-22.415311436105807,26.84565946082161,1,1,True,False,24
Central Mahalapye,Sheleketla,24,2022,-22.702457888798275,24.965653016323788,1,1,True,False,24
Central Mahalapye,Mmantshwe,8,2022,-22.770897748706716,25.456572039370656,1,1,True,False,8
Central Mahalapye,Monyai,32,2022,-23.250734230871508,25.394925394667982,1,1,True,False,32
Central Mahalapye,Mphebatho 2,15,2022,-23.286996411844285,27.352192131140008,1,1,True,False,15
Central Mahalapye,Legotlhong,10,2022,-23.069733256201626,26.62847183115808,1,1,True,False,10
Central Mahalapye,Mmamabula 2,1,2022,-22.104828024536253,26.399608814224365,1,1,True,False,1
Central Mahalapye,Mmamabula,20,2022,-23.208578962350455,24.811529582425315,1,1,True,False,20
Central Mahalapye,Mabuane,1,2022,-23.079373375026186,25.276252029205885,1,1,True,False,1
Central Mahalapye,Mosung,24,2022,-22.565027560278935,26.44562198061137,1,1,True,False,24
Central Mahalapye,Lerukuru,2,2022,-23.09785543908473,25.782657052051174,1,1,True,False,2
Central Mahalapye,Letsotsojane,16,2022,-23.180818744978517,27.19389193282774,1,1,True,False,16
Central Mahalapye,Maphashalala Lands,19,2022,-22.54153689845097,26.780400696423836,1,1,True,False,19
Central Mahalapye,Mmaphashalala Cattlepost 1,49,2022,-22.85345771867955,25.95801085112853,1,1,True,False,49
Central Mahalapye,Poong,3,2022,-22.44112835634053,26.740985809925224,1,1,True,False,3
Central Mahalapye,Magotlhwane,60,2022,-21.98409340987125,27.326380083834568,1,1,True,False,60
Central Mahalapye,Seruruma,93,2022,-23.200333157366387,25.993246956041283,1,1,True,False,93
Central Mahalapye,Mmaphashalala Cattlepost 2,11,2022,-21.98213084166146,26.463722621196126,1,1,True,False,11
Central Mahalapye,Dikgatlhong,20,2022,-21.999616312220585,27.179338617912883,1,1,True,False,20
Central Mahalapye,Ditsomane,26,2022,-22.116896219236143,25.443053624738702,1,1,True,False,26
Central Mahalapye,Sesana,0,2022,-22.432937193763607,27.096133812287384,1,1,True,False,0
Central Mahalapye,Majwaneng,61,2022,-22.450735135541244,25.051398985504548,1,1,True,False,61
Central Mahalapye,Penamarago,4,2022,-22.420272105971236,26.47907027011142,1,1,True,False,4
Central Mahalapye,Koromo,13,2022,-22.33833399461737,26.82734312437046,1,1,True,False,13
Central Mahalapye,Lecha,3,2022,-23.41525028380008,26.391368548648636,1,1,True,False,3
Central Mahalapye,Mogononyane,32,2022,-21.910776294072225,26.082793904774555,1,1,True,False,32
Central Mahalapye,Kgorwane,42,2022,-22.505926634854426,26.398471565581314,1,1,True,False,42
Central Mahalapye,Maipaafela,20,2022,-22.19298467017551,25.19164886627531,1,1,True,False,20
Central Mahalapye,Ostrich Farm,1,2022,-22.83877652784844,25.357264435957156,1,1,True,False,1
Central Mahalapye,Dibete Quarantine Camp,19,2022,-23.4217771407134,25.498057578956956,1,1,True,False,19
Central Mahalapye,Dibete Police Station,69,2022,-22.627147781693193,26.34776154125681,1,1,True,False,69
Central Mahalapye,Dibete A1 Camp,18,2022,-22.631213364630945,25.943801609720015,1,1,True,False,18
Central Mahalapye,Dovedale Lands,1,2022,-22.743377935782476,25.432172346084638,1,1,True,False,1
Central Mahalapye,Lekotsane 1,6,2022,-22.89879630152262,27.086419329536668,1,1,True,False,6
Central Mahalapye,Lekotsane 2,5,2022,-23.042421121158522,25.76763281441645,1,1,True,False,5
Central Mahalapye,Sekwaba,61,2022,-22.59869120850926,25.954506214669735,1,1,True,False,61
Central Mahalapye,Boatanaga,18,2022,-22.841977972576345,25.860355027186408,1,1,True,False,18
Central Mahalapye,Makatakwa,1,2022,-21.891859845015155,25.270117806086304,1,1,True,False,1
Central Mahalapye,Letlhakoleng,2,2022,-23.165287454251153,26.69462899513059,1,1,True,False,2
Central Mahalapye,Rapitse,16,2022,-22.930833905009173,25.960794622794108,1,1,True,False,16
Central Mahalapye,Mmasetsola,42,2022,-22.97190466025226,24.84074144660097,1,1,True,False,42
Central Mahalapye,Dikgatlhong 1,15,2022,-22.573503527413003,27.296861185788735,1,1,True,False,15
Central Mahalapye,Dikgatlhong 2,31,2022,-22.643851481655187,26.91266974132202,1,1,True,False,31
Central Mahalapye,Seditsane 1,9,2022,-22.413037727780456,26.673721578163097,1,1,True,False,9
Central Mahalapye,Thakadibe 1,94,2022,-21.92370352103496,27.050870404275603,1,1,True,False,94
Central Mahalapye,Kudumatse Cattle Post,23,2022,-22.98586816189372,27.148610158984066,1,1,True,False,23
Central Mahalapye,Seditsane 2,1,2022,-22.33469744810615,25.67321861150263,1,1,True,False,1
Central Mahalapye,Mmaphala 1,15,2022,-23.401576589965018,26.38191591374498,1,1,True,False,15
Central Mahalapye,Kiti,26,2022,-23.022349357085815,26.37634191682658,1,1,True,False,26
Central Mahalapye,Mogami,4,2022,-22.700668921358066,25.491320497419682,1,1,True,False,4
Central Mahalapye,Monyaneng,0,2022,-23.392062549792865,25.37380225719534,1,1,True,False,0
Central Mahalapye,Lengwele,26,2022,-22.454693119019595,25.09380267602879,1,1,True,False,26
Central Mahalapye,Mhikwe,61,2022,-22.35780269414583,26.50722967254525,1,1,True,False,61
Central Mahalapye,Mmamokokane,38,2022,-22.248481708178357,26.822369593527185,1,1,True,False,38
Central Mahalapye,Bokaa,10,2022,-22.616219303120495,26.770627494995132,1,1,True,False,10
Central Mahalapye,Shakwe Lands,97,2022,-22.476622144471094,25.618241486453257,1,1,True,False,97
Central Mahalapye,Nkgodi,17,2022,-22.808765011660526,25.330543749819228,1,1,True,False,17
Central Mahalapye,Makobese,24,2022,-23.375672266011087,25.974156225992758,1,1,True,False,24
Central Mahalapye,Makobesane,25,2022,-23.281885223254722,26.215683003534426,1,1,True,False,25
Central Mahalapye,Malatso 1,12,2022,-22.395054127176397,27.180433563914665,1,1,True,False,12
Central Mahalapye,Mookametsana,21,2022,-21.850919595646733,27.0657230777096,1,1,True,False,21
Central Mahalapye,Masweaphiri,10,2022,-23.41633510597178,27.172584410093666,1,1,True,False,10
Central Mahalapye,Malatso 2,30,2022,-22.5506964890262,27.00207362344136,1,1,True,False,30
Central Mahalapye,Kolomaje,3,2022,-22.241647997933093,27.29833187252754,1,1,True,False,3
Central Mahalapye,Thakadiawa,17,2022,-22.120591463368747,26.004958432163587,1,1,True,False,17
Central Mahalapye,Mabeleapodi,8,2022,-22.570474600588206,24.921638995859343,1,1,True,False,8
Central Mahalapye,Moralana,22,2022,-22.45110370408918,25.015162758371073,1,1,True,False,22
Central Mahalapye,Ditakane,1,2022,-22.32838087436351,25.810015133888303,1,1,True,False,1
Central Mahalapye,Dipuding,4,2022,-22.069157072126075,25.466409416217793,1,1,True,False,4
Central Mahalapye,Matlhakamme,5,2022,-23.246194813012064,25.23901357197753,1,1,True,False,5
Central Mahalapye,Mokgowane,59,2022,-21.961761650804497,27.268847160473133,1,1,True,False,59
Central Mahalapye,Moekatsi,15,2022,-23.400015251179617,25.305042622142423,1,1,True,False,15
Central Mahalapye,Choele,62,2022,-22.105532632511448,27.284851018618372,1,1,True,False,62
Central Mahalapye,Mokoduane,14,2022,-23.31897167887699,26.770331702241972,1,1,True,False,14
Central Mahalapye,Dinatshana,1,2022,-23.13061446622864,26.459627477823567,1,1,True,False,1
Central Mahalapye,Mosu,70,2022,-23.435363061419057,26.550520219242266,1,1,True,False,70
Central Mahalapye,Moaneng,13,2022,-22.730168529365795,25.657629693031534,1,1,True,False,13
Central Mahalapye,Koroma,13,2022,-22.907356861405432,26.473832486971382,1,1,True,False,13
Central Mahalapye,Malatsweng,3,2022,-23.176367003792105,25.282425304754966,1,1,True,False,3
Central Mahalapye,Machaneng Lands,87,2022,-22.720848027042823,27.228683067765882,1,1,True,False,87
Central Mahalapye,Thokolo,66,2022,-22.798690081106628,25.58071115664794,1,1,True,False,66
Central Mahalapye,Motswerekgomo,72,2022,-22.21504153476803,25.459929143287326,1,1,True,False,72
Central Mahalapye,Matebejana,15,2022,-22.0145708702614,26.641595791985342,1,1,True,False,15
Central Mahalapye,Lenganeng,4,2022,-22.398934579845864,26.499803760906975,1,1,True,False,4
Central Mahalapye,Lelotong,13,2022,-23.242806186435587,25.968156208576943,1,1,True,False,13
Central Mahalapye,Makobeng,31,2022,-22.969619336108824,26.437601109217287,1,1,True,False,31
Central Mahalapye,Mokoloboto,36,2022,-21.982315164825177,25.211938730905906,1,1,True,False,36
Central Mahalapye,Mafoloso,9,2022,-23.299807955310264,26.543547368586932,1,1,True,False,9
Central Mahalapye,Morobisi,9,2022,-22.791524166064036,25.499901052094604,1,1,True,False,9
Central Mahalapye,Booke,1,2022,-21.935682222041176,25.50566788908083,1,1,True,False,1
Central Mahalapye,Murukutshwane,18,2022,-21.922644088239824,25.218901761026235,1,1,True,False,18
Central Mahalapye,Newclear 1,0,2022,-22.784578133416122,25.659969336840437,1,1,True,False,0
Central Mahalapye,Ditshoswane,95,2022,-22.37524027629305,25.65705110405635,1,1,True,False,95
Central Mahalapye,Motlhaba,51,2022,-22.711811955554726,25.975619996437537,1,1,True,False,51
Central Mahalapye,Marotse,9,2022,-22.237730614286413,25.292084860118386,1,1,True,False,9
Central Mahalapye,Rabalang,23,2022,-23.39112539200264,25.298791767023268,1,1,True,False,23
Central Mahalapye,Lwale,42,2022,-23.21125546463937,26.2025313841124,1,1,True,False,42
Central Mahalapye,Mokoloboto 2,6,2022,-22.460238420258552,25.13259795410018,1,1,True,False,6
Central Mahalapye,Mothibathibane,3,2022,-23.070020669293132,26.58389379627614,1,1,True,False,3
Central Mahalapye,Sefhare BDF Camp,13,2022,-22.37738861595363,27.244858472197052,1,1,True,False,13
Central Mahalapye,Mmadikgabo,45,2022,-22.880412596858942,25.90465569470383,1,1,True,False,45
Central Mahalapye,Gamathako,24,2022,-22.024931986526784,27.133833528977796,1,1,True,False,24
Central Mahalapye,Molapong,9,2022,-22.132599389311977,25.053399330751997,1,1,True,False,9
Central Mahalapye,Mmaokhana,96,2022,-22.654145026697503,24.90993607796263,1,1,True,False,96
Central Mahalapye,Mmaleswabi,1,2022,-22.20667873537771,26.668044938397014,1,1,True,False,1
Central Mahalapye,Marutwaneng,1,2022,-23.00836983292382,26.770805255575706,1,1,True,False,1
Central Mahalapye,Bonwapitse Lands 1,139,2022,-22.65187303918264,26.983404018986914,1,1,True,False,139
Central Mahalapye,Bonwapitse Lands 2,112,2022,-23.126054694440565,24.94585452493266,1,1,True,False,112
Central Mahalapye,Diphata,8,2022,-22.066089489180715,26.81197262508412,1,1,True,False,8
Central Mahalapye,Khuduyabaeng,5,2022,-22.126514723478333,25.77441451489094,1,1,True,False,5
Central Mahalapye,Marapalalo,39,2022,-22.000160030755154,25.584713205134612,1,1,True,False,39
Central Mahalapye,Diatshaba,4,2022,-22.039581236140258,25.247004049376446,1,1,True,False,4
Central Mahalapye,Mokgalega,8,2022,-21.908373759157985,27.379794793489996,1,1,True,False,8
Central Mahalapye,Maologane,4,2022,-23.076756904194152,24.96359576469214,1,1,True,False,4
Central Mahalapye,Tlapa-la-Kgomo,21,2022,-21.95274689836884,26.941809712928762,1,1,True,False,21
Central Mahalapye,Rabadimo,7,2022,-22.528919412893092,26.45586658502362,1,1,True,False,7
Central Mahalapye,Maaladiatla,5,2022,-22.766536297253346,26.703578587028627,1,1,True,False,5
Central Mahalapye,Mmamoeledi,21,2022,-22.5462380813611,26.643032321731415,1,1,True,False,21
Central Mahalapye,Mokobeng Lands,4,2022,-22.894186260421954,27.023251693977517,1,1,True,False,4
Central Mahalapye,Rakhudu,27,2022,-22.98054452772702,25.274909803160735,1,1,True,False,27
Central Mahalapye,Kgorotlhwe,5,2022,-23.056020914152658,24.80074800194864,1,1,True,False,5
Central Mahalapye,Boithwa,49,2022,-23.309884278569054,26.349702966112027,1,1,True,False,49
Central Mahalapye,Bagthrae,45,2022,-22.64818999397983,25.715638848534173,1,1,True,False,45
Central Mahalapye,C10,11,2022,-22.023148690679648,25.119406982676043,1,1,True,False,11
Central Mahalapye,Ngwapa Cattle Post,88,2022,-22.434748978508374,25.28099125650992,1,1,True,False,88
Central Mahalapye,Mmatswalekemogwe,2,2022,-22.609187326178706,25.658342328981888,1,1,True,False,2
Central Mahalapye,Tupye,34,2022,-22.756793378784987,24.98062141275323,1,1,True,False,34
Central Mahalapye,Mmathoa,1,2022,-22.69957940672406,24.9461020755347,1,1,True,False,1
Central Mahalapye,Moetse,20,2022,-23.107208560202007,27.17250128363457,1,1,True,False,20
Central Mahalapye,Mmamonyopi,28,2022,-22.126725212304816,25.607428083874847,1,1,True,False,28
Central Mahalapye,Mmasebue,3,2022,-23.12461524790656,27.344070692579074,1,1,True,False,3
Central Mahalapye,Mmamoneelwa,6,2022,-22.29658880785207,27.297776781391306,1,1,True,False,6
Central Mahalapye,Malekalethabo,11,2022,-22.227306028136827,25.168085761292257,1,1,True,False,11
Central Mahalapye,Serokolo,10,2022,-22.52307821532647,26.651343765274206,1,1,True,False,10
Central Mahalapye,Mantsibudi,22,2022,-22.062829714667547,26.355602277416804,1,1,True,False,22
Central Mahalapye,Malete,80,2022,-22.976554351515983,26.588429105775663,1,1,True,False,80
Central Mahalapye,Sesholo,4,2022,-22.032966097266453,25.047890842256514,1,1,True,False,4
Central Mahalapye,Sekgarapana 1,21,2022,-22.276157038197397,25.287266140822165,1,1,True,False,21
Central Mahalapye,Isheshane,57,2022,-22.165368883946574,24.997220780897912,1,1,True,False,57
Central Mahalapye,Mosesane,49,2022,-22.37974147124767,26.364230230027886,1,1,True,False,49
Central Mahalapye,Nakalakolobe,40,2022,-22.089326056772986,27.3553706523826,1,1,True,False,40
Central Mahalapye,Moralane,38,2022,-21.85484440941223,26.540064977201393,1,1,True,False,38
Central Mahalapye,Mokgalwaneng,47,2022,-22.77026265641473,26.640555914863146,1,1,True,False,47
Central Mahalapye,Sekgarapana 2,5,2022,-22.14113737978641,27.350171996424788,1,1,True,False,5
Central Mahalapye,Serengwe,18,2022,-22.251920031374148,26.555684044740197,1,1,True,False,18
Central Mahalapye,Moamokeme,15,2022,-22.718003993940805,24.902741907100836,1,1,True,False,15
Central Mahalapye,Kopung,14,2022,-21.960536477544384,27.04546381767028,1,1,True,False,14
Central Mahalapye,Mokotong,50,2022,-22.811384265784582,25.743678071621265,1,1,True,False,50
Central Mahalapye,Moshakgalo,1,2022,-22.538102219349064,24.80991936442798,1,1,True,False,1
Central Mahalapye,Dikhu,22,2022,-23.27231379809762,26.113112936256464,1,1,True,False,22
Central Mahalapye,Tsholwane,11,2022,-23.080848845502324,27.226893807905846,1,1,True,False,11
Central Mahalapye,Radisele Lands,306,2022,-22.098348401694786,25.465485791841985,1,1,True,False,306
Central Mahalapye,Letshage,6,2022,-22.80798614570392,26.072371811584993,1,1,True,False,6
Central Mahalapye,Rasesolo,39,2022,-22.81193044670725,25.248955368680058,1,1,True,False,39
Central Mahalapye,Matsweenyane,2,2022,-23.048564646508627,24.948122077857626,1,1,True,False,2
Central Mahalapye,Radisele Farms,5,2022,-22.65610623100056,25.007343954311555,1,1,True,False,5
Central Mahalapye,Lebu,2,2022,-22.154077251113698,26.682666305897005,1,1,True,False,2
Central Mahalapye,Semkhubu,6,2022,-22.011321313037005,27.037867767598517,1,1,True,False,6
Central Mahalapye,Botibakgori,0,2022,-23.32955847425606,25.169971231612386,1,1,True,False,0
Central Mahalapye,Tewane Lands,93,2022,-22.523155404708675,25.54579116334794,1,1,True,False,93
Central Mahalapye,Bolokabatho,33,2022,-22.69499103280277,25.30403162066678,1,1,True,False,33
Central Mahalapye,Rabasele,31,2022,-22.460105730617578,24.86820798760683,1,1,True,False,31
Central Mahalapye,Maminalengwete,11,2022,-22.726942667555637,26.23283337594445,1,1,True,False,11
Central Mahalapye,Tewane Siding,27,2022,-22.8046434605195,26.612465603211245,1,1,True,False,27
Central Mahalapye,Tshilo,8,2022,-22.68762956974367,26.477591322610987,1,1,True,False,8
Central Mahalapye,Ngwanaitsele,76,2022,-22.51168599804425,25.8042552603157,1,1,True,False,76
Central Mahalapye,Borakalalo,35,2022,-22.64113055785939,26.236925047445478,1,1,True,False,35
Central Mahalapye,Moshabi,64,2022,-22.687208176926095,25.04247020004154,1,1,True,False,64
Central Mahalapye,Motere/Mmanare,51,2022,-22.134874730314205,25.198490475803307,1,1,True,False,51
Central Mahalapye,Kgoboge,36,2022,-22.25021324598386,27.21336514272313,1,1,True,False,36
Central Mahalapye,Nkgorotshwane,38,2022,-22.896141707487597,26.772065182044994,1,1,True,False,38
Central Mahalapye,Moholwane,71,2022,-22.162449300678897,27.189897671482782,1,1,True,False,71
Central Mahalapye,Bonwanotshe,25,2022,-22.077650131536686,27.17419620740267,1,1,True,False,25
Central Mahalapye,Ratshimo,4,2022,-23.196340219495895,26.481517811768263,1,1,True,False,4
Central Mahalapye,Phuduhudu,40,2022,-22.51059419116783,27.20414981073051,1,1,True,False,40
Central Mahalapye,Mooko,30,2022,-22.985722911922963,25.87850343347513,1,1,True,False,30
Central Mahalapye,Nkgorotswane,38,2022,-22.260559856712106,24.80798253090638,1,1,True,False,38
Central Mahalapye,Rakabaswa,3,2022,-23.060061680666564,24.960764609855367,1,1,True,False,3
Central Mahalapye,Mmamoeletsi,69,2022,-22.368838605392625,25.082348389939593,1,1,True,False,69
Central Mahalapye,Dithupa,15,2022,-23.033955243664764,25.045720332104462,1,1,True,False,15
Central Mahalapye,Senthane,62,2022,-22.62489636253583,25.710050911209976,1,1,True,False,62
Central Mahalapye,Marutwe,50,2022,-21.925868978896947,26.615960608061165,1,1,True,False,50
Central Mahalapye,Kenwakae,7,2022,-22.832344398203077,26.847584498144442,1,1,True,False,7
Central Mahalapye,Tlapaneng,44,2022,-22.042358946498023,26.328154012383564,1,1,True,False,44
Central Mahalapye,Leretwa,7,2022,-21.864677517323596,25.178101664289983,1,1,True,False,7
Central Mahalapye,Letsomo,30,2022,-22.04377718385712,26.736804733081417,1,1,True,False,30
Central Mahalapye,Dihate,33,2022,-23.176569731287024,25.71808336666236,1,1,True,False,33
Central Mahalapye,Phutsilerema,68,2022,-22.13196214554796,24.8322833800231,1,1,True,False,68
Central Mahalapye,Kapye,67,2022,-23.39021775743836,25.525758935408206,1,1,True,False,67
Central Mahalapye,Lekopo,6,2022,-22.813180229187406,25.65536531146133,1,1,True,False,6
Central Mahalapye,Leropo,131,2022,-22.050355950314035,25.50932077272753,1,1,True,False,131
Central Mahalapye,Mabole,28,2022,-22.341119443275222,26.902579808817006,1,1,True,False,28
Central Mahalapye,Gatalatlou,52,2022,-22.59038992563364,26.767967098702663,1,1,True,False,52
Central Mahalapye,Lesetwane,48,2022,-22.821868660235815,26.601140346782636,1,1,True,False,48
Central Mahalapye,Suane,50,2022,-22.14372374472901,25.158843912010244,1,1,True,False,50
Central Mahalapye,Mapapa,5,2022,-22.307875997598863,26.89211984750902,1,1,True,False,5
Central Mahalapye,Mmeotsogile,3,2022,-22.693182437693626,26.55351859923416,1,1,True,False,3
Central Mahalapye,Seripe,5,2022,-22.015602977989534,25.303534618055707,1,1,True,False,5
Central Mahalapye,Reetsang,12,2022,-23.074181645413976,26.478152253169924,1,1,True,False,12
Central Mahalapye,Marapalalo 1,139,2022,-23.16933906958615,26.051635769265808,1,1,True,False,139
Central Mahalapye,Marutweng,38,2022,-22.414534357872025,25.937190639450964,1,1,True,False,38
Central Mahalapye,Mahutagane,42,2022,-21.88856451504442,25.08917918724717,1,1,True,False,42
Central Mahalapye,Palamaokuwe,25,2022,-23.04652660663736,26.141801195591228,1,1,True,False,25
Central Mahalapye,Pelotshwaana,0,2022,-23.042669907662038,25.057585182338162,1,1,True,False,0
Central Mahalapye,Kgemekgeme,68,2022,-23.218698344187995,25.22427513134992,1,1,True,False,68
Central Mahalapye,Mmamabele,43,2022,-22.066604949981112,25.14210596635988,1,1,True,False,43
Central Mahalapye,Ntsikwe/Leloto,31,2022,-23.079854481049605,27.271191192184435,1,1,True,False,31
Central Mahalapye,Motubane,4,2022,-22.637622954890354,25.536840409067555,1,1,True,False,4
Central Mahalapye,Kolo,10,2022,-21.858401653439852,25.719126201437966,1,1,True,False,10
Central Mahalapye,Mahibitswane,50,2022,-23.42218666915649,25.633285789941635,1,1,True,False,50
Central Mahalapye,Kototsi,0,2022,-22.55244988862284,27.126435112933166,1,1,True,False,0
Central Mahalapye,Kgadikwe,4,2022,-22.623066473104448,26.257542225917565,1,1,True,False,4
Central Mahalapye,Selehe,4,2022,-22.151472227735276,27.18062215052477,1,1,True,False,4
Central Mahalapye,Segompo,31,2022,-22.873927880393378,25.575869092777143,1,1,True,False,31
Central Mahalapye,Thupane,22,2022,-22.785955118015956,25.096206092302467,1,1,True,False,22
Central Mahalapye,Sekgwa-Sa-Basarwa,26,2022,-23.173259236552497,26.240056126200773,1,1,True,False,26
Central Mahalapye,Ramoilwa,29,2022,-22.257934869794983,25.69407322405676,1,1,True,False,29
Central Mahalapye,Letlhajwe,16,2022,-22.18780300029318,26.876759776152774,1,1,True,False,16
Central Mahalapye,Dibe,5,2022,-23.22322885594917,27.077644679005243,1,1,True,False,5
Central Mahalapye,Thekwane,23,2022,-22.812932271264902,26.023289506677276,1,1,True,False,23
Central Mahalapye,Konowa,69,2022,-22.01493086427435,27.315896653148812,1,1,True,False,69
Central Mahalapye,Patadikhubidu,8,2022,-23.437259407460857,26.231749183058586,1,1,True,False,8
Central Mahalapye,Boemakgama,17,2022,-22.96423761600849,25.50070363774417,1,1,True,False,17
Central Mahalapye,Kadimotse,8,2022,-22.554756753338445,26.065795448794326,1,1,True,False,8
Central Mahalapye,Mesaso,14,2022,-22.907780856132696,24.89530095855482,1,1,True,False,14
Central Mahalapye,Lekabi 1,1,2022,-23.00692017422316,26.88218724283218,1,1,True,False,1
Central Mahalapye,Mmakhunwana,7,2022,-22.70655228785865,25.06148084720469,1,1,True,False,7
Central Mahalapye,Mesoke,44,2022,-23.151553368124898,25.598735486691936,1,1,True,False,44
Central Mahalapye,Naka-tsa-Kgama,23,2022,-22.59536726762789,26.263633919412236,1,1,True,False,23
Central Mahalapye,Mojaphofu,7,2022,-22.31244957789113,24.90998142489007,1,1,True,False,7
Central Mahalapye,Shanga,18,2022,-22.522397709423615,25.004161458080816,1,1,True,False,18
Central Mahalapye,Selinye,110,2022,-23.29281798376216,26.60260280580134,1,1,True,False,110
Central Mahalapye,Tshepeyagae,7,2022,-22.092416781770513,24.98462198266082,1,1,True,False,7
Central Mahalapye,Rametsana 1,42,2022,-23.162011185531128,26.034975541625872,1,1,True,False,42
Central Mahalapye,Bolawe,9,2022,-22.21959362421956,25.676343782270575,1,1,True,False,9
Central Mahalapye,Senyane,33,2022,-22.865485964651,25.389680838433726,1,1,True,False,33
Central Mahalapye,Hubasakgosi,3,2022,-22.190914749200445,25.28783321282377,1,1,True,False,3
Central Mahalapye,Ramaselwana,9,2022,-23.11200896194475,26.77699823840962,1,1,True,False,9
Central Mahalapye,Mhakane,4,2022,-23.143342450564862,27.264541157428695,1,1,True,False,4
Central Mahalapye,Seipone,24,2022,-22.64745350476663,25.161888063537614,1,1,True,False,24
Central Mahalapye,Sekhu,6,2022,-23.388960922603445,27.285633516620724,1,1,True,False,6
Central Mahalapye,Mmasechele,27,2022,-23.081612346905768,26.339943380618262,1,1,True,False,27
Central Mahalapye,Dikalakane,28,2022,-22.284782115864168,26.46147971544253,1,1,True,False,28
Central Mahalapye,Mhakane 2,5,2022,-22.103641312018375,26.638391598293904,1,1,True,False,5
Central Mahalapye,Mmatlou,13,2022,-23.312508811417175,26.62334144142391,1,1,True,False,13
Central Mahalapye,Phatse,56,2022,-22.032230344424207,26.923158865163185,1,1,True,False,56
Central Mahalapye,Naka-la-Pudi,1,2022,-22.167338329431562,26.05152436118542,1,1,True,False,1
Central Mahalapye,Mmilo,13,2022,-22.052032131901168,26.180814579771635,1,1,True,False,13
Central Mahalapye,Bogalakepu,11,2022,-22.32565890363623,25.637811591326965,1,1,True,False,11
Central Mahalapye,Madilabye,5,2022,-22.364445476128925,25.07138700160729,1,1,True,False,5
Central Mahalapye,Pitseosi,18,2022,-22.602608359838275,26.521032036547016,1,1,True,False,18
Central Mahalapye,Dioloditshweu,20,2022,-22.398583114686183,24.885711537635892,1,1,True,False,20
Central Mahalapye,Sekanta,18,2022,-21.973061908574408,25.512921715598008,1,1,True,False,18
Central Mahalapye,Mabokela,3,2022,-23.28097426336243,25.04280854178085,1,1,True,False,3
Central Mahalapye,Manxoga,4,2022,-22.937066937525284,25.29288214474624,1,1,True,False,4
Central Mahalapye,Bonwakgomo,19,2022,-23.325818834202643,26.453887909351778,1,1,True,False,19
Central Mahalapye,Mmamanaka,13,2022,-21.932006474838488,26.42731384346572,1,1,True,False,13
Central Mahalapye,Lekabi 3,2,2022,-22.730154532186557,25.889778596522603,1,1,True,False,2
Central Mahalapye,Rametsana 2,6,2022,-22.36254189112112,25.032292488620307,1,1,True,False,6
Central Mahalapye,Modubane,44,2022,-22.09767111789712,25.921703404869806,1,1,True,False,44
Central Mahalapye,Mathabanelo,122,2022,-21.858197506631573,25.712752510124616,1,1,True,False,122
Central Mahalapye,BDF Camp,24,2022,-23.183094327760625,26.66568737875857,1,1,True,False,24
Central Mahalapye,Deneejenaa,10,2022,-22.164150142499402,26.299163666387315,1,1,True,False,10
Central Mahalapye,Moralane Lands,26,2022,-22.02368997831276,26.07250811014574,1,1,True,False,26
Central Mahalapye,Tsumpane,39,2022,-23.363493535755108,26.060629449132136,1,1,True,False,39
Central Mahalapye,Gobogo,22,2022,-22.236723987923977,27.30277808000736,1,1,True,False,22
Central Mahalapye,Moralane Cattle Post 1,8,2022,-22.87481658772775,26.758554282192488,1,1,True,False,8
Central Mahalapye,Moralane Cattle Post 2,4,2022,-22.405278450282662,26.086538003748466,1,1,True,False,4
Central Mahalapye,Mookane,2,2022,-22.62025575595957,26.040520714305302,1,1,True,False,2
Central Mahalapye,Mosolotshane Lands,38,2022,-23.02657740111029,24.867231829343726,1,1,True,False,38
Central Mahalapye,Taukgolo,35,2022,-23.225532770094976,27.24113223847665,1,1,True,False,35
Central Mahalapye,Masuduakgomo,62,2022,-23.254730570228755,25.62575322040078,1,1,True,False,62
Central Mahalapye,Phalapye,23,2022,-23.276499147607677,25.461879434145686,1,1,True,False,23
Central Mahalapye,Leetselenthe,206,2022,-22.422545120944296,27.388588224822477,1,1,True,False,206
Central Mahalapye,Goo-Sefako,31,2022,-22.880112338191914,26.66110175191102,1,1,True,False,31
Central Mahalapye,Serowenyana,21,2022,-23.09545524133812,24.921354644779065,1,1,True,False,21
Central Mahalapye,Metsimahibidu,34,2022,-22.336113831082567,24.958987770681077,1,1,True,False,34
Central Mahalapye,Nache,65,2022,-22.34415942985401,24.86469853251693,1,1,True,False,65
Central Mahalapye,Lebotane,20,2022,-22.580119695025637,26.352528774657696,1,1,True,False,20
Central Mahalapye,Mhate,68,2022,-21.9477402538197,24.98407104599105,1,1,True,False,68
Central Mahalapye,Kamolatlhwa,25,2022,-22.825782859672533,27.21749532725885,1,1,True,False,25
Central Mahalapye,Ramojapotse,49,2022,-22.106070727983976,27.22661273062763,1,1,True,False,49
Central Mahalapye,Mosolotshane Cattle Post,79,2022,-23.321529733606397,26.21371502846425,1,1,True,False,79
Central Mahalapye,Ramosukudu/Mmakaang,7,2022,-22.25950729237138,26.39663634046299,1,1,True,False,7
Central Mahalapye,Manakalengwe,5,2022,-21.862276340943996,25.5550579686023,1,1,True,False,5
Central Mahalapye,Mmantekole,1,2022,-22.08891830775646,24.964396419403922,1,1,True,False,1
Central Mahalapye,Ramantswe,144,2022,-22.515415840422122,26.709746380858597,1,1,True,False,144
Central Mahalapye,Kwapeleng,27,2022,-22.440158865698184,25.062390305916978,1,1,True,False,27
Central Mahalapye,Merolo,18,2022,-22.877110616464776,25.020334396717935,1,1,True,False,18
Central Mahalapye,Sebere,9,2022,-22.355925941279402,25.60514848851073,1,1,True,False,9
Central Mahalapye,Masowe,3,2022,-22.21067267980052,24.83091586966081,1,1,True,False,3
Central Mahalapye,Manonyane,3,2022,-21.84664847440977,25.923418204553034,1,1,True,False,3
Central Mahalapye,Mothowaeng,4,2022,-22.65474400249297,26.632572447600708,1,1,True,False,4
Central Mahalapye,Ramogapele,24,2022,-23.343635386741365,26.875313967920338,1,1,True,False,24
Central Mahalapye,Motsiapane,13,2022,-22.489542829634406,26.364678816560637,1,1,True,False,13
Central Mahalapye,Matsubane,7,2022,-23.25141214095544,26.99329311923753,1,1,True,False,7
Central Mahalapye,Motonke,11,2022,-23.050507490652485,25.8520651195823,1,1,True,False,11
Central Mahalapye,Makgabe,3,2022,-22.916271307452767,26.99821149738299,1,1,True,False,3
Central Mahalapye,Tsokwe,16,2022,-22.273569592669283,26.111141142416344,1,1,True,False,16
Central Mahalapye,Madila,4,2022,-23.14790244533502,25.376611133032736,1,1,True,False,4
Central Mahalapye,Manyanyape,14,2022,-23.176750411382535,27.245372940631416,1,1,True,False,14
Central Mahalapye,Maitsonkwane,7,2022,-23.369742617155374,25.511200494286754,1,1,True,False,7
Central Mahalapye,Ditampane,4,2022,-22.04635104661167,24.866512382086025,1,1,True,False,4
Central Mahalapye,Mahataashongwane,7,2022,-22.33352491864289,25.42750296638434,1,1,True,False,7
Central Mahalapye,Mokokore,55,2022,-23.37775985546952,25.748885115186678,1,1,True,False,55
Central Mahalapye,Tsepane,0,2022,-23.396380487697506,25.70913686639128,1,1,True,False,0
Central Mahalapye,Khuse,8,2022,-22.54895364534394,26.1582915727306,1,1,True,False,8
Central Mahalapye,Matlatlawe,2,2022,-22.990160857259337,27.087242262938034,1,1,True,False,2
Central Mahalapye,Radankgwe,6,2022,-22.488155329249427,25.55620814659883,1,1,True,False,6
Central Mahalapye,Teekane,4,2022,-22.747188790034752,26.148192717461658,1,1,True,False,4
Central Mahalapye,Makgobung,5,2022,-21.96634665725523,25.680084159734278,1,1,True,False,5
Central Mahalapye,Marele,6,2022,-22.98173325359222,26.928243279323183,1,1,True,False,6
Central Mahalapye,Dibokwe,1,2022,-22.356468942105494,25.207036740100712,1,1,True,False,1
Central Mahalapye,Tsupe Farm,6,2022,-23.355218804688086,25.066858791917934,1,1,True,False,6
Central Mahalapye,Xharau Farm,1,2022,-21.914342581870564,26.102127725722525,1,1,True,False,1
Central Mahalapye,Maselesejane Farm,1,2022,-21.874563082772475,26.539813725499545,1,1,True,False,1
Central Mahalapye,Marapo a phofu,3,2022,-22.260715947220334,26.860221718353532,1,1,True,False,3
Central Mahalapye,Matswereamanong,105,2022,-22.698283864947285,26.326629112927804,1,1,True,False,105
Central Mahalapye,Ramputswa,0,2022,-23.0900867424264,26.804049621106042,1,1,True,False,0
Central Mahalapye,Phokojwe,28,2022,-22.14337320459103,25.81632265115116,1,1,True,False,28
Central Mahalapye,Bodibajankwe,3,2022,-22.265062723263693,24.883787863304587,1,1,True,False,3
Central Mahalapye,Mogobe-wa-Marole,24,2022,-23.08695416007282,25.099483401320654,1,1,True,False,24
Central Mahalapye,Tlagae,1,2022,-22.720648093100227,24.898960969588355,1,1,True,False,1
Central Mahalapye,Masobeya,30,2022,-22.70214012952129,25.651071430702686,1,1,True,False,30
Central Mahalapye,Chaoka,6,2022,-22.121173494801752,26.082681270319863,1,1,True,False,6
Central Mahalapye,Metsimonate,10,2022,-22.348960530245595,25.72201096575431,1,1,True,False,10
Central Mahalapye,Makane,13,2022,-22.413953123460637,26.25140958502983,1,1,True,False,13
Central Mahalapye,Leselo,12,2022,-22.403312188533338,26.044113933801395,1,1,True,False,12
Central Mahalapye,Tsite,78,2022,-23.009436832675295,26.555505872515617,1,1,True,False,78
Central Mahalapye,Mosogotlhe,43,2022,-22.847677015515945,26.52704944953404,1,1,True,False,43
Central Mahalapye,Tshetlhong,10,2022,-23.36862730718465,25.622877099809468,1,1,True,False,10
Central Mahalapye,Mosweunyana,14,2022,-22.18423642225687,25.695828876998366,1,1,True,False,14
Central Mahalapye,Mogobe wa Marole,13,2022,-22.749754740742773,26.31502684611383,1,1,True,False,13
Central Mahalapye,Seatse,7,2022,-22.74138221491126,26.34427110843133,1,1,True,False,7
Central Mahalapye,Matlhakoleng,5,2022,-23.049562856645792,25.614158658489853,1,1,True,False,5
Central Mahalapye,Kgakge,6,2022,-23.106969000784414,25.654632773847986,1,1,True,False,6
Central Mahalapye,Tshutara,4,2022,-22.50238251905828,26.59723489807702,1,1,True,False,4
Central Mahalapye,Kgau,4,2022,-23.070019466557067,26.47638197418074,1,1,True,False,4
Central Mahalapye,Letoping,2,2022,-23.3389942158608,25.14859637578488,1,1,True,False,2
Central Mahalapye,Unlisted Locality,3,2022,-22.215286978490447,25.941575000555698,1,1,True,False,3
Central Mahalapye,Batsietswe,6,2022,-22.840074561196843,27.112066837333202,1,1,True,False,6
Central Mahalapye,Malebala,3,2022,-22.83405713181996,24.892697486375834,1,1,True,False,3
Central Mahalapye,Didimalo Farm,1,2022,-22.75243888329736,27.01477606378936,1,1,True,False,1
Central Mahalapye,Kari ka Chebai Farm,48,2022,-22.139333277637718,25.221488662635142,1,1,True,False,48
Central Mahalapye,Kgabisa Ranch,13,2022,-22.928962395284927,26.113150396262228,1,1,True,False,13
Central Mahalapye,Maotomabedi Farm,12,2022,-22.2304197568472,25.898282674581846,1,1,True,False,12
Central Mahalapye,Amao Ranch,6,2022,-21.94041125838219,24.824861268884426,1,1,True,False,6
Central Mahalapye,Xhurushe,13,2022,-22.38567160520182,27.170870401040215,1,1,True,False,13
Central Mahalapye,Motswedi Farm,8,2022,-22.751859213971027,25.977553820963898,1,1,True,False,8
Central Mahalapye,Motswiri Farm,8,2022,-22.246791257417122,27.271605827639625,1,1,True,False,8
Central Mahalapye,Swaagadi Farm,6,2022,-22.70997169322444,25.541710400082753,1,1,True,False,6
Central Mahalapye,Rakgangkwaa,9,2022,-22.77942678232336,27.043572463289454,1,1,True,False,9
Central Mahalapye,Mboo Farm,2,2022,-22.602304895587963,27.188991882515843,1,1,True,False,2
Central Mahalapye,Magothwana Farm,5,2022,-22.93393873827876,26.241647218516626,1,1,True,False,5
Central Mahalapye,Motswiri Farm 2,4,2022,-23.275017444684952,25.323852311359282,1,1,True,False,4
Central Mahalapye,Mokgacha Game Farm,11,2022,-22.778748155686475,26.574435887528864,1,1,True,False,11
Central Mahalapye,Veterinary Camp,3,2022,-23.243690562608677,26.221292600213694,1,1,True,False,3
Central Mahalapye,Boratapula,21,2022,-22.785795158121733,27.246368129824074,1,1,True,False,21
Central Mahalapye,Senonnori,17,2022,-22.551734679057947,25.936988501630445,1,1,True,False,17
Central Mahalapye,Thethebotsi,11,2022,-21.954525388138595,25.49446653448143,1,1,True,False,11
Central Mahalapye,Palamaokue,1,2022,-23.383710154792738,25.15698300895499,1,1,True,False,1
Central Mahalapye,Mohudiri,1,2022,-22.448639266218606,26.60912618095365,1,1,True,False,1
Central Mahalapye,Masebue,2,2022,-22.710230824031665,27.32302484457475,1,1,True,False,2
Central Mahalapye,Sepadile,50,2022,-23.409212437972656,24.872064136529715,1,1,True,False,50
Central Mahalapye,Tobela Lands,21,2022,-23.04286515957492,26.71748180091571,1,1,True,False,21
Central Mahalapye,Setsile Lands,58,2022,-23.252273173800827,27.20075937694664,1,1,True,False,58
Central Mahalapye,Localities with No Affiliation,832,2022,-23.095198468157108,24.992408018983983,1,1,True,False,832
Central Mahalapye,Game Lodge,3,2022,-23.002885725816178,25.08411766342295,1,1,True,False,3
Central Mahalapye,Phala Camp,10,2022,-22.800390980435395,26.591824048246306,1,1,True,False,10
Central Mahalapye,Masama Ranch,8,2022,-22.596303315383434,26.477813920304317,1,1,True,False,8
Central Mahalapye,Stratford Farm,1,2022,-23.44000322037422,24.97697786623879,1,1,True,False,1
Central Mahalapye,Phala Ranch,7,2022,-23.1829554772763,26.961025072004492,1,1,True,False,7
Central Mahalapye,Graignear Farm,9,2022,-23.292087716764982,26.15506861250467,1,1,True,False,9
Central Mahalapye,Saaspost Game Ranch,6,2022,-22.563334981880164,27.149621157778192,1,1,True,False,6
Central Mahalapye,Dornaway Farm,4,2022,-22.915800031543572,27.073932270010523,1,1,True,False,4
Central Mahalapye,Dovedale Ranch,2,2022,-22.565373194489016,26.904232196063425,1,1,True,False,2
Central Mahalapye,Riversley Ranch,0,2022,-23.08716304795427,26.135567632707485,1,1,True,False,0
Central Mahalapye,Basing Hall,2,2022,-23.40287213760754,25.45092139348943,1,1,True,False,2
Central Mahalapye,Makwapeng's Farm,1,2022,-21.93750003025814,26.109851072165235,1,1,True,False,1
Central Mahalapye,Dikgatlhong Farm,24,2022,-23.268533858132223,25.059864592875716,1,1,True,False,24
Central Mahalapye,Parshalt Farm,13,2022,-23.23889427884545,26.50601672338422,1,1,True,False,13
Central Mahalapye,May Flower Farm,2,2022,-23.207437316647372,25.14581416942695,1,1,True,False,2
Central Mahalapye,Martins Drift Boarder Post,110,2022,-21.87373375208884,26.123320332877288,1,1,True,False,110
Central Mahalapye,Good Hope Farm,14,2022,-22.454707851044304,24.939542375491076,1,1,True,False,14
Central Mahalapye,Water Loo Ranch,12,2022,-22.466483854735994,25.57480031415916,1,1,True,False,12
Central Mahalapye,Marakalalo Farm 1,13,2022,-21.865071174654343,25.400049602549903,1,1,True,False,13
Central Mahalapye,Marakalalo Farm 2,6,2022,-23.30028045293234,26.40542832322118,1,1,True,False,6
Central Mahalapye,Marakalalo Farm 3,24,2022,-21.884559632425383,26.83757584528674,1,1,True,False,24
Central Mahalapye,Kweneng Ranches,3,2022,-23.11561952686979,24.947112122418364,1,1,True,False,3
Central Mahalapye,Sunnyside Farm 1,22,2022,-22.446061912968197,27.002128822633345,1,1,True,False,22
Central Mahalapye,Sunnyside Farm 2,25,2022,-22.770389342116854,27.02929822838411,1,1,True,False,25
Central Mahalapye,Seleka Demonstration Ranch,4,2022,-22.82811946283601,25.68560438643908,1,1,True,False,4
Central Mahalapye,Lenalalatladi Farm,16,2022,-21.953675140785354,26.506425967998684,1,1,True,False,16
Central Mahalapye,Marakalalo Farm 4,8,2022,-23.203153860013195,25.841986295176774,1,1,True,False,8
Central Mahalapye,Holmlea Farm,1,2022,-21.84850103737974,25.19819805891237,1,1,True,False,1
Central Mahalapye,Shapane Ranch,2,2022,-22.835831488514938,26.16864441566807,1,1,True,False,2
Central Mahalapye,Devonshire Farm,7,2022,-22.404993868138696,25.02241287370796,1,1,True,False,7
Central Mahalapye,Corn Farm,3,2022,-21.895095565358027,27.0751794969581,1,1,True,False,3
Central Mahalapye,Request Farm,29,2022,-23.349551942539136,27.193916230117836,1,1,True,False,29
Central Mahalapye,Kwalata Farm,25,2022,-21.967062775442106,26.927828839083286,1,1,True,False,25
Central Mahalapye,Oatlands (Fox Ranches),6,2022,-22.534354706256547,26.256407687692207,1,1,True,False,6
Central Mahalapye,Sherwood Ranch,237,2022,-22.31612291186683,26.243632767288936,1,1,True,False,237
Central Mahalapye,Sherwood Farm 2-MQ,29,2022,-23.203223434064462,27.3502298779277,1,1,True,False,29
Central Mahalapye,Salt Valley (Fox Ranches),2,2022,-22.589356164803394,25.44105046031272,1,1,True,False,2
Central Mahalapye,Annex Palla Farm,1,2022,-22.36546701256459,24.99543187377864,1,1,True,False,1
Central Mahalapye,Martin's Drift Boarder Post,113,2022,-22.712608108417104,26.254885960980765,1,1,True,False,113
Central Mahalapye,Martin's Drift Police Station,23,2022,-23.19395479693302,25.650661835795262,1,1,True,False,23
Central Mahalapye,Parrshalt Boarder Post,5,2022,-23.051539597757742,25.633954830781004,1,1,True,False,5
Central Bobonong,Matsaganeng,42,2022,-22.433912928486464,27.98801359054132,1,1,True,False,42
Central Bobonong,Mothwane,49,2022,-21.669780636054437,27.58804376240366,1,1,True,False,49
Central Bobonong,Lekomoto,36,2022,-21.892593812560065,28.565297985984348,1,1,True,False,36
Central Bobonong,Leribe,23,2022,-22.4303189575636,28.02675543711836,1,1,True,False,23
Central Bobonong,Motloutse,183,2022,-21.94354871098813,28.689336259379356,1,1,True,False,183
Central Bobonong,Musu,22,2022,-21.84142326436836,28.999414942581176,1,1,True,False,22
Central Bobonong,Mmadikgopa,7,2022,-22.54474123502113,27.529918149414335,1,1,True,False,7
Central Bobonong,Mmaditshwene,38,2022,-22.083357733706272,28.567356803485858,1,1,True,False,38
Central Bobonong,Thakadiawa,3,2022,-21.696016133022077,27.912738138620604,1,1,True,False,3
Central Bobonong,Njakateng,7,2022,-22.249281932883385,29.067032322687172,1,1,True,False,7
Central Bobonong,Kweneng,16,2022,-22.0789422583532,27.952945674879285,1,1,True,False,16
Central Bobonong,Sekgopswe,51,2022,-22.095887552512245,28.59440201337612,1,1,True,False,51
Central Bobonong,Mmamanaka,50,2022,-22.24242575411928,28.491603037123568,1,1,True,False,50
Central Bobonong,Keisane,73,2022,-21.598896817506745,28.208917018228927,1,1,True,False,73
Central Bobonong,Mosalakwane,120,2022,-21.742054222523947,28.714483460927585,1,1,True,False,120
Central Bobonong,Longaneng,15,2022,-22.44214882601086,28.80097159290212,1,1,True,False,15
Central Bobonong,Sekoding,40,2022,-21.5168602775253,28.51566751890938,1,1,True,False,40
Central Bobonong,Makala,6,2022,-21.639858189027137,28.859624319876673,1,1,True,False,6
Central Bobonong,Tsebanana,34,2022,-22.261234262205637,29.263774674008456,1,1,True,False,34
Central Bobonong,Masalakwane,1,2022,-21.68401528601148,28.25042131585264,1,1,True,False,1
Central Bobonong,Mmapoo,24,2022,-22.446500377081076,28.421624525695165,1,1,True,False,24
Central Bobonong,Maiswe,106,2022,-21.51469949844584,27.51969620530007,1,1,True,False,106
Central Bobonong,Mmamoeledi,49,2022,-21.862729290126747,28.92717523470086,1,1,True,False,49
Central Bobonong,Masiadieme,75,2022,-21.878970806509447,28.43176806138237,1,1,True,False,75
Central Bobonong,Tsiteng,31,2022,-22.463179341240878,28.230103838706622,1,1,True,False,31
Central Bobonong,Thune 1,114,2022,-21.62124339163052,27.66627517477877,1,1,True,False,114
Central Bobonong,Magotlhong,10,2022,-22.527312796564118,29.09535569228076,1,1,True,False,10
Central Bobonong,Senkgamorudu,3,2022,-22.306202338111607,28.206834680031452,1,1,True,False,3
Central Bobonong,Famo,96,2022,-22.408294192307313,28.723394434507288,1,1,True,False,96
Central Bobonong,Motloutse 2,1,2022,-21.74677864168253,27.765612568988637,1,1,True,False,1
Central Bobonong,Kgwatalala,20,2022,-22.350693859959087,29.224494945307523,1,1,True,False,20
Central Bobonong,Motongolong,20,2022,-21.60704242703269,27.817825691298893,1,1,True,False,20
Central Bobonong,Pudipedi,23,2022,-21.872557563907257,27.855727297875603,1,1,True,False,23
Central Bobonong,Motlhabeng,31,2022,-22.51983571185685,29.040257848019703,1,1,True,False,31
Central Bobonong,Thune 2 (Ditootsong),112,2022,-22.55191524139945,29.136537442906107,1,1,True,False,112
Central Bobonong,Mmadikgomo,9,2022,-22.503661536377866,27.878369962974844,1,1,True,False,9
Central Bobonong,Sekwadela,31,2022,-21.925107392918104,28.341183892397357,1,1,True,False,31
Central Bobonong,Segakwana/Legare,10,2022,-21.720981859152346,28.81484822474455,1,1,True,False,10
Central Bobonong,Mogobewamanong,34,2022,-22.308577271878363,29.075074624843662,1,1,True,False,34
Central Bobonong,Mangwana,14,2022,-21.670954760397724,28.178176089251185,1,1,True,False,14
Central Bobonong,Maphashalala,14,2022,-22.497843270693107,28.42600100854559,1,1,True,False,14
Central Bobonong,Mphabatho,6,2022,-21.72152251221945,28.829616228142232,1,1,True,False,6
Central Bobonong,Rrasosong,6,2022,-21.58913342966843,28.810610965102235,1,1,True,False,6
Central Bobonong,Mothabangwane,4,2022,-21.751642355063662,28.903700877961306,1,1,True,False,4
Central Bobonong,Maphuthakgaba,10,2022,-21.828871959508987,28.52104917074212,1,1,True,False,10
Central Bobonong,Majojo,41,2022,-21.682884164123575,27.68521343686203,1,1,True,False,41
Central Bobonong,Semabaje,39,2022,-22.515672350809382,29.121072583339043,1,1,True,False,39
Central Bobonong,Dikanti,2,2022,-22.346959200753457,29.05209465734349,1,1,True,False,2
Central Bobonong,Bozolome,32,2022,-22.427185414914543,28.93089149055022,1,1,True,False,32
Central Bobonong,Mapanda,15,2022,-22.030944470878737,27.676676472537117,1,1,True,False,15
Central Bobonong,Maiphitlhwane,6,2022,-21.77974221826404,27.864448836580525,1,1,True,False,6
Central Bobonong,Mogogaphate,16,2022,-21.899965296417953,28.833000309830098,1,1,True,False,16
Central Bobonong,Maebele,2,2022,-21.669157037708697,27.53886274199424,1,1,True,False,2
Central Bobonong,Bolopela,34,2022,-22.395568884656125,29.25624393666621,1,1,True,False,34
Central Bobonong,Motloutse Cattle Post,12,2022,-21.790772281058423,28.174748789259098,1,1,True,False,12
Central Bobonong,Ranthasi,16,2022,-22.356082817084204,28.78937292833015,1,1,True,False,16
Central Bobonong,Lephokwe Cattle Post,59,2022,-22.274960141716956,29.091609881262976,1,1,True,False,59
Central Bobonong,Metsimaswaane,62,2022,-21.816571698693224,28.206156856037907,1,1,True,False,62
Central Bobonong,Mashambe,29,2022,-21.534427601836626,28.07054351963448,1,1,True,False,29
Central Bobonong,Dinde,9,2022,-21.919242776296226,28.59075738390041,1,1,True,False,9
Central Bobonong,Tshilong,3,2022,-22.500694590206418,28.540907877435544,1,1,True,False,3
Central Bobonong,Gobe,20,2022,-21.914268603628184,28.232220821908207,1,1,True,False,20
Central Bobonong,Lenyetse,8,2022,-22.513376731950693,28.57824393184871,1,1,True,False,8
Central Bobonong,Matsiane,30,2022,-21.63469579185251,29.17748981580436,1,1,True,False,30
Central Bobonong,Mmaditshipi,1,2022,-21.81691241360284,28.337302825569374,1,1,True,False,1
Central Bobonong,Moshashambe,1,2022,-22.376869037602955,27.850698093306033,1,1,True,False,1
Central Bobonong,Maphashalala Cattle Post,19,2022,-22.461842963142598,28.17485890484334,1,1,True,False,19
Central Bobonong,Dipeane,13,2022,-22.366007712096604,28.205217579087627,1,1,True,False,13
Central Bobonong,Mathathane Cattle Post,18,2022,-21.5346129894921,27.732802956478743,1,1,True,False,18
Central Bobonong,Maeke,1,2022,-22.078929147310266,27.789857375943626,1,1,True,False,1
Central Bobonong,Godumapula,21,2022,-21.739145192664168,28.726951892764493,1,1,True,False,21
Central Bobonong,Kolokome,6,2022,-21.893288517157746,28.107089008164056,1,1,True,False,6
Central Bobonong,Motsotswane,1,2022,-21.960087850636477,29.212547559846875,1,1,True,False,1
Central Bobonong,Marokoring,21,2022,-22.406093427836037,27.93486130780158,1,1,True,False,21
Central Bobonong,Bobonong Cattle Post,6,2022,-21.570105646935897,27.674991626162114,1,1,True,False,6
Central Bobonong,Ditotsong,7,2022,-22.243036136013753,28.850790873857658,1,1,True,False,7
Central Bobonong,Bodibaj wakwena,2,2022,-21.954238225830203,29.079871223798254,1,1,True,False,2
Central Bobonong,Shape,6,2022,-21.82714427307093,27.996862288980765,1,1,True,False,6
Central Bobonong,Khurumela,1,2022,-21.87990174635815,27.860300783902215,1,1,True,False,1
Central Bobonong,Mmadikolobe,24,2022,-21.575773624460442,27.830982206254212,1,1,True,False,24
Central Bobonong,Philip,14,2022,-22.402639710419624,28.43496942651412,1,1,True,False,14
Central Bobonong,BDF Camp,37,2022,-22.02695526125979,28.338697418089133,1,1,True,False,37
Central Bobonong,Kurwaneng,10,2022,-22.135844630325757,27.963319703936303,1,1,True,False,10
Central Bobonong,Sepalamoriri,13,2022,-22.062637145128914,27.578439888989013,1,1,True,False,13
Central Bobonong,Gwagwa,0,2022,-22.433141600239324,28.362183042431187,1,1,True,False,0
Central Bobonong,Mmamaunatlala Lands,30,2022,-22.41761263251183,29.220512119425678,1,1,True,False,30
Central Bobonong,Chuchu,1,2022,-22.2673227399537,28.669394402139982,1,1,True,False,1
Central Bobonong,Majwanamatshwaana,1,2022,-22.239526849911577,28.387358084942505,1,1,True,False,1
Central Bobonong,Backline Farm (to confirm),3,2022,-22.110929923301562,27.69612929835681,1,1,True,False,3
Central Bobonong,Sememedi,2,2022,-21.91982320062732,27.950739473444056,1,1,True,False,2
Central Bobonong,Mokgophane,0,2022,-21.895145703914704,28.026789128532517,1,1,True,False,0
Central Bobonong,Ratapeng,5,2022,-22.127727373547845,28.871086853424035,1,1,True,False,5
Central Bobonong,Tsetsebjwe Lands,4,2022,-22.130887832282358,29.07210192024853,1,1,True,False,4
Central Bobonong,Sephephe,67,2022,-22.330418426520232,29.11688470409652,1,1,True,False,67
Central Bobonong,Pelo-ya-Naga,27,2022,-21.943498348398204,29.265843131099544,1,1,True,False,27
Central Bobonong,Mmadipitse,31,2022,-22.226649990030666,29.261887890026763,1,1,True,False,31
Central Bobonong,Phakwe,90,2022,-22.51994309590427,29.20913598722148,1,1,True,False,90
Central Bobonong,Metsibotlhoko,107,2022,-22.120849502708275,27.626308597210414,1,1,True,False,107
Central Bobonong,Mmadepo,0,2022,-22.06267477935273,27.744810705813357,1,1,True,False,0
Central Bobonong,Semela,18,2022,-22.322105103496817,28.04419956518047,1,1,True,False,18
Central Bobonong,Sikare,5,2022,-21.96004110516434,28.4904487823371,1,1,True,False,5
Central Bobonong,Tsetsejwe cattle post,17,2022,-21.967020106434955,27.67149498725555,1,1,True,False,17
Central Bobonong,Mhawana,20,2022,-21.824820487317734,29.016572472406466,1,1,True,False,20
Central Bobonong,Moleje,10,2022,-21.881242711205697,28.605154538010304,1,1,True,False,10
Central Bobonong,Lekopong,19,2022,-21.87656163180833,28.47152719310137,1,1,True,False,19
Central Bobonong,Mmadiolo,5,2022,-22.22751297647133,27.794239944268348,1,1,True,False,5
Central Bobonong,Backline,2,2022,-21.735647072911064,27.952210944723472,1,1,True,False,2
Central Bobonong,Sejamataka,2,2022,-21.984376207799748,27.785259879554754,1,1,True,False,2
Central Bobonong,Mokgojwe,79,2022,-22.107260922343716,29.027594713686277,1,1,True,False,79
Central Bobonong,Matsetsejwana,1,2022,-21.904139904169067,28.546725057052864,1,1,True,False,1
Central Bobonong,Tshokwe,119,2022,-22.181122382468804,28.817784261123556,1,1,True,False,119
Central Bobonong,Mosima,23,2022,-22.022376547173064,28.02905047049508,1,1,True,False,23
Central Bobonong,Mohota,23,2022,-21.788596341659865,28.164165118159374,1,1,True,False,23
Central Bobonong,Mokoshwane,4,2022,-21.632339711585832,28.224523802675627,1,1,True,False,4
Central Bobonong,Mabowana,5,2022,-21.596166918433727,28.862485293219798,1,1,True,False,5
Central Bobonong,Tshokwe Cattlepost,2,2022,-22.03188188730123,28.88464763940526,1,1,True,False,2
Central Bobonong,Lesabokwe,1,2022,-22.014510470281728,27.86878890099999,1,1,True,False,1
Central Bobonong,Mmadikgaka Veterinary Camp,7,2022,-21.722663867577314,29.18855029449866,1,1,True,False,7
Central Bobonong,Tshweung,20,2022,-22.22935370784495,27.714025959713283,1,1,True,False,20
Central Bobonong,Makodwane,13,2022,-21.683508217301696,29.106969732384684,1,1,True,False,13
Central Bobonong,Mathathane Lands,2,2022,-22.041789054815478,27.677634184433156,1,1,True,False,2
Central Bobonong,Makadibeng,1,2022,-22.43664966571781,27.97248060387771,1,1,True,False,1
Central Bobonong,Madale,3,2022,-22.482366365220614,29.01779676759011,1,1,True,False,3
Central Bobonong,Seletswe,106,2022,-21.678695330439208,27.819712327332745,1,1,True,False,106
Central Bobonong,Semphane,4,2022,-22.499580208110096,28.2401746001345,1,1,True,False,4
Central Bobonong,Vaalrants/Seletswane,15,2022,-22.26467573195784,28.305363515414136,1,1,True,False,15
Central Bobonong,Dikgatlhong/Manake,36,2022,-22.20881204938376,27.937847109177536,1,1,True,False,36
Central Bobonong,Mahokojwe,3,2022,-22.377008284209,28.773085596577786,1,1,True,False,3
Central Bobonong,Senonwane,3,2022,-22.229935450520028,29.02651963400845,1,1,True,False,3
Central Bobonong,Tuli Wilderness 2,7,2022,-21.782347130386153,29.06826571359267,1,1,True,False,7
Central Bobonong,Mashatu,44,2022,-22.542256783600816,28.106809494111484,1,1,True,False,44
Central Bobonong,Lephaneng,3,2022,-21.694164490363665,28.4508449834954,1,1,True,False,3
Central Bobonong,Tuli Block,86,2022,-21.66350275512845,27.943500729039734,1,1,True,False,86
Central Bobonong,Lentswelemoriti Lands,6,2022,-22.169009669194345,27.93701638785697,1,1,True,False,6
Central Bobonong,BDF Worker's Camp,23,2022,-22.397239090928327,27.786952029208713,1,1,True,False,23
Central Bobonong,Boswelabatho,5,2022,-21.930414967059583,29.185820248448163,1,1,True,False,5
Central Bobonong,Somolale Lands,4,2022,-22.432666632082217,29.092360253215205,1,1,True,False,4
Central Bobonong,Ramosasi,1,2022,-22.176673602358022,28.89363924919557,1,1,True,False,1
Central Bobonong,Tauemetsaleebana,2,2022,-21.55715736925031,28.427154272535905,1,1,True,False,2
Central Bobonong,Madikana,14,2022,-21.51849926515669,28.378558827356933,1,1,True,False,14
Central Bobonong,Mmadidau/Gwelamogapi,9,2022,-21.751646016516037,28.448860599065306,1,1,True,False,9
Central Bobonong,Perepere/Mokgadiangwako,1,2022,-22.232995778637527,28.46111534290805,1,1,True,False,1
Central Bobonong,Mmabasarwa,13,2022,-21.839785843709546,28.277887459334497,1,1,True,False,13
Central Bobonong,Manyonya,3,2022,-21.82126713839321,27.733963594904868,1,1,True,False,3
Central Bobonong,Mmakwena,6,2022,-22.15274685743767,27.7230225806729,1,1,True,False,6
Central Bobonong,Makhurane,21,2022,-21.888611907223545,29.207789835833548,1,1,True,False,21
Central Bobonong,Mmadiphiri,6,2022,-22.54638529107678,28.363151982368375,1,1,True,False,6
Central Bobonong,Setombo,3,2022,-22.339364852913125,29.209506722193822,1,1,True,False,3
Central Bobonong,Tauekaname,4,2022,-22.00948637777332,27.79112442023995,1,1,True,False,4
Central Bobonong,Somolale Cattle post,5,2022,-22.386656441091716,28.49317604785001,1,1,True,False,5
Central Bobonong,Madiope,38,2022,-22.384406424986853,27.870412232091503,1,1,True,False,38
Central Bobonong,Mmajale,2,2022,-21.684633528046433,27.952083646524,1,1,True,False,2
Central Bobonong,Setakeng,14,2022,-21.525108167404802,27.551282987918448,1,1,True,False,14
Central Bobonong,Setempe,16,2022,-21.9772521035742,27.710968668716767,1,1,True,False,16
Central Bobonong,Gobadwe,27,2022,-21.68174691165051,29.14419970493006,1,1,True,False,27
Central Bobonong,Mmaseedama,24,2022,-21.523867420986278,28.07485545894501,1,1,True,False,24
Central Bobonong,Moshalalwe,3,2022,-22.40978266278592,28.589658218839766,1,1,True,False,3
Central Bobonong,Raselebogo,2,2022,-22.08969616046407,28.33258560979771,1,1,True,False,2
Central Bobonong,Kobojango Cattle Post,44,2022,-22.14780853289532,28.21661355604051,1,1,True,False,44
Central Bobonong,Mabate,10,2022,-22.474026116843007,28.452705369871747,1,1,True,False,10
Central Bobonong,Mokgatsha wa Dikgabo,4,2022,-21.769155769693736,27.833627762849478,1,1,True,False,4
Central Bobonong,Lepokole Lands,14,2022,-22.104796643258187,29.273091581774267,1,1,True,False,14
Central Bobonong,Lepokole Cattle Post,60,2022,-22.067691098207245,28.967194783777344,1,1,True,False,60
Central Bobonong,Dibete,2,2022,-22.40030783782021,28.829433408263476,1,1,True,False,2
Central Bobonong,Pudumetsa,2,2022,-22.36872850372168,28.33931291865077,1,1,True,False,2
Central Bobonong,Mabotae,1,2022,-21.610731911328145,27.771904823776264,1,1,True,False,1
Central Bobonong,Maragasale,2,2022,-22.510977477245046,29.151056857911772,1,1,True,False,2
Central Bobonong,Rankwate,11,2022,-22.31452759363463,28.11051864059044,1,1,True,False,11
Central Bobonong,Pepe Lands,4,2022,-22.25272621394975,27.587301892968462,1,1,True,False,4
Central Bobonong,Sengakane,10,2022,-22.04590598168546,28.112344740526243,1,1,True,False,10
Central Bobonong,Lephokwe,6,2022,-21.945440972394042,28.92435235788369,1,1,True,False,6
Central Bobonong,Molalatau lands,12,2022,-22.042678043987507,28.615846923816246,1,1,True,False,12
Central Bobonong,Mmampeu,0,2022,-22.469781899713507,28.846002070426728,1,1,True,False,0
Central Bobonong,Mongwaneng,19,2022,-22.303238525442474,28.922876462793553,1,1,True,False,19
Central Bobonong,Mokakatedi,61,2022,-21.677030259393934,27.878023649472592,1,1,True,False,61
Central Bobonong,Lekgolwe,109,2022,-21.892056437843976,29.15665663828212,1,1,True,False,109
Central Bobonong,Sematheane/Masokong,51,2022,-21.87998953678694,28.284042394089763,1,1,True,False,51
Central Bobonong,Pepe,33,2022,-21.85801277840566,28.645134852695495,1,1,True,False,33
Central Bobonong,Dikgatlhong/Motloutse,18,2022,-21.761251096472197,27.501444167390524,1,1,True,False,18
Central Bobonong,Sheishanke,14,2022,-22.496928320826484,29.281650065798555,1,1,True,False,14
Central Bobonong,Mhadane,13,2022,-22.17491056885641,28.001861346733904,1,1,True,False,13
Central Bobonong,Mhawaneng,113,2022,-21.994414551580025,27.60877878606935,1,1,True,False,113
Central Bobonong,Thunemarokoreng,17,2022,-22.20429603051755,28.320457066040586,1,1,True,False,17
Central Bobonong,Mmaditsie,6,2022,-21.676100751443116,27.7290691756641,1,1,True,False,6
Central Bobonong,Gaboutwelwe,6,2022,-22.05386512923143,27.770916138021196,1,1,True,False,6
Central Bobonong,Chabodo,2,2022,-21.75527568682569,28.63304448714771,1,1,True,False,2
Central Bobonong,Seboo,48,2022,-21.668233867200133,28.203098721018904,1,1,True,False,48
Central Bobonong,Mmabasetsana,8,2022,-22.030672563898637,29.153188291377663,1,1,True,False,8
Central Bobonong,Maekoane,27,2022,-21.608175995906695,28.070586640787166,1,1,True,False,27
Central Bobonong,Molalatawana,15,2022,-21.94473246263657,28.80170894831151,1,1,True,False,15
Central Bobonong,Thune,59,2022,-21.67005138193998,28.325553767907206,1,1,True,False,59
Central Bobonong,Semaroba,11,2022,-22.202068196927247,28.682744423922983,1,1,True,False,11
Central Bobonong,Thuni-Maekoane,13,2022,-22.03690887997958,28.57450877993145,1,1,True,False,13
Central Bobonong,Madibeng,117,2022,-22.002886590000685,28.34654230282794,1,1,True,False,117
Central Bobonong,Shojwane,24,2022,-22.448003282912797,29.203858492135566,1,1,True,False,24
Central Bobonong,Morula-wa-Basadi,18,2022,-22.141566719559812,28.112901521503233,1,1,True,False,18
Central Bobonong,Dambashalala,1,2022,-21.600049425312456,27.815658927651526,1,1,True,False,1
Central Bobonong,Tobane Lands,28,2022,-21.899108952526955,28.715333628266304,1,1,True,False,28
Central Bobonong,Lekono,4,2022,-22.37229843413381,29.01695077211275,1,1,True,False,4
Central Bobonong,Selokwane,90,2022,-22.203879388149254,27.56960338417319,1,1,True,False,90
Central Bobonong,Majwana-a-Diphiri,2,2022,-22.3575843296599,28.304956461069565,1,1,True,False,2
Central Bobonong,Sebalwe 1,36,2022,-22.53167216821228,29.100441399916207,1,1,True,False,36
Central Bobonong,Sebalwe 2,46,2022,-21.589483079125245,28.843810688519486,1,1,True,False,46
Central Bobonong,Topeng,56,2022,-22.089736123033568,29.278846487874613,1,1,True,False,56
Central Bobonong,Dikgabong,4,2022,-22.23657235577588,28.451857030288725,1,1,True,False,4
Central Bobonong,Metsiletswai,6,2022,-21.932881734862587,28.68282420983235,1,1,True,False,6
Central Bobonong,Molabe(Tonki e a sotlega),37,2022,-22.54994803886114,28.040631742198222,1,1,True,False,37
Central Bobonong,Majande,5,2022,-22.26737852073215,29.199322033934035,1,1,True,False,5
Central Bobonong,Ngoloholo/Panya,2,2022,-21.823744013901113,28.155332616352005,1,1,True,False,2
Central Bobonong,Majweng,42,2022,-21.896042703014388,28.823857945324047,1,1,True,False,42
Central Bobonong,Didibeng,9,2022,-21.532756279448044,28.221443638751964,1,1,True,False,9
Central Bobonong,Mmadikgaka,28,2022,-21.91004245622016,28.506472680409615,1,1,True,False,28
Central Bobonong,Lentswe-le-Kgoro,11,2022,-22.059153774001647,28.790217175270477,1,1,True,False,11
Central Bobonong,Mmamidi,11,2022,-21.762785984762395,28.411477604095648,1,1,True,False,11
Central Bobonong,Ntapu,3,2022,-21.614673107342227,29.126664421006108,1,1,True,False,3
Central Bobonong,Leralala,3,2022,-21.805307598288344,28.250472689080148,1,1,True,False,3
Central Bobonong,Mahibitswane,4,2022,-21.552165787057135,28.659609423491922,1,1,True,False,4
Central Bobonong,Morotowadinku,4,2022,-21.74131192669042,28.112270656251724,1,1,True,False,4
Central Bobonong,Majulaja,4,2022,-21.652800056316313,28.23045453765998,1,1,True,False,4
Central Bobonong,Rabasupi,2,2022,-22.43847911662524,28.287743607666144,1,1,True,False,2
Central Bobonong,Malomoakgomo,8,2022,-21.79307660213203,27.723279743748716,1,1,True,False,8
Central Bobonong,Lentswana,3,2022,-22.098210493836742,27.662057034364928,1,1,True,False,3
Central Bobonong,Mokgatsha,15,2022,-21.980243295174667,28.696285786801212,1,1,True,False,15
Central Bobonong,Mokgalwane,93,2022,-21.874819131138945,28.674780570264783,1,1,True,False,93
Central Bobonong,Lefiswana,4,2022,-21.545272524510626,28.688058517795596,1,1,True,False,4
Central Bobonong,Mmankwe,46,2022,-21.529862676196203,27.53280277394349,1,1,True,False,46
Central Bobonong,Mowana,76,2022,-22.256725169251308,28.083861664351826,1,1,True,False,76
Central Bobonong,Mmaborumane,16,2022,-21.79167789181135,27.852615905287042,1,1,True,False,16
Central Bobonong,Mmadikgama,14,2022,-21.774736683399485,28.895063165016023,1,1,True,False,14
Central Bobonong,Mogaleng,31,2022,-22.195907514489935,29.043217267963822,1,1,True,False,31
Central Bobonong,Sefophe Lands,8,2022,-22.42828549934078,27.940400327798127,1,1,True,False,8
Central Bobonong,Seoka (Mmamotshabi),19,2022,-22.51484182580848,28.69693106931808,1,1,True,False,19
Central Bobonong,Seoka (Masung),16,2022,-21.74617825130875,27.729666876153978,1,1,True,False,16
Central Bobonong,Lebethu,50,2022,-22.04642559489616,27.99154385139996,1,1,True,False,50
Central Bobonong,Dimonyana,16,2022,-21.528858431358145,27.746357218676724,1,1,True,False,16
Central Bobonong,Seoka (Paakane),31,2022,-22.072235336902853,28.006575429815364,1,1,True,False,31
Central Bobonong,Bonwanonyane,18,2022,-21.5368156547371,28.70930264422435,1,1,True,False,18
Central Bobonong,Tsokotsa,12,2022,-22.1279725605418,29.132485367323913,1,1,True,False,12
Central Bobonong,Didiba,10,2022,-21.72912328496679,27.861080913069937,1,1,True,False,10
Central Bobonong,Rrasuwe,44,2022,-22.46904711681401,28.471014597715754,1,1,True,False,44
Central Bobonong,Monoe,10,2022,-21.977782068647418,28.757181286475035,1,1,True,False,10
Central Bobonong,Makgwaphe,37,2022,-21.720378557268134,29.208998277854224,1,1,True,False,37
Central Bobonong,Mathathani,78,2022,-21.59236275512587,28.593127293293332,1,1,True,False,78
Central Bobonong,Mphothe,21,2022,-21.698955963517893,27.955536651461898,1,1,True,False,21
Central Bobonong,Tapa-la-Phala,92,2022,-22.518992289474326,28.620821521529013,1,1,True,False,92
Central Bobonong,Poso,22,2022,-22.16854958750189,28.072984056531563,1,1,True,False,22
Central Bobonong,Maboleyaleya,11,2022,-22.506750658026302,29.25068226370584,1,1,True,False,11
Central Bobonong,Mmasetshweu,1,2022,-22.443512177453385,28.21522125292971,1,1,True,False,1
Central Bobonong,Marutujwe,2,2022,-21.852686829295564,28.728506824832785,1,1,True,False,2
Central Bobonong,Mosatse,1,2022,-21.813071256042317,27.5390198932041,1,1,True,False,1
Central Bobonong,Lebalaneng,5,2022,-21.749959424371564,28.215913373541248,1,1,True,False,5
Central Bobonong,Leferwana,8,2022,-21.654203876921635,29.06922217704476,1,1,True,False,8
Central Bobonong,Majeditshipa,6,2022,-21.785751123437787,28.593427200474885,1,1,True,False,6
Central Bobonong,Thagasanong,3,2022,-21.72161881647044,28.29473606883207,1,1,True,False,3
Central Bobonong,Maplankeng,3,2022,-22.506473798339684,29.178488772423915,1,1,True,False,3
Central Bobonong,Terakopa,3,2022,-22.312770988336666,29.031279245420105,1,1,True,False,3
Central Bobonong,Masoko,13,2022,-21.908434909990998,28.07608173733956,1,1,True,False,13
Central Bobonong,Verterinary Camp,1,2022,-21.661856360777126,28.47545023539279,1,1,True,False,1
Central Bobonong,Makgwaphe Insemination camp,6,2022,-22.552885688585736,28.377151167369927,1,1,True,False,6
Central Bobonong,Verterinary Camp 2,1,2022,-22.020403629370797,28.632900223868823,1,1,True,False,1
Central Bobonong,Mabolwe Lands,5,2022,-21.850618221370254,28.09744937494367,1,1,True,False,5
Central Bobonong,Chilong,1,2022,-22.52667837867635,27.935953895700738,1,1,True,False,1
Central Bobonong,Majeloadikgaka,19,2022,-22.138640844625737,29.136697474155287,1,1,True,False,19
Central Bobonong,Mabolwe Vet Camp,30,2022,-21.62270318938383,29.156820427841687,1,1,True,False,30
Central Bobonong,SSG Camp,16,2022,-21.856541461085694,29.012128383393243,1,1,True,False,16
Central Bobonong,Mabolwe Border,5,2022,-22.30951092247367,29.254411381827307,1,1,True,False,5
Central Bobonong,Mhatane,36,2022,-21.667434706829876,28.835499203054653,1,1,True,False,36
Central Bobonong,Nkwanapedi,114,2022,-22.19430153567953,28.87084197931292,1,1,True,False,114
Central Bobonong,Manga/Maphane,72,2022,-21.66684647205575,28.867110891539273,1,1,True,False,72
Central Bobonong,Mafolapaji,22,2022,-22.245540235976367,28.360595666194584,1,1,True,False,22
Central Bobonong,Mapakata,83,2022,-21.941396096363654,28.317206101179178,1,1,True,False,83
Central Bobonong,Motloutse Lands,72,2022,-22.143249812363592,27.92880705192679,1,1,True,False,72
Central Bobonong,Phokoje,165,2022,-22.270715665170947,28.655563150155793,1,1,True,False,165
Central Bobonong,Letlhakane,90,2022,-21.632178258568885,28.01699263427586,1,1,True,False,90
Central Bobonong,Nkgobotlwane,103,2022,-22.361769338105283,27.960389223054,1,1,True,False,103
Central Bobonong,Letlhakane West,45,2022,-22.46905513445947,28.549838907640652,1,1,True,False,45
Central Bobonong,Machakopa,36,2022,-22.200673506861147,28.233734014585057,1,1,True,False,36
Central Bobonong,Korologo,11,2022,-21.808498340187075,27.89042146639649,1,1,True,False,11
Central Bobonong,Mohokoje,15,2022,-21.71477135591305,28.963149860932525,1,1,True,False,15
Central Bobonong,Thomela,16,2022,-21.515076692943648,29.043108626081313,1,1,True,False,16
Central Bobonong,Mpazane,2,2022,-22.24823495037472,27.79852977771401,1,1,True,False,2
Central Bobonong,Robelela Cattlepost,11,2022,-22.131765848454048,27.510781620272493,1,1,True,False,11
Central Bobonong,Sedimo,21,2022,-22.414766487209672,28.101075497920416,1,1,True,False,21
Central Bobonong,Mahunwane,11,2022,-21.957521332164745,28.929837801254088,1,1,True,False,11
Central Bobonong,Kelekeshane,7,2022,-21.516291000664296,29.0046756448314,1,1,True,False,7
Central Bobonong,Mankwe,17,2022,-21.825990785777876,27.745772667132005,1,1,True,False,17
Central Bobonong,Semelamela,18,2022,-21.936289123345396,28.888209477538574,1,1,True,False,18
Central Bobonong,Mmaseshola,6,2022,-22.148021078164557,27.70513234609207,1,1,True,False,6
Central Bobonong,Lesongwane,48,2022,-21.602177678636252,28.197952778507517,1,1,True,False,48
Central Bobonong,Mmadikgabo,5,2022,-22.03889251246041,29.29106432048288,1,1,True,False,5
Central Bobonong,Juru-Tshaa,2,2022,-22.417328397279388,27.84324115509087,1,1,True,False,2
Central Bobonong,Hamaau,4,2022,-22.17619438330041,27.7738563946588,1,1,True,False,4
Central Bobonong,Marulamabedi,20,2022,-22.487473222056664,28.256758439342168,1,1,True,False,20
Central Bobonong,Pedimpitwe,18,2022,-22.346753644837772,28.610385884801254,1,1,True,False,18
Central Bobonong,Dikgokong,81,2022,-22.539140008354234,29.173034023921545,1,1,True,False,81
Central Bobonong,Mokoswane,8,2022,-22.08444126411863,29.2591116949809,1,1,True,False,8
Central Bobonong,Lebala,80,2022,-21.895238449718544,27.62239003808684,1,1,True,False,80
Central Bobonong,Selebi,18,2022,-22.199248148504573,27.745177110498936,1,1,True,False,18
Central Bobonong,Ditsokwane,14,2022,-22.118780940030906,28.91767194668029,1,1,True,False,14
Central Bobonong,Nomoro 2,11,2022,-21.55634309523792,27.983424062998818,1,1,True,False,11
Central Bobonong,Bodumatau,4,2022,-21.772670358363914,29.086720395874195,1,1,True,False,4
Central Bobonong,Thareseleele,2,2022,-21.993027106937394,28.689034865096605,1,1,True,False,2
Central Bobonong,Sepanepoleke,40,2022,-22.260574112822525,27.69819990394833,1,1,True,False,40
Central Bobonong,Sedibe,58,2022,-21.62128159549837,28.99274021598402,1,1,True,False,58
Central Bobonong,Dikalate,5,2022,-22.312184397651865,27.814079792935207,1,1,True,False,5
Central Bobonong,Gukwe,15,2022,-22.217984401717544,28.258006955124248,1,1,True,False,15
Central Bobonong,Moralane Cattle Post,12,2022,-21.608684783538667,28.489167460698624,1,1,True,False,12
Central Bobonong,Metsimashibidu,9,2022,-22.004837470936447,28.396805706777688,1,1,True,False,9
Central Bobonong,Pekane,5,2022,-21.782738162674427,28.729827429617448,1,1,True,False,5
Central Bobonong,Dibokolodi,17,2022,-21.940952950445567,28.669695337809923,1,1,True,False,17
Central Bobonong,Mmaphoko,4,2022,-21.875511391730125,29.279267333059853,1,1,True,False,4
Central Bobonong,Mmatabekwa,1,2022,-22.245081331417577,29.292523595772586,1,1,True,False,1
Central Bobonong,Maipaafela,8,2022,-22.305634497376982,28.42499494887531,1,1,True,False,8
Central Bobonong,Ramoipone,1,2022,-22.220959683163098,27.668299787939755,1,1,True,False,1
Central Bobonong,Moshakabela,26,2022,-22.39533029746157,28.804696443422046,1,1,True,False,26
Central Bobonong,Sematshwane,11,2022,-21.64495792785088,29.251644500457722,1,1,True,False,11
Central Bobonong,Mmankwamba/Majweng,3,2022,-22.261924752628733,28.069095548674444,1,1,True,False,3
Central Bobonong,Sampowane,79,2022,-21.971490263301167,28.32575037931903,1,1,True,False,79
Central Bobonong,Mahele,1,2022,-21.73090583949778,28.260308922853635,1,1,True,False,1
Central Bobonong,Rampanyane,28,2022,-21.73941328579966,27.5896594276602,1,1,True,False,28
Central Bobonong,Moralane,39,2022,-22.099987532337167,28.70486206855158,1,1,True,False,39
Central Bobonong,Motsotswana,60,2022,-22.060457048665622,28.13198513483216,1,1,True,False,60
Central Bobonong,Lebu,30,2022,-21.51929540983014,28.911790796764958,1,1,True,False,30
Central Bobonong,Seokane,13,2022,-21.853426010774708,28.9920051670264,1,1,True,False,13
Central Bobonong,Mmadipotsane,22,2022,-21.70724872958158,28.97244511888818,1,1,True,False,22
Central Bobonong,Mmamookane,5,2022,-21.61548092095752,28.245739548969105,1,1,True,False,5
Central Bobonong,Masiakgabo,48,2022,-21.735482552326765,28.07487825491045,1,1,True,False,48
Central Bobonong,Mmasepekere,1,2022,-22.36428946650926,28.842377557788645,1,1,True,False,1
Central Bobonong,Letlhakane cattle post,40,2022,-21.970779069051513,28.9368047913815,1,1,True,False,40
Central Bobonong,Mmashweshwe,3,2022,-22.451224044500247,28.379725556942187,1,1,True,False,3
Central Bobonong,Maphaneng,19,2022,-21.87605113169422,29.10141736430738,1,1,True,False,19
Central Bobonong,Torome,19,2022,-21.560372070567855,27.75579515396155,1,1,True,False,19
Central Bobonong,Mogobotwane,31,2022,-22.02238404210639,29.076337481494104,1,1,True,False,31
Central Bobonong,Legotho,2,2022,-22.105638518439754,27.669909503654235,1,1,True,False,2
Central Bobonong,Mmadinare Lands,5,2022,-22.520169690900197,27.77306952187343,1,1,True,False,5
Central Bobonong,Motlhoatibe,2,2022,-21.555753077651357,28.45621513144355,1,1,True,False,2
Central Bobonong,Ramorupisi,2,2022,-22.450066944256626,27.618578082813848,1,1,True,False,2
Central Bobonong,Rampoto,8,2022,-22.51470390298472,27.59215254799647,1,1,True,False,8
Central Bobonong,Bolaphiri,2,2022,-22.30073424171214,27.498228801988812,1,1,True,False,2
Central Bobonong,Marukuru,5,2022,-22.489181153528182,28.281037344725718,1,1,True,False,5
Central Bobonong,Letlhakane West Ranch,1,2022,-22.08252280396944,28.888726766129388,1,1,True,False,1
Central Bobonong,Motloutse Farm,8,2022,-22.018881263467403,27.559875909265553,1,1,True,False,8
Central Bobonong,Jerry's Farm,4,2022,-22.231316860944883,28.66892450947839,1,1,True,False,4
Central Bobonong,Motswiri Farm,2,2022,-22.50438953099965,28.975851790818588,1,1,True,False,2
Central Bobonong,Betvill Farm,3,2022,-22.44109252681483,27.79907104427073,1,1,True,False,3
Central Bobonong,Monatsane,97,2022,-22.15623040917531,27.76110318662897,1,1,True,False,97
Central Bobonong,Mmatau,76,2022,-22.49440231351515,29.043523660880492,1,1,True,False,76
Central Bobonong,Kebitsamang,53,2022,-21.82879999699331,28.975846927492007,1,1,True,False,53
Central Bobonong,Bodumatlou,9,2022,-22.341491232386655,28.46537923177854,1,1,True,False,9
Central Bobonong,Robelela Lands,20,2022,-22.2422752592154,28.968797071180003,1,1,True,False,20
Central Bobonong,Dikgatlhong,16,2022,-22.146187419517513,27.66391149541491,1,1,True,False,16
Central Bobonong,Molomowapudi,7,2022,-22.12271836602903,28.205890343820258,1,1,True,False,7
Central Bobonong,Motolo,11,2022,-22.555849523436304,28.822576927119414,1,1,True,False,11
Central Bobonong,Rashasha,15,2022,-22.44060192948488,27.95974894371506,1,1,True,False,15
Central Bobonong,Ramotshabi,3,2022,-21.657013818605122,28.848679097484986,1,1,True,False,3
Central Bobonong,Gurujwaa,6,2022,-22.556295907154947,28.402935380816064,1,1,True,False,6
Central Bobonong,Majwenyane,2,2022,-22.027148766990116,28.844973534841834,1,1,True,False,2
Central Bobonong,Rabapela,11,2022,-22.04663199457166,28.331984769695797,1,1,True,False,11
Central Bobonong,Ditselamotsuu,1,2022,-22.209893319042198,28.158150689688544,1,1,True,False,1
Central Bobonong,Dikgatlhong Dam Workers Camp,1,2022,-22.107356092484775,27.89101891793799,1,1,True,False,1
Central Bobonong,Bush Camp,1,2022,-21.742798358189276,27.871601517742768,1,1,True,False,1
Central Bobonong,Damochojena Lands,94,2022,-21.679519429786115,28.84717364085103,1,1,True,False,94
Central Bobonong,Serule Lands,9,2022,-22.28582650410938,27.710891496311223,1,1,True,False,9
Central Bobonong,Makgorwane,16,2022,-22.220961672889946,27.651744086122036,1,1,True,False,16
Central Bobonong,Tale,15,2022,-22.304475033317672,27.813963008791475,1,1,True,False,15
Central Bobonong,Tapalamanyata,1,2022,-22.05669294496359,27.81226580139678,1,1,True,False,1
Central Bobonong,Moebotse,7,2022,-21.844385627625293,28.975816414081237,1,1,True,False,7
Central Bobonong,Makoba,1,2022,-22.319328540039525,28.213120500014906,1,1,True,False,1
Central Bobonong,Mmamasuga,3,2022,-22.212355079199774,29.276297122360628,1,1,True,False,3
Central Bobonong,Mosemodi,6,2022,-21.586430789237326,27.743764779975255,1,1,True,False,6
Central Bobonong,MakwambaMajweng,5,2022,-22.50688550101053,28.671227714999592,1,1,True,False,5
Central Bobonong,Marotobale,24,2022,-22.076623392198048,28.303334108252855,1,1,True,False,24
Central Bobonong,Debele,5,2022,-21.814845908136533,28.20308216866477,1,1,True,False,5
Central Bobonong,Letswereng,16,2022,-22.400536394564103,29.069180118813883,1,1,True,False,16
Central Bobonong,Monyomotlobo,12,2022,-22.50813314518592,29.249725312753952,1,1,True,False,12
Central Bobonong,Mphukhudi,17,2022,-22.413321745387012,29.0651829975825,1,1,True,False,17
Central Bobonong,Sedalane,1,2022,-21.59849881177519,27.842719979227045,1,1,True,False,1
Central Bobonong,Motlhabaneng Lands,3,2022,-22.54791747305904,27.893908577940365,1,1,True,False,3
Central Bobonong,Matshekge,60,2022,-22.361009132896363,28.675779546432693,1,1,True,False,60
Central Bobonong,Mabate Vetirinary Camp,10,2022,-22.524928706130034,28.016567719771327,1,1,True,False,10
Central Bobonong,Moletemane Lands,4,2022,-22.442105970428155,28.81705803704158,1,1,True,False,4
Central Bobonong,Localities with No Affiliation,737,2022,-21.910260011930227,28.514738590326587,1,1,True,False,737
Central Bobonong,Lesego Ranch,4,2022,-22.305355957557786,28.486875139032414,1,1,True,False,4
Central Bobonong,Backline Farm,1,2022,-21.963429215943552,28.985586841945544,1,1,True,False,1
Central Bobonong,Lephale Longwope,41,2022,-21.94152643595183,28.77360214923436,1,1,True,False,41
Central Bobonong,Limpopo Farm,56,2022,-21.670927109484893,27.54503770904286,1,1,True,False,56
Central Bobonong,Mooimeisies Fontein Farm,2,2022,-22.552633848733514,27.586138716985587,1,1,True,False,2
Central Bobonong,Baiens Drift Farm,10,2022,-21.66682059768817,28.577855393600906,1,1,True,False,10
Central Bobonong,Terrafou,4,2022,-21.91133535344397,28.37062680871765,1,1,True,False,4
Central Bobonong,Mr Frankie/Mmatlou,2,2022,-22.387708419820896,27.96465758992968,1,1,True,False,2
Central Bobonong,Oasis Lodge,6,2022,-21.750777041391405,28.249314276680522,1,1,True,False,6
Central Bobonong,Mr Mopani Farm 36,2,2022,-21.664605529831235,28.858704778678682,1,1,True,False,2
Central Bobonong,Lengope Farm,10,2022,-22.292178198914705,28.982110278489078,1,1,True,False,10
Central Bobonong,Talana Farm 43,28,2022,-21.598529617587523,28.50540235404351,1,1,True,False,28
Central Bobonong,Kunkuru Products Farm,2,2022,-22.083212154020515,28.189522710531783,1,1,True,False,2
Central Bobonong,Nokalodi Camp,1,2022,-21.927717692926702,27.98354011828701,1,1,True,False,1
Central Bobonong,Zanzibar Disease Control,21,2022,-21.5297880931183,28.434800881896333,1,1,True,False,21
Central Bobonong,Baine Drift Reserved,142,2022,-22.180205133466988,28.062670723590546,1,1,True,False,142
Central Bobonong,Platjan,10,2022,-21.70879263796474,28.51056135134813,1,1,True,False,10
Central Bobonong,Mashatu Main Office (Mashatu Game Reserve),6,2022,-22.225232269626535,28.712743991868674,1,1,True,False,6
Central Bobonong,Mashatu Camp,66,2022,-21.72334953964093,27.615992773802127,1,1,True,False,66
Central Bobonong,Rock Camp,13,2022,-21.930526122280636,27.499214450059085,1,1,True,False,13
Central Bobonong,Setlhare Lodges,13,2022,-22.331747030921214,27.878602994799767,1,1,True,False,13
Central Bobonong,Two Mashatu Safari Camp,2,2022,-22.125415110833107,29.104076695449827,1,1,True,False,2
Central Bobonong,Kolokolo Lodge,4,2022,-22.226029207409898,28.658206477810747,1,1,True,False,4
Central Bobonong,Legae,7,2022,-22.47605205335164,27.806183361572156,1,1,True,False,7
Central Bobonong,Lubber Rust Lodge,0,2022,-22.526440929944076,29.096446995385104,1,1,True,False,0
Central Bobonong,Limpopo Lipadi Volunteers Camp,4,2022,-22.195922342870187,28.34146240708024,1,1,True,False,4
Central Bobonong,Tshwehe,3,2022,-22.537714813893448,28.352483959310394,1,1,True,False,3
Central Bobonong,Tuli Lodge,27,2022,-22.384843899856506,29.17777824975653,1,1,True,False,27
Central Bobonong,Nitani,6,2022,-21.800623596396086,27.604150863134706,1,1,True,False,6
Central Bobonong,Limpopo Camp,43,2022,-21.81846462255123,27.883814203475954,1,1,True,False,43
Central Bobonong,Shalimpo,19,2022,-21.786639498168828,28.54949752937905,1,1,True,False,19
Central Bobonong,Motombe,2,2022,-22.22653281121745,27.848442575134317,1,1,True,False,2
Central Bobonong,Kanda Lodge,2,2022,-21.628564670310322,28.71790758319673,1,1,True,False,2
Central Bobonong,Jwala Lodge,13,2022,-21.937731985018043,27.881863486105424,1,1,True,False,13
Central Bobonong,Fika Futi,2,2022,-22.42603443601072,27.675409195792678,1,1,True,False,2
Central Bobonong,Mr Fairfield 45,7,2022,-22.407566874236807,27.869097197782253,1,1,True,False,7
Central Bobonong,Majuba,4,2022,-21.83411751765309,28.256639350071705,1,1,True,False,4
Central Bobonong,Charter House Camp,8,2022,-22.377061006150903,27.813688061964132,1,1,True,False,8
Central Bobonong,Mengwe Lodge,16,2022,-22.028061746820036,27.739239570148936,1,1,True,False,16
Central Bobonong,Shashe Lodge,0,2022,-21.522350950085045,29.04259124234907,1,1,True,False,0
Central Bobonong,Hatari lodge,0,2022,-22.553399790042455,28.07281528291972,1,1,True,False,0
Central Bobonong,Kwenante,46,2022,-22.540276704342897,28.14531520203871,1,1,True,False,46
Central Bobonong,Kwadiba Ranch,18,2022,-21.52098343785846,27.59657730212272,1,1,True,False,18
Central Bobonong,Kudos Faniker/Moemisis Farm,4,2022,-21.947326461431743,28.13922754675992,1,1,True,False,4
Central Bobonong,Limpopo Game Range,13,2022,-22.425112083174216,27.972960864371547,1,1,True,False,13
Central Bobonong,Longwood Farm House,3,2022,-21.62096281245708,28.5938899594887,1,1,True,False,3
Central Bobonong,Lodge,12,2022,-21.63862619588131,27.866232403048524,1,1,True,False,12
Central Bobonong,Dopotta Lodge,11,2022,-21.99788735718691,29.093036770545925,1,1,True,False,11
Central Bobonong,Roosedaal,2,2022,-21.908545286974803,29.167224612826065,1,1,True,False,2
Central Boteti,Zantete,7,2022,-21.614297333363442,24.63818744643624,0,1,True,False,7
Central Boteti,Motatawa,61,2022,-21.603194097375294,25.15236129693113,0,1,True,False,61
Central Boteti,Mapeta,61,2022,-21.59157530964144,24.290969269655644,0,1,True,False,61
Central Boteti,Mogobe wa Dira,3,2022,-20.852166751347223,25.300245526953507,0,1,True,False,3
Central Boteti,Tutebe,123,2022,-21.58183488207608,24.81670998482002,0,1,True,False,123
Central Boteti,Keazowa,34,2022,-20.510775730927325,25.18218787926718,0,1,True,False,34
Central Boteti,Jiigae,29,2022,-20.65464286155446,24.691987132904668,0,1,True,False,29
Central Boteti,Mapete,17,2022,-20.558540605310075,24.737348862586995,0,1,True,False,17
Central Boteti,Metsiaela,37,2022,-20.989285520948037,24.9425887537868,0,1,True,False,37
Central Boteti,Abakhudi,5,2022,-20.29918545063581,25.467503589233417,0,1,True,False,5
Central Boteti,Majakathata,23,2022,-21.69590977759536,24.724778808636415,0,1,True,False,23
Central Boteti,Aiomo,2,2022,-21.17228248940655,24.787521348493847,0,1,True,False,2
Central Boteti,Gaegaba,19,2022,-21.285674691023242,24.91240958925176,0,1,True,False,19
Central Boteti,Gamotshuku,15,2022,-20.369617905470747,25.14318077700155,0,1,True,False,15
Central Boteti,Gorexaoga,8,2022,-20.91479308884405,24.0096334992928,0,1,True,False,8
Central Boteti,Lebu La Kgokong,5,2022,-20.578509529236957,24.765434825310297,0,1,True,False,5
Central Boteti,Mokoba,12,2022,-21.510903102490182,24.707373685427186,0,1,True,False,12
Central Boteti,Mahata Osi,15,2022,-20.325643335872137,25.45679992595847,0,1,True,False,15
Central Boteti,Mangapo a Nkwe,2,2022,-21.02949493308879,24.727663485693437,0,1,True,False,2
Central Boteti,Matshate,4,2022,-21.036779102830707,24.684774672120284,0,1,True,False,4
Central Boteti,Thapamadi,7,2022,-20.33700687706347,25.525792116475973,0,1,True,False,7
Central Boteti,Xharukamastsuruu,6,2022,-21.20239096455257,24.654558648336668,0,1,True,False,6
Central Boteti,Xheekudi,4,2022,-21.177766639643195,24.19530547870688,0,1,True,False,4
Central Boteti,Swaiswane,3,2022,-20.903220840177113,24.25666312720352,0,1,True,False,3
Central Boteti,Mmasukiri,7,2022,-21.5729139812606,24.04937395528327,0,1,True,False,7
Central Boteti,Tharogoo,4,2022,-21.289855385655944,23.88824845595247,0,1,True,False,4
Central Boteti,Takwane,5,2022,-21.477371339382845,24.622832627204502,0,1,True,False,5
Central Boteti,Iyodimokae,4,2022,-21.60923479160788,25.197208806841115,0,1,True,False,4
Central Boteti,Robaletheka,5,2022,-20.490595069035955,25.136286336114985,0,1,True,False,5
Central Boteti,Sediba Saphela,9,2022,-20.89650710060099,23.94202703863772,0,1,True,False,9
Central Boteti,Ledutela,1,2022,-21.234738543996052,24.857893486872207,0,1,True,False,1
Central Boteti,Kgarapamokao,68,2022,-21.161424850433264,24.1500066486041,0,1,True,False,68
Central Boteti,Phaiphai,14,2022,-21.12791875248696,25.489820983800108,0,1,True,False,14
Central Boteti,Damotshaa,18,2022,-20.832253501181732,24.17228351059408,0,1,True,False,18
Central Boteti,Tsatsing,14,2022,-20.401696460324718,24.95437239103269,0,1,True,False,14
Central Boteti,Kgokonyane,16,2022,-20.39288321800511,24.44282578216193,0,1,True,False,16
Central Boteti,Setotong,171,2022,-21.186613340007703,24.979782950758175,0,1,True,False,171
Central Boteti,Mangana,8,2022,-21.27786509006978,24.589307918746744,0,1,True,False,8
Central Boteti,Gaegore,0,2022,-21.099284139337346,25.180861960911514,0,1,True,False,0
Central Boteti,Matswake,28,2022,-20.92788301078965,24.280099868938304,0,1,True,False,28
Central Boteti,Gaekhore,10,2022,-21.083489221915787,25.429735830490635,0,1,True,False,10
Central Boteti,Kaka,7,2022,-20.794708127433445,24.73907800762272,0,1,True,False,7
Central Boteti,obesi 3,21,2022,-20.947730686490523,25.174816899377262,0,1,True,False,21
Central Boteti,Xana,2,2022,-21.29039806093202,25.33426954833332,0,1,True,False,2
Central Boteti,Mahata,5,2022,-21.253716335430624,25.588166265022718,0,1,True,False,5
Central Boteti,Kukamana,11,2022,-21.205528379734886,24.26863359502664,0,1,True,False,11
Central Boteti,Xaegore,6,2022,-21.621909704473072,24.375824353208937,0,1,True,False,6
Central Boteti,Zoojena,18,2022,-21.517177073456594,24.313738494734,0,1,True,False,18
Central Boteti,Gaema,15,2022,-20.700331721492862,24.33491933410825,0,1,True,False,15
Central Boteti,Metsiamantsho,4,2022,-21.190125698738523,24.879114501472575,0,1,True,False,4
Central Boteti,Setata,30,2022,-21.446092628651094,25.579130634214593,0,1,True,False,30
Central Boteti,Goa,34,2022,-20.935598806615705,25.57360574894851,0,1,True,False,34
Central Boteti,Xekudi,8,2022,-20.65278345894507,24.784312600222247,0,1,True,False,8
Central Boteti,Lebu,21,2022,-21.38320954083817,24.975467655815507,0,1,True,False,21
Central Boteti,Tshonyane,8,2022,-20.54830381368395,25.35170763945859,0,1,True,False,8
Central Boteti,Xhaunasee,1,2022,-20.400617988972176,25.475954727731303,0,1,True,False,1
Central Boteti,Kaebegao,3,2022,-20.884683194823875,24.234431185066935,0,1,True,False,3
Central Boteti,Xhoojena/Sediba sa Morama,1,2022,-20.77975954549388,24.787324139381525,0,1,True,False,1
Central Boteti,Tsimokia & Xharekoo,5,2022,-21.68359093476602,25.305502563641994,0,1,True,False,5
Central Boteti,Nkwanapedi,1,2022,-20.374201215322643,24.403597752259515,0,1,True,False,1
Central Boteti,Mmaletswai,11,2022,-21.185157590276976,24.636223022259138,0,1,True,False,11
Central Boteti,Ditawana,42,2022,-20.405903474050596,25.565675461342767,0,1,True,False,42
Central Boteti,Tsoronyane,1,2022,-20.911689411121888,25.564697318912035,0,1,True,False,1
Central Boteti,Sejamakowe,7,2022,-21.753914113464916,25.43027216591581,0,1,True,False,7
Central Boteti,Sedibana,2,2022,-21.7041700142841,25.246942717440803,0,1,True,False,2
Central Boteti,Xonejena,9,2022,-20.762938554254575,24.34557794707085,0,1,True,False,9
Central Boteti,Txotropigao,11,2022,-20.935605253885214,24.433650174127532,0,1,True,False,11
Central Boteti,Khwedaotsia,1,2022,-21.72178052392438,24.819238004630957,0,1,True,False,1
Central Boteti,Motopi,2,2022,-20.670496642822485,24.84221757559416,0,1,True,False,2
Central Boteti,Isakao,0,2022,-20.511123233500516,24.74809164102676,0,1,True,False,0
Central Boteti,Mhisenyane,6,2022,-21.032753310605543,24.97145408626388,0,1,True,False,6
Central Boteti,Subuxao,15,2022,-21.07771239915357,24.582606108781263,0,1,True,False,15
Central Boteti,Garagamago,5,2022,-21.75266137550573,25.163034689009475,0,1,True,False,5
Central Boteti,Dioloditshweu,7,2022,-20.60716431449191,24.455276498801464,0,1,True,False,7
Central Boteti,Masokaphala,2,2022,-21.275733558341248,24.450384244560006,0,1,True,False,2
Central Boteti,Xaenekaga,2,2022,-20.472090875804998,24.103931545986356,0,1,True,False,2
Central Boteti,Sedibakgalo,3,2022,-21.213640653980146,24.208635248214048,0,1,True,False,3
Central Boteti,Xotshaa,7,2022,-20.932071443876808,25.3356159942976,0,1,True,False,7
Central Boteti,Sehumane,49,2022,-21.364264830671,24.64724626872186,0,1,True,False,49
Central Boteti,Menepara,7,2022,-21.525204473721605,24.27531249636509,0,1,True,False,7
Central Boteti,Tapana,5,2022,-20.62438219808711,25.180347772406122,0,1,True,False,5
Central Boteti,Tukamoiru,24,2022,-21.03249963317226,24.830644379531012,0,1,True,False,24
Central Boteti,Gubekhudi,13,2022,-20.973995057295717,23.923307148732498,0,1,True,False,13
Central Boteti,Lekau,29,2022,-20.345026146629174,24.426006598469545,0,1,True,False,29
Central Boteti,Debe,18,2022,-20.34771846979515,24.18869316297031,0,1,True,False,18
Central Boteti,Xhaotshao,25,2022,-20.505995639430758,25.00415377751046,0,1,True,False,25
Central Boteti,Xouxhwakau,1,2022,-21.485581610930968,24.355625858468446,0,1,True,False,1
Central Boteti,Gamxee,4,2022,-20.889260972166216,23.99787757138103,0,1,True,False,4
Central Boteti,Konyana,3,2022,-20.47299444831816,23.980828694404927,0,1,True,False,3
Central Boteti,Metsiakgama,3,2022,-21.211582819653625,24.877892781147935,0,1,True,False,3
Central Boteti,Xaamo,10,2022,-21.61242754703237,23.924273438249383,0,1,True,False,10
Central Boteti,Tsetse,4,2022,-20.571512085190836,25.332672113617182,0,1,True,False,4
Central Boteti,Gweema / Tlhogoyanoko,11,2022,-21.054241454134846,24.151903646440832,0,1,True,False,11
Central Boteti,Zantete Farm,14,2022,-20.93307624773099,24.920190680877592,0,1,True,False,14
Central Boteti,Bohi Farm,18,2022,-20.320496139631217,24.644531349138937,0,1,True,False,18
Central Boteti,Kaekhora/Nkami;s Farm,16,2022,-20.870287945820685,24.641403998475383,0,1,True,False,16
Central Boteti,Gamjena / Mogotlhomoleele,7,2022,-21.137508278323256,24.009542917782078,0,1,True,False,7
Central Boteti,Tsetsere,0,2022,-21.218151542582433,25.254271751841376,0,1,True,False,0
Central Boteti,Calve's Ranger,9,2022,-21.148300927353716,25.408042215236616,0,1,True,False,9
Central Boteti,Osupeng Farm,7,2022,-21.587069662802964,23.906041062555257,0,1,True,False,7
Central Boteti,Malatswai Trust,4,2022,-20.59528544465099,24.191422478711107,0,1,True,False,4
Central Boteti,Khobezi,11,2022,-20.532280779792835,25.426521365016043,0,1,True,False,11
Central Boteti,Madutela,8,2022,-21.34365443618705,24.82300268336496,0,1,True,False,8
Central Boteti,Kellinicks Farm,1,2022,-21.315207537475736,24.142780397007314,0,1,True,False,1
Central Boteti,Mosaditshwana,1,2022,-20.478585979201295,24.232608805939087,0,1,True,False,1
Central Boteti,Farm B4,1,2022,-21.72553749388305,25.011158375586497,0,1,True,False,1
Central Boteti,Gamodee,3,2022,-20.997501736353275,25.121557070267755,0,1,True,False,3
Central Boteti,Xwaekae,4,2022,-21.08076498755963,24.9080329237946,0,1,True,False,4
Central Boteti,Xhwixhwinee,0,2022,-20.748703048386155,25.51037831318544,0,1,True,False,0
Central Boteti,Kgalagadiau,20,2022,-21.521093659085043,24.728612029403568,0,1,True,False,20
Central Boteti,Ngabengau,33,2022,-20.780664178297247,24.398608033749266,0,1,True,False,33
Central Boteti,Buhe,6,2022,-21.208254045936485,24.699951377739584,0,1,True,False,6
Central Boteti,Mothabeng,0,2022,-20.85341973587627,24.499749538158998,0,1,True,False,0
Central Boteti,Giigaa,10,2022,-21.70189271999282,24.26943433531787,0,1,True,False,10
Central Boteti,Kgalagadi,2,2022,-21.083622242955762,23.96555089803634,0,1,True,False,2
Central Boteti,Mmapete,2,2022,-20.99487186758749,24.487056611042178,0,1,True,False,2
Central Boteti,Mapetlhe,6,2022,-21.44640433533992,25.098725750027967,0,1,True,False,6
Central Boteti,Mokoba Camp,1,2022,-21.555946503726748,23.918678365760112,0,1,True,False,1
Central Boteti,DK2 Mine,17,2022,-21.48431318239464,24.635149306568124,0,1,True,False,17
Central Boteti,Orapa Quarantine Camp,29,2022,-21.256047470795938,24.98395172954095,0,1,True,False,29
Central Boteti,Setata Gate,0,2022,-21.61872711412307,24.926725949430743,0,1,True,False,0
Central Boteti,Makoba A.I Camp 1,3,2022,-20.371561881856795,25.209820088506177,0,1,True,False,3
Central Boteti,Makoba A.I Camp 2,0,2022,-21.16681423806813,25.267498813402756,0,1,True,False,0
Central Boteti,Firestone,1,2022,-20.57443500809377,25.099230608327208,0,1,True,False,1
Central Boteti,Mogorogorwana,3,2022,-20.331827065518386,24.06233314081097,0,1,True,False,3
Central Boteti,Gorajena,42,2022,-21.642298884521264,24.696187219446145,0,1,True,False,42
Central Boteti,Keazoa,146,2022,-20.80509583562629,24.914808936886498,0,1,True,False,146
Central Boteti,Xhoojena,15,2022,-20.48287537183894,24.30545049616784,0,1,True,False,15
Central Boteti,Phuduhutswana,3,2022,-20.830662116126472,23.959741639234345,0,1,True,False,3
Central Boteti,Durban,0,2022,-21.131574250320647,24.268028485613403,0,1,True,False,0
Central Boteti,Thubasegwana,5,2022,-21.128567837145027,24.661911578822476,0,1,True,False,5
Central Boteti,Gaexano/Masebula,27,2022,-21.708045806929846,24.5921546617117,0,1,True,False,27
Central Boteti,Motatawe,20,2022,-20.97676235792894,24.188123669162398,0,1,True,False,20
Central Boteti,Xhadimokwa,0,2022,-20.303781381629683,25.291161739324867,0,1,True,False,0
Central Boteti,Keletswane/Keya,1,2022,-20.35486321031043,25.463614314458393,0,1,True,False,1
Central Boteti,Maphanephane,6,2022,-21.701446621205804,24.23015302554849,0,1,True,False,6
Central Boteti,Xagao,37,2022,-20.725724624599813,25.47023212646111,0,1,True,False,37
Central Boteti,Khurudong,17,2022,-21.318186845362156,23.917696070160233,0,1,True,False,17
Central Boteti,Bonno/Kwii 2,4,2022,-20.43656718316323,25.462381095523202,0,1,True,False,4
Central Boteti,Abajenakiru,29,2022,-21.694531909875302,25.508301498052976,0,1,True,False,29
Central Boteti,Gao,2,2022,-20.388345549537604,23.90780387649256,0,1,True,False,2
Central Boteti,Makoba Gate (Daowoo),10,2022,-20.532634343678943,25.186611300095187,0,1,True,False,10
Central Boteti,Gaegae,9,2022,-21.588381628978723,25.539417853897735,0,1,True,False,9
Central Boteti,Xuuga,9,2022,-21.672962147190685,25.429923770380416,0,1,True,False,9
Central Boteti,Tsaba-tsaba / Pelobotlhoko,10,2022,-20.536693383430254,25.540283919297806,0,1,True,False,10
Central Boteti,Makobane,19,2022,-21.532288000982323,24.824415891382397,0,1,True,False,19
Central Boteti,Gubujena,4,2022,-20.97632625582816,24.02037152748803,0,1,True,False,4
Central Boteti,Tomtopikae 1,13,2022,-20.417862549772963,25.33437002915824,0,1,True,False,13
Central Boteti,Thamagana,4,2022,-20.928595839942226,24.93255686025205,0,1,True,False,4
Central Boteti,Tomtopikae 2,3,2022,-21.178194414786088,24.934103906943353,0,1,True,False,3
Central Boteti,Mogothomalele,71,2022,-21.10812702757953,24.59781382715616,0,1,True,False,71
Central Boteti,Motsetsane,1,2022,-21.668133621926284,24.861059264978266,0,1,True,False,1
Central Boteti,Kanana,5,2022,-20.340133783515707,24.148808934210162,0,1,True,False,5
Central Boteti,Kubekhuti,15,2022,-21.30515178000591,25.147020582838966,0,1,True,False,15
Central Boteti,Kaekao,6,2022,-21.48300929926171,24.015026472342797,0,1,True,False,6
Central Boteti,Makgabaneng,7,2022,-21.341234673811094,25.13001007258353,0,1,True,False,7
Central Boteti,Marulamantsi,13,2022,-20.3465552207142,25.33298937631941,0,1,True,False,13
Central Boteti,Thea,18,2022,-21.62242838260258,24.691838461651017,0,1,True,False,18
Central Boteti,Mahatana,20,2022,-20.48889637128812,24.755460933751227,0,1,True,False,20
Central Boteti,Kabexao,3,2022,-20.72272311719097,24.41894444107355,0,1,True,False,3
Central Boteti,Letsibogo,16,2022,-20.54356845617986,25.538152633054626,0,1,True,False,16
Central Boteti,Xudinweu,39,2022,-20.329656220140567,25.135704005237958,0,1,True,False,39
Central Boteti,Makolwane,73,2022,-20.5257733091711,24.515624227644093,0,1,True,False,73
Central Boteti,Tshipijena,21,2022,-20.377335648027287,24.18495700186846,0,1,True,False,21
Central Boteti,Kgarajwe,3,2022,-21.574552439758474,24.2611986959691,0,1,True,False,3
Central Boteti,Dximdximsxaa,3,2022,-20.593763338541848,24.67728498257108,0,1,True,False,3
Central Boteti,Amanao,3,2022,-20.960522349767597,25.492361877527276,0,1,True,False,3
Central Boteti,Saotshaa,8,2022,-20.963719190260363,25.13744412926935,0,1,True,False,8
Central Boteti,Sobodeni,4,2022,-20.442531772444582,24.25381527389931,0,1,True,False,4
Central Boteti,Turujena,2,2022,-20.335659147235745,25.35101046287637,0,1,True,False,2
Central Boteti,Xhwaatsha,2,2022,-20.727130408885877,24.531311106622727,0,1,True,False,2
Central Boteti,Mogorogorwane,3,2022,-21.052518702076704,25.33766167056561,0,1,True,False,3
Central Boteti,Tsutsoga,123,2022,-21.09142824927304,24.29886641141011,0,1,True,False,123
Central Boteti,Kotitsha,63,2022,-21.194165932005813,24.940785782854118,0,1,True,False,63
Central Boteti,Jemare,58,2022,-21.230447584609415,25.46528964074385,0,1,True,False,58
Central Boteti,Moana,49,2022,-21.186591546531833,24.326443550297597,0,1,True,False,49
Central Boteti,Ntane,159,2022,-21.629075189411765,25.06725183257684,0,1,True,False,159
Central Boteti,Gaezazoa,15,2022,-21.647136737912312,25.56855591427262,0,1,True,False,15
Central Boteti,Mmakgama,65,2022,-20.61710613756158,24.143731811380366,0,1,True,False,65
Central Boteti,Xatsha,5,2022,-21.106577307716996,24.037819492788365,0,1,True,False,5
Central Boteti,Iyaga,6,2022,-20.39595546379487,25.035354509310427,0,1,True,False,6
Central Boteti,Lerute,10,2022,-20.86294203074405,24.46581055070287,0,1,True,False,10
Central Boteti,Tshebajena,32,2022,-21.709105854300304,24.008601795618024,0,1,True,False,32
Central Boteti,Tswane,0,2022,-21.529698867898922,24.696669430581633,0,1,True,False,0
Central Boteti,Goutshaa,24,2022,-21.458878206840346,25.1708620149521,0,1,True,False,24
Central Boteti,Mmagwaila,11,2022,-20.329893062971635,24.372810233219017,0,1,True,False,11
Central Boteti,Seselelo,12,2022,-21.439984809081125,24.457825626765946,0,1,True,False,12
Central Boteti,Phanyane,7,2022,-21.004396285938785,25.327405595373715,0,1,True,False,7
Central Boteti,Xwitara,22,2022,-20.38790148804304,24.77290105795184,0,1,True,False,22
Central Boteti,Kwakwatshaa,12,2022,-20.327756987864564,25.322352415041163,0,1,True,False,12
Central Boteti,Nokayabokalaka,16,2022,-21.41409420292489,24.64742873838168,0,1,True,False,16
Central Boteti,Kaetshaa,1,2022,-21.68866216426368,25.51008334311747,0,1,True,False,1
Central Boteti,Zanete,9,2022,-21.53544926641428,24.995506090938537,0,1,True,False,9
Central Boteti,Xwiningae,4,2022,-21.667823765371015,24.084642859774846,0,1,True,False,4
Central Boteti,Powerline,3,2022,-21.474561886092467,25.39448814779165,0,1,True,False,3
Central Boteti,Marukuru,1,2022,-20.926951153171025,24.720440908161947,0,1,True,False,1
Central Boteti,Tebele,5,2022,-20.422695808780773,24.1284751657817,0,1,True,False,5
Central Boteti,Xhanejena,8,2022,-20.972923196641595,24.14729397511588,0,1,True,False,8
Central Boteti,Botshelojena,1,2022,-20.842752189784942,25.0580687874199,0,1,True,False,1
Central Boteti,Kabemokao,6,2022,-21.464674110788312,23.967950694259514,0,1,True,False,6
Central Boteti,Tuujenaa,9,2022,-20.586731993818002,24.375315790396435,0,1,True,False,9
Central Boteti,Tswai,6,2022,-20.854777407079034,24.12532249205933,0,1,True,False,6
Central Boteti,Tlapana Gate,1,2022,-20.493539221229348,24.63838293334668,0,1,True,False,1
Central Boteti,Mmeya,2,2022,-20.3693281378075,24.592875751253757,0,1,True,False,2
Central Boteti,Thalamabele,13,2022,-21.250534347850703,24.775973943102958,0,1,True,False,13
Central Boteti,Tankagore,18,2022,-21.627864223619156,24.36346811210212,0,1,True,False,18
Central Boteti,Chekamokgoro,15,2022,-21.429390650263738,23.941847387480312,0,1,True,False,15
Central Boteti,Poogore/Tshwagau,29,2022,-21.11864751197366,24.93350681309664,0,1,True,False,29
Central Boteti,Xenejena,8,2022,-20.373946416999537,24.523677912748298,0,1,True,False,8
Central Boteti,Mmatshumo,8,2022,-21.205943312527005,24.99642634265445,0,1,True,False,8
Central Boteti,Zootsha,0,2022,-20.630445199584656,24.072327811243174,0,1,True,False,0
Central Boteti,Kabejena,24,2022,-20.968146030994802,23.910742182783135,0,1,True,False,24
Central Boteti,Tshwagong,37,2022,-21.492620972068046,24.310096308838908,0,1,True,False,37
Central Boteti,Khoitsha,4,2022,-21.290370827053753,24.66472630538011,0,1,True,False,4
Central Boteti,Makgadikgadi,1,2022,-20.802863402791548,24.558338283372,0,1,True,False,1
Central Boteti,Matserengwa,10,2022,-20.774032276222332,25.26712901532408,0,1,True,False,10
Central Boteti,Gumukago,5,2022,-21.12316661103263,24.530693167543077,0,1,True,False,5
Central Boteti,Matsalankwe,9,2022,-21.425407033041946,24.79055867592249,0,1,True,False,9
Central Boteti,Goexao,4,2022,-20.702101668098877,24.89796683205796,0,1,True,False,4
Central Boteti,Kwaja,15,2022,-21.513055962478198,23.92445724020582,0,1,True,False,15
Central Boteti,Guguga,4,2022,-20.387178917260965,24.76449132476384,0,1,True,False,4
Central Boteti,Kanekanega,7,2022,-21.485150077193968,24.474487255005094,0,1,True,False,7
Central Boteti,Tshwantsha,5,2022,-21.603326941263827,24.60467050382926,0,1,True,False,5
Central Boteti,Lebunyane,8,2022,-21.03094934809167,24.058058405149595,0,1,True,False,8
Central Boteti,Magapojena,1,2022,-20.998832977621497,25.220330484831763,0,1,True,False,1
Central Boteti,Mmathamaga,15,2022,-21.015486122784967,25.492082350616815,0,1,True,False,15
Central Boteti,Peboroga,7,2022,-21.12036914698825,23.925202129273735,0,1,True,False,7
Central Boteti,Khuwe/Kuo,8,2022,-20.301916306341877,24.91134665033619,0,1,True,False,8
Central Boteti,Gabamodumo,10,2022,-21.047617752875787,25.188015785304,0,1,True,False,10
Central Boteti,Zorope,6,2022,-21.05983856061421,24.372274146560123,0,1,True,False,6
Central Boteti,Kitso,0,2022,-21.142220211553,25.228393654351873,0,1,True,False,0
Central Boteti,Tsetserekao,2,2022,-21.6626954507754,24.964105768848917,0,1,True,False,2
Central Boteti,Sasa,5,2022,-20.891190812954612,25.46953346324176,0,1,True,False,5
Central Boteti,Xhanetshaa,4,2022,-21.426400985974002,25.55781447315811,0,1,True,False,4
Central Boteti,Matsiara,10,2022,-20.825713769225608,23.959391350606115,0,1,True,False,10
Central Boteti,Khwee,4,2022,-21.686146133068764,24.64495661449767,0,1,True,False,4
Central Boteti,Sabasadi,13,2022,-20.32160647078723,24.818735563711197,0,1,True,False,13
Central Boteti,Tsoomo,1,2022,-21.07295014626787,24.137167116964648,0,1,True,False,1
Central Boteti,Chamoga,5,2022,-20.445708238739062,24.459935414918146,0,1,True,False,5
Central Boteti,Kwiitso,1,2022,-21.06333646016173,25.56912608583552,0,1,True,False,1
Central Boteti,Chesijwa,1,2022,-21.672219456244044,23.91491951949647,0,1,True,False,1
Central Boteti,Veterenary Camp,0,2022,-20.55501443356024,24.657847706434243,0,1,True,False,0
Central Boteti,Makumojena Gate,6,2022,-20.810207231593086,25.32222070223148,0,1,True,False,6
Central Boteti,Lekhubu,8,2022,-20.614338791120804,24.438845982259423,0,1,True,False,8
Central Boteti,Tshwagong Gate,7,2022,-21.132829844567038,24.704320274371696,0,1,True,False,7
Central Boteti,Chikwe,8,2022,-20.82523314459207,25.552775539587433,0,1,True,False,8
Central Boteti,Gwape,5,2022,-20.505135050786752,24.695939267297746,0,1,True,False,5
Central Boteti,Phorokwe,19,2022,-20.83530904227418,24.110224284028032,0,1,True,False,19
Central Boteti,Xanamokwe,11,2022,-21.25086742139114,23.975356493728864,0,1,True,False,11
Central Boteti,Tjarowe,5,2022,-20.78917082859086,25.49721197287654,0,1,True,False,5
Central Boteti,Xari,3,2022,-20.775497486025234,24.339922533677843,0,1,True,False,3
Central Boteti,Xadi,0,2022,-20.35210725344131,24.745641345210643,0,1,True,False,0
Central Boteti,Bokgobokanelo,27,2022,-21.216790815411656,24.041735223439286,0,1,True,False,27
Central Boteti,Doatshaa East II,0,2022,-21.137358148243234,24.608714831683216,0,1,True,False,0
Central Boteti,Zamasuse,14,2022,-20.569811004912285,25.47113908662065,0,1,True,False,14
Central Boteti,Gubuga,26,2022,-21.019050291481427,24.742830038594253,0,1,True,False,26
Central Boteti,Makhandela,21,2022,-20.680595367155508,25.54100762730115,0,1,True,False,21
Central Boteti,Gubudaga,17,2022,-21.086580993771328,24.328047029938823,0,1,True,False,17
Central Boteti,Lentswana,6,2022,-21.444690526919544,24.74646099778704,0,1,True,False,6
Central Boteti,Xwitshaa,5,2022,-20.667939460245837,25.350958794756263,0,1,True,False,5
Central Boteti,Tantika,8,2022,-21.56836446994194,24.65060096952248,0,1,True,False,8
Central Boteti,Soophiri,6,2022,-21.46948907897294,24.363214458705205,0,1,True,False,6
Central Boteti,Maditsenyane,40,2022,-20.841527142694787,25.344052886857042,0,1,True,False,40
Central Boteti,Sorokotsha,7,2022,-20.664909994013154,24.55121597875379,0,1,True,False,7
Central Boteti,Xoaxana,1,2022,-20.448739944582094,24.79103907788065,0,1,True,False,1
Central Boteti,Phatshwanyane,38,2022,-21.36097324743827,25.550189410857023,0,1,True,False,38
Central Boteti,Beetshaa 1,6,2022,-21.59832382601887,24.204839672973865,0,1,True,False,6
Central Boteti,Txabanka,12,2022,-20.358765035689164,24.40053011625807,0,1,True,False,12
Central Boteti,Canekaga,30,2022,-21.53424499872462,23.94018880056693,0,1,True,False,30
Central Boteti,Xaakgae,19,2022,-21.470833276563337,24.55453359945163,0,1,True,False,19
Central Boteti,Nngerekamo,34,2022,-21.33348906386766,24.228169360274347,0,1,True,False,34
Central Boteti,Mawela,2,2022,-20.984401282631058,25.04529889080739,0,1,True,False,2
Central Boteti,Kubi,15,2022,-20.466134543432343,24.196049685703194,0,1,True,False,15
Central Boteti,Mokomotu,11,2022,-20.645442086465515,25.036406139816908,0,1,True,False,11
Central Boteti,Maphanyane,42,2022,-20.72226317514156,24.335948037155028,0,1,True,False,42
Central Boteti,Morula,61,2022,-21.50380676999072,24.49217434536831,0,1,True,False,61
Central Boteti,Tshogautsha,23,2022,-21.23619048887873,24.48134882715677,0,1,True,False,23
Central Boteti,Xaungana,3,2022,-21.059166454914575,25.107823220318608,0,1,True,False,3
Central Boteti,Phokomogore,3,2022,-21.544505414883528,24.681690294013023,0,1,True,False,3
Central Boteti,Morala,5,2022,-21.359736793973703,24.502529668878257,0,1,True,False,5
Central Boteti,Xudi,5,2022,-21.308555206386853,25.339195175797897,0,1,True,False,5
Central Boteti,Ngwiburu,8,2022,-21.574052491951456,24.86124428139189,0,1,True,False,8
Central Boteti,Xhootowe,10,2022,-20.95382982201772,24.251409228937877,0,1,True,False,10
Central Boteti,Metsimasweu,20,2022,-20.726851983350034,25.420028435725314,0,1,True,False,20
Central Boteti,Malale,5,2022,-21.65814107382475,24.470773336109765,0,1,True,False,5
Central Boteti,Maipaafela,4,2022,-21.055180592775162,23.953658202420755,0,1,True,False,4
Central Boteti,Chaega,9,2022,-20.613672840750382,24.729525829401616,0,1,True,False,9
Central Boteti,Khoningo,5,2022,-20.663853722647485,24.098332634146285,0,1,True,False,5
Central Boteti,Karogao,16,2022,-20.56548500360532,24.293360737674664,0,1,True,False,16
Central Boteti,Xubukuga,27,2022,-21.103398589775086,25.159521162881937,0,1,True,False,27
Central Boteti,Tshai,1,2022,-20.557443428501056,24.109935647962267,0,1,True,False,1
Central Boteti,Motsai,5,2022,-21.407652955951246,25.261410180768,0,1,True,False,5
Central Boteti,Maditse,22,2022,-21.23160377381195,25.482721682812436,0,1,True,False,22
Central Boteti,Moexane,5,2022,-21.502083767985923,24.92013238314268,0,1,True,False,5
Central Boteti,Xaredamo,6,2022,-21.075179825979966,25.096937460911835,0,1,True,False,6
Central Boteti,Magotho,33,2022,-21.185780376690577,25.102433366279143,0,1,True,False,33
Central Boteti,Ngaoxa,3,2022,-21.40739774059508,25.577913814276695,0,1,True,False,3
Central Boteti,Mopipi Cattle Post,20,2022,-20.658295314282423,24.4688796759379,0,1,True,False,20
Central Boteti,Tjai Gate,2,2022,-21.300470253391556,24.164606163980174,0,1,True,False,2
Central Boteti,Thai,6,2022,-21.36065382318673,24.771360500990898,0,1,True,False,6
Central Boteti,Utsha,2,2022,-21.568752821989438,24.79534143616622,0,1,True,False,2
Central Boteti,Matshana,23,2022,-21.11721026584187,24.19024461806974,0,1,True,False,23
Central Boteti,Mankgare,22,2022,-21.31642754535333,24.93133276741674,0,1,True,False,22
Central Boteti,Mopipi Lands,25,2022,-21.21919490655148,23.911333726143017,0,1,True,False,25
Central Boteti,Gwii,21,2022,-21.41462675002205,25.466988969171243,0,1,True,False,21
Central Boteti,Xhago Gate,2,2022,-20.641615631770833,24.33781924621627,0,1,True,False,2
Central Boteti,Matsogo,4,2022,-20.396954271526074,23.95464728766349,0,1,True,False,4
Central Boteti,Tsibi,7,2022,-21.03053267729855,24.071616808898707,0,1,True,False,7
Central Boteti,Soisane,8,2022,-20.81781082997201,24.296396129046435,0,1,True,False,8
Central Boteti,Kaokare,7,2022,-20.489088120063116,24.353710336395864,0,1,True,False,7
Central Boteti,Daukudi,2,2022,-20.29602918938449,23.943152491944694,0,1,True,False,2
Central Boteti,Jiboi,20,2022,-20.861042378220777,24.362988722588458,0,1,True,False,20
Central Boteti,Xhumo Lands,1,2022,-20.455937524532064,24.21583762424002,0,1,True,False,1
Central Boteti,Makolwane / Xinxdoroga / Kwejena,4,2022,-20.428327491065215,24.532027004909693,0,1,True,False,4
Central Boteti,Bietsao,6,2022,-20.600123116017585,24.543175436588733,0,1,True,False,6
Central Boteti,Xaagadumo,5,2022,-21.08478919234656,24.46457050131783,0,1,True,False,5
Central Boteti,Jubui,8,2022,-21.641684883782407,24.445696022786766,0,1,True,False,8
Central Boteti,Xhoa,8,2022,-21.73751014444703,24.040082598240023,0,1,True,False,8
Central Boteti,Xungoroga,13,2022,-21.060932398570383,23.9302020003622,0,1,True,False,13
Central Boteti,Gudiko,35,2022,-21.03583702020271,24.231457399450445,0,1,True,False,35
Central Boteti,Nkoyaletswai,19,2022,-21.163341385859823,25.175764176959206,0,1,True,False,19
Central Boteti,Ruthuwe,5,2022,-20.927541168417477,25.574511133561693,0,1,True,False,5
Central Boteti,Golabone,1,2022,-20.951009968104675,25.468449652981622,0,1,True,False,1
Central Boteti,Mmoro,12,2022,-20.533899388568724,24.745906056158155,0,1,True,False,12
Central Boteti,Kaungabe,12,2022,-21.601355048860903,24.79291320752713,0,1,True,False,12
Central Boteti,Guutshaa,26,2022,-21.43049232504215,24.422975662279757,0,1,True,False,26
Central Boteti,Xagadomo,50,2022,-20.59784511698305,25.205206991267293,0,1,True,False,50
Central Boteti,Xhamxao,60,2022,-20.51744106166178,25.189569868746748,0,1,True,False,60
Central Boteti,Yokae,32,2022,-20.301902638575914,25.32497551227999,0,1,True,False,32
Central Boteti,Ganxadio,13,2022,-20.480671514882406,25.412217834417028,0,1,True,False,13
Central Boteti,Xhorodomo,7,2022,-20.455762233403316,24.62692564781789,0,1,True,False,7
Central Boteti,Xoaem,14,2022,-21.299735349974018,25.193178067418383,0,1,True,False,14
Central Boteti,Tshoswane,10,2022,-21.171700823091136,25.260481267291926,0,1,True,False,10
Central Boteti,Abatsapaa,17,2022,-21.36757397250387,24.41255072195897,0,1,True,False,17
Central Boteti,Xalau,10,2022,-20.871625326274554,25.469669032473192,0,1,True,False,10
Central Boteti,Mogotho,7,2022,-20.38404723753001,24.047933258015018,0,1,True,False,7
Central Boteti,Xwiatsaro,5,2022,-21.255314564682415,25.58040209981357,0,1,True,False,5
Central Boteti,Xhaitsharo,5,2022,-20.94391406909537,25.198653082138375,0,1,True,False,5
Central Boteti,Lebunyana,70,2022,-21.326200925693403,24.046110159258692,0,1,True,False,70
Central Boteti,Ootsha,3,2022,-21.51169673325902,25.004761343165043,0,1,True,False,3
Central Boteti,Iyokae 2,4,2022,-21.4744720138977,23.945484435281518,0,1,True,False,4
Central Boteti,Maleta,16,2022,-21.675717453348245,25.19881695246951,0,1,True,False,16
Central Boteti,Lephane,6,2022,-20.36866765949082,25.24826172883477,0,1,True,False,6
Central Boteti,Gamxidi,20,2022,-21.169914816954233,24.913113371784362,0,1,True,False,20
Central Boteti,Farm 4B,27,2022,-20.5375538111113,25.34641142418689,0,1,True,False,27
Central Boteti,Tujena,14,2022,-20.761603175814127,24.053964480212283,0,1,True,False,14
Central Boteti,Letalolantshwe,11,2022,-21.479258798856982,24.35714619213446,0,1,True,False,11
Central Boteti,Metsiapula,11,2022,-21.503393723634836,24.592575617969725,0,1,True,False,11
Central Boteti,Noko Ranch,8,2022,-20.570008612998176,23.959581798711913,0,1,True,False,8
Central Boteti,Xharogo,2,2022,-21.372520630051987,24.65053921120319,0,1,True,False,2
Central Boteti,Tshabankwe,9,2022,-20.421469352034197,24.338907690144968,0,1,True,False,9
Central Boteti,Vaaka Farm,19,2022,-21.555313396003854,24.556061597407833,0,1,True,False,19
Central Boteti,Xhaakae,3,2022,-20.76691270818794,24.61117976996706,0,1,True,False,3
Central Boteti,Gidon,3,2022,-20.566363684509014,25.38481365272151,0,1,True,False,3
Central Boteti,Xhaetsha,27,2022,-21.415713148693396,24.347639231892106,0,1,True,False,27
Central Boteti,Kedia Gate,1,2022,-21.355663703618742,25.409218299028364,0,1,True,False,1
Central Boteti,Xhararekho,1,2022,-20.346341582856514,24.612658436560505,0,1,True,False,1
Central Boteti,Xhaago Gate,1,2022,-21.372687951058133,24.445498211415376,0,1,True,False,1
Central Boteti,Mosung,3,2022,-21.130209160909867,24.742998718571833,0,1,True,False,3
Central Boteti,Osa,25,2022,-21.126457379474818,24.598647687481552,0,1,True,False,25
Central Boteti,Kweekodi,21,2022,-21.38964342160661,24.32555516445535,0,1,True,False,21
Central Boteti,Habe,6,2022,-20.623087121416898,24.743283568608728,0,1,True,False,6
Central Boteti,Tsoe,71,2022,-20.62886719117169,24.14578113522528,0,1,True,False,71
Central Boteti,Zaoga,11,2022,-21.20593130021061,24.486575461374947,0,1,True,False,11
Central Boteti,Sukwane 2,0,2022,-20.53608025322978,24.850753848767752,0,1,True,False,0
Central Boteti,Phukalanche/ Guz,9,2022,-21.448239456145597,24.591265631206603,0,1,True,False,9
Central Boteti,Ngabetsoro,1,2022,-21.754373122511083,25.29030488138618,0,1,True,False,1
Central Boteti,Seokwane 3,69,2022,-20.923142030632874,24.324447353283006,0,1,True,False,69
Central Boteti,Mochaba,18,2022,-20.302997200497916,25.538685626159747,0,1,True,False,18
Central Boteti,Herero,0,2022,-21.704019988821912,25.22356843486735,0,1,True,False,0
Central Boteti,Ngabetsha,32,2022,-21.45568403266383,25.534975812110574,0,1,True,False,32
Central Boteti,Quakhara (Skiner),14,2022,-20.999764060037645,25.31452697648943,0,1,True,False,14
Central Boteti,Sukwane 1,1,2022,-20.57301096253639,24.129266933254247,0,1,True,False,1
Central Boteti,Kamdau,3,2022,-21.630118118850074,24.783779359140553,0,1,True,False,3
Central Boteti,Ditawane,15,2022,-21.181125179828957,24.176734024173882,0,1,True,False,15
Central Boteti,Xhixho 2,0,2022,-20.66519446992715,25.280623994241903,0,1,True,False,0
Central Boteti,Nakalaphala,2,2022,-21.21586569931633,24.88203904060125,0,1,True,False,2
Central Boteti,Ramosanga,20,2022,-21.483782182761455,24.335903568432087,0,1,True,False,20
Central Boteti,Matlopi,9,2022,-21.474017001597158,25.47027649745157,0,1,True,False,9
Central Boteti,Phefodiafoka,23,2022,-21.159402120136313,24.08342902646779,0,1,True,False,23
Central Boteti,Pelotshweu,4,2022,-21.057682266348586,24.84747100962323,0,1,True,False,4
Central Boteti,Xhixho,6,2022,-20.49694474488946,25.115126539730873,0,1,True,False,6
Central Boteti,Seokwane,4,2022,-20.818904751974777,23.98749299725265,0,1,True,False,4
Central Boteti,Seokwane 2,27,2022,-20.748299524349285,24.90535808182618,0,1,True,False,27
Central Boteti,Guitshaa,2,2022,-20.319260169326206,25.27666286178779,0,1,True,False,2
Central Boteti,Lenganeng,5,2022,-21.1567704870721,24.002271913176216,0,1,True,False,5
Central Boteti,Xamagore,6,2022,-21.16921859028996,24.759569310638053,0,1,True,False,6
Central Boteti,Gongwane,1,2022,-20.40671501354803,24.32757284752593,0,1,True,False,1
Central Boteti,Karugai 1,2,2022,-21.400141431981044,25.01616179003319,0,1,True,False,2
Central Boteti,Twenty-ten(2010),12,2022,-20.69050489801788,24.089374314851224,0,1,True,False,12
Central Boteti,Rengee,7,2022,-20.65420056901852,25.48296714026019,0,1,True,False,7
Central Boteti,Magowa,4,2022,-21.617293223033936,25.410896407230382,0,1,True,False,4
Central Boteti,Magodi,19,2022,-21.074084640707476,24.203973120117947,0,1,True,False,19
Central Boteti,Mpaphofu,4,2022,-21.46658740667833,24.43776400916765,0,1,True,False,4
Central Boteti,Chitambe,7,2022,-21.488857519719527,24.887952845637173,0,1,True,False,7
Central Boteti,Tapaladikhudu,3,2022,-21.08054151834811,25.110054991807733,0,1,True,False,3
Central Boteti,Dodi,2,2022,-21.33627480208257,24.6410710750961,0,1,True,False,2
Central Boteti,Karogae 1,6,2022,-20.593364657173062,24.153426366340906,0,1,True,False,6
Central Boteti,Tjia,20,2022,-20.429798784992173,24.064638495767035,0,1,True,False,20
Central Boteti,Mpaleo,1,2022,-20.583598375140877,25.589761396924697,0,1,True,False,1
Central Boteti,Kangwede,10,2022,-21.370586245190278,24.662691020563685,0,1,True,False,10
Central Boteti,Karugaa,7,2022,-21.35870345258926,25.373097864989994,0,1,True,False,7
Central Boteti,Manganeng,6,2022,-21.38715997032485,24.708709450762825,0,1,True,False,6
Central Boteti,Seokwane 1,11,2022,-21.562670646933633,25.457945375527217,0,1,True,False,11
Central Boteti,Mokoboxane End Camp,4,2022,-20.376725611770286,24.03672469773402,0,1,True,False,4
Central Boteti,Gooi,80,2022,-21.171134562025227,24.08144200053978,0,1,True,False,80
Central Boteti,Nyimikwane,46,2022,-21.431208196452268,25.470333059831827,0,1,True,False,46
Central Boteti,Dopo,18,2022,-20.519150584982025,25.50074795654586,0,1,True,False,18
Central Boteti,Metsane,28,2022,-21.175317387260485,24.42320704693982,0,1,True,False,28
Central Boteti,Mande,0,2022,-21.709192621225874,24.492084182764124,0,1,True,False,0
Central Boteti,Dwaga,24,2022,-21.52322009186677,24.657749455895413,0,1,True,False,24
Central Boteti,Sebolayaphuti,1,2022,-20.823306921410563,24.595954401752987,0,1,True,False,1
Central Boteti,Morakamoxana,5,2022,-20.61265506149171,24.210905197353277,0,1,True,False,5
Central Boteti,Botepetepe,5,2022,-21.45137829701425,25.41710647380268,0,1,True,False,5
Central Boteti,Dorowa,7,2022,-20.41544196018545,24.318633447089628,0,1,True,False,7
Central Boteti,Mmamotsumi,16,2022,-20.512806949080627,25.088275280651303,0,1,True,False,16
Central Boteti,Matsaudi,8,2022,-20.516643520144434,24.001639060501333,0,1,True,False,8
Central Boteti,Kweche,14,2022,-21.42685061352345,23.953269867433132,0,1,True,False,14
Central Boteti,Mokolwane,2,2022,-21.68658234017926,25.000505547141785,0,1,True,False,2
Central Boteti,Nyomborodumo,9,2022,-20.488719674714766,24.464584323544354,0,1,True,False,9
Central Boteti,Mothubatshipi,2,2022,-21.312269495383713,25.003449690675037,0,1,True,False,2
Central Boteti,Majwemetsi,1,2022,-20.85312411047305,24.047387824749258,0,1,True,False,1
Central Boteti,Koroxana,3,2022,-20.646291320880223,25.504763917831124,0,1,True,False,3
Central Boteti,Ramasheleng,2,2022,-21.572561101344014,25.161911315382913,0,1,True,False,2
Central Boteti,Masenga,2,2022,-20.615685938730486,25.37945894577497,0,1,True,False,2
Central Boteti,Menoakwena,31,2022,-20.384478197877424,24.11967397707132,0,1,True,False,31
Central Boteti,Kaothowe,21,2022,-20.692616887978573,24.43247671070829,0,1,True,False,21
Central Boteti,Jothobe,3,2022,-21.11368943341957,24.5145269103437,0,1,True,False,3
Central Boteti,Tsoodobe,4,2022,-20.47514897096611,24.802021559382773,0,1,True,False,4
Central Boteti,Koedumo,4,2022,-20.98723684515998,24.392812406600868,0,1,True,False,4
Central Boteti,Ramatsiara,24,2022,-20.668574275493633,23.990527878259496,0,1,True,False,24
Central Boteti,Machiancha,6,2022,-20.55751841708028,24.515436616990225,0,1,True,False,6
Central Boteti,Dorokae,45,2022,-20.661855446778983,24.320747936892506,0,1,True,False,45
Central Boteti,Tshatshamo,63,2022,-21.338584093989766,24.54445864880688,0,1,True,False,63
Central Boteti,Beelangwana,3,2022,-21.587883767653114,24.222679465936793,0,1,True,False,3
Central Boteti,Hippo/valley,11,2022,-21.411193577345237,24.3332590983188,0,1,True,False,11
Central Boteti,Ngwanaakhutsana,14,2022,-21.02328426716037,24.9549056014753,0,1,True,False,14
Central Boteti,Letsiara,40,2022,-21.019762058349382,24.548260401826298,0,1,True,False,40
Central Boteti,Boitapoloso,5,2022,-20.906312474918245,24.475427472560465,0,1,True,False,5
Central Boteti,Makabenyana,1,2022,-21.18131993806755,24.796458223850273,0,1,True,False,1
Central Boteti,Jimmy Moshebe,7,2022,-20.606809937417598,25.201666877792302,0,1,True,False,7
Central Boteti,Kambaende,1,2022,-20.421662082488364,24.53244766550581,0,1,True,False,1
Central Boteti,Mpayabana,9,2022,-21.398895796429095,24.88775619348349,0,1,True,False,9
Central Boteti,MasikaMeno,0,2022,-20.68066850316561,25.53260812668696,0,1,True,False,0
Central Boteti,Tjomova,7,2022,-20.766526702696112,24.776150496729347,0,1,True,False,7
Central Boteti,Masexegubs,7,2022,-20.993640692209794,25.436557097100195,0,1,True,False,7
Central Boteti,Messi monate,2,2022,-21.484231166833013,25.238810238393782,0,1,True,False,2
Central Boteti,Mosetharobega,19,2022,-20.59457909205304,23.98727186860841,0,1,True,False,19
Central Boteti,Kangixunio,8,2022,-20.352049591037304,24.61798488624757,0,1,True,False,8
Central Boteti,Nxaem,5,2022,-20.70220497015727,25.07643345039126,0,1,True,False,5
Central Boteti,Kukejem,1,2022,-20.414760965307934,25.56753298146979,0,1,True,False,1
Central Boteti,Xaatire,12,2022,-20.31750331629714,24.667840818693115,0,1,True,False,12
Central Boteti,B5,8,2022,-21.244449044613113,24.045283494123343,0,1,True,False,8
Central Boteti,Dodene,57,2022,-20.824812575801197,24.844315183435047,0,1,True,False,57
Central Boteti,Mophane,12,2022,-21.065724355778702,24.10280395033205,0,1,True,False,12
Central Boteti,Baaswene,6,2022,-20.313920257947178,25.167028628808573,0,1,True,False,6
Central Boteti,Chaigabe B,21,2022,-21.623129645878496,24.751794005437713,0,1,True,False,21
Central Boteti,Baye,11,2022,-21.15599114742232,25.119197808582314,0,1,True,False,11
Central Boteti,Tikela,24,2022,-20.47681930912042,25.3676998677549,0,1,True,False,24
Central Boteti,Kaekorwe,9,2022,-21.344161543577993,24.95830399946615,0,1,True,False,9
Central Boteti,Padiojo,17,2022,-20.605488046437273,24.930191684998658,0,1,True,False,17
Central Boteti,Rebabedi,9,2022,-21.199383722461267,25.17222366469824,0,1,True,False,9
Central Boteti,Zanakho,3,2022,-20.32367194854711,25.321880772873715,0,1,True,False,3
Central Boteti,Gamokhoo,13,2022,-20.465101819644023,25.36717531157538,0,1,True,False,13
Central Boteti,Kudiba,2,2022,-21.31883866185284,23.94931725162447,0,1,True,False,2
Central Boteti,Mmadinotshi,5,2022,-20.631295843329042,24.83440633261102,0,1,True,False,5
Central Boteti,Tapane,15,2022,-21.266729322393033,24.255561682268056,0,1,True,False,15
Central Boteti,Thuxhu,6,2022,-20.871532296541783,25.35234681049448,0,1,True,False,6
Central Boteti,Tshimologo,3,2022,-20.795107921728054,24.9914244501791,0,1,True,False,3
Central Boteti,Zanziba,6,2022,-20.544189861597356,24.60286945509476,0,1,True,False,6
Central Boteti,Xhenejena,2,2022,-21.724832922652478,24.20759992798329,0,1,True,False,2
Central Boteti,Mpona,4,2022,-21.437853192519437,24.464597552106355,0,1,True,False,4
Central Boteti,Tsetsetwe,5,2022,-20.71674923241598,25.085729960478655,0,1,True,False,5
Central Boteti,Bogobegao,3,2022,-20.93435117691203,24.235280782349996,0,1,True,False,3
Central Boteti,Xhumoo,11,2022,-21.033944599057875,24.04664152595781,0,1,True,False,11
Central Boteti,Kudiootsha,6,2022,-21.679728554942294,25.39948741181053,0,1,True,False,6
Central Boteti,Papaya Mothose,22,2022,-21.24998429966509,25.188639520092988,0,1,True,False,22
Central Boteti,Piijena,18,2022,-20.492126512532256,24.227507791519123,0,1,True,False,18
Central Boteti,Tsaitee,12,2022,-21.715386546984124,24.385052481076066,0,1,True,False,12
Central Boteti,Pegalerusa,14,2022,-21.17936321180316,25.542599863232642,0,1,True,False,14
Central Boteti,Ramabobo,25,2022,-20.374746124815058,25.093234198812365,0,1,True,False,25
Central Boteti,Xhookai Farm,14,2022,-21.686076813762288,24.92692671053564,0,1,True,False,14
Central Boteti,Chubijena,9,2022,-20.66133797901767,24.411135395259045,0,1,True,False,9
Central Boteti,Gaaxwa,2,2022,-21.382930557558684,24.39665522549829,0,1,True,False,2
Central Boteti,Gxwabe,6,2022,-20.48991434035949,23.95458497979522,0,1,True,False,6
Central Boteti,Bonwakgomo,6,2022,-20.66667231342144,25.12779820150996,0,1,True,False,6
Central Boteti,Pelotshwana,6,2022,-20.46191196578774,23.96080322724487,0,1,True,False,6
Central Boteti,Galakwe Farm,5,2022,-21.444060501356144,23.895552463354175,0,1,True,False,5
Central Boteti,Kwee Farm,23,2022,-20.981613117945624,25.129523595216703,0,1,True,False,23
Central Boteti,Garetshaa,4,2022,-20.617985815760445,25.5030991435741,0,1,True,False,4
Central Boteti,Bioko Farm,8,2022,-21.40039928506548,25.175514909913883,0,1,True,False,8
Central Boteti,Kgori,6,2022,-21.422326617360092,24.69042764781044,0,1,True,False,6
Central Boteti,Kwiyogo,10,2022,-21.720827826174613,24.71495773457222,0,1,True,False,10
Central Boteti,Chachana,10,2022,-20.35514509431204,24.62996899140071,0,1,True,False,10
Central Boteti,Ngwaring,3,2022,-20.719536707526782,24.440110207848846,0,1,True,False,3
Central Boteti,Number 7,11,2022,-20.82871782144867,24.775697701052785,0,1,True,False,11
Central Boteti,Ebikubi,12,2022,-20.669712482502856,24.621479341896464,0,1,True,False,12
Central Boteti,Dutara,5,2022,-20.981143637960894,24.905889119563835,0,1,True,False,5
Central Boteti,Kokamane,1,2022,-21.06249674423237,25.416671722683702,0,1,True,False,1
Central Boteti,Marotobolo,39,2022,-21.10150460945474,25.581662636572368,0,1,True,False,39
Central Boteti,Ngamisane,31,2022,-20.821563590790735,24.021371373475823,0,1,True,False,31
Central Boteti,Nxwee,2,2022,-21.46516135199397,24.542350791925546,0,1,True,False,2
Central Boteti,Xhoxaa,3,2022,-20.458460819156265,24.195001966647386,0,1,True,False,3
Central Boteti,Bosobeya,10,2022,-20.57035442840572,24.486899912638314,0,1,True,False,10
Central Boteti,Dikwalo,59,2022,-21.248096008820635,24.37681305382574,0,1,True,False,59
Central Boteti,Morotobolo,2,2022,-20.91222937099583,24.184496790704625,0,1,True,False,2
Central Boteti,Khudiedom,20,2022,-21.5538882340631,25.188410829850046,0,1,True,False,20
Central Boteti,Bodumatau,3,2022,-20.334863743032617,24.73240117438905,0,1,True,False,3
Central Boteti,Katuo,1,2022,-20.43670863806883,25.45264591704607,0,1,True,False,1
Central Boteti,Nganami,5,2022,-20.40884046580474,23.94278201975648,0,1,True,False,5
Central Boteti,Subiya,10,2022,-21.2736117430869,24.001336519002205,0,1,True,False,10
Central Boteti,Khweekhudi,2,2022,-21.512672262596173,24.574007518900423,0,1,True,False,2
Central Boteti,Ngoekhudi,1,2022,-21.450149805569254,24.02398364336963,0,1,True,False,1
Central Boteti,Shumaa,21,2022,-21.628711300207648,24.334677975142892,0,1,True,False,21
Central Boteti,Kumaga Wildlife Office,10,2022,-21.584559894895712,25.56637132889032,0,1,True,False,10
Central Boteti,Leroo-la-Tau Safari Camp,28,2022,-21.656127884989232,24.2431141363934,0,1,True,False,28
Central Boteti,Palamaokuwe,14,2022,-20.309236186717772,24.224651739495823,0,1,True,False,14
Central Boteti,Tuta,8,2022,-21.65209073860736,24.864122222078837,0,1,True,False,8
Central Boteti,Kubu,7,2022,-21.566330738586952,24.735312329425852,0,1,True,False,7
Central Boteti,Ramothupe,27,2022,-20.54762236964523,24.87569776754078,0,1,True,False,27
Central Boteti,Moxhiqi,24,2022,-20.909837832413782,24.52881597055577,0,1,True,False,24
Central Boteti,Mosetlho,18,2022,-20.62510174606685,25.295158087417907,0,1,True,False,18
Central Boteti,Setshobenaga,21,2022,-20.83553403551438,24.123267049440344,0,1,True,False,21
Central Boteti,Sekgophane,356,2022,-20.467088413421457,24.616782268750516,0,1,True,False,356
Central Boteti,Ramathe,3,2022,-20.824454817441506,25.061862656478468,0,1,True,False,3
Central Boteti,Nganeo,12,2022,-20.995056339019236,25.365783469428944,0,1,True,False,12
Central Boteti,Ntebejane,2,2022,-20.71552938056047,24.516617097032796,0,1,True,False,2
Central Boteti,Xaega,14,2022,-21.104641900983598,24.85408362578477,0,1,True,False,14
Central Boteti,Xhodio,7,2022,-21.253228007751893,24.005018029553966,0,1,True,False,7
Central Boteti,Matsaodi,11,2022,-21.074933602690773,24.177313968763873,0,1,True,False,11
Central Boteti,Tsumingao,20,2022,-21.511822648850202,24.0050149941003,0,1,True,False,20
Central Boteti,Xhaago,21,2022,-20.59261492628231,25.126774813366442,0,1,True,False,21
Central Boteti,Seipone,16,2022,-21.378397753347286,24.37781255953756,0,1,True,False,16
Central Boteti,Gaeyoga,1,2022,-21.53555233227156,25.119732379761874,0,1,True,False,1
Central Boteti,Xhotuwe,15,2022,-21.399442477807362,24.000349301417213,0,1,True,False,15
Central Boteti,Churube,18,2022,-20.525897223265133,25.356096398359327,0,1,True,False,18
Central Boteti,Xaretsao,17,2022,-21.27648840536917,25.310088663759416,0,1,True,False,17
Central Boteti,Itibare,4,2022,-20.754681308653154,24.038715977965467,0,1,True,False,4
Central Boteti,Xiaiga,8,2022,-20.50487018425682,23.927735479715814,0,1,True,False,8
Central Boteti,Betsoroga,10,2022,-21.64668424178246,23.983134093850776,0,1,True,False,10
Central Boteti,Xoishaga,28,2022,-20.638875102881453,25.34091074924811,0,1,True,False,28
Central Boteti,Maipaahela,9,2022,-21.309534359403916,24.286952877436693,0,1,True,False,9
Central Boteti,Doatshaa,8,2022,-21.443037597341988,24.82092466751435,0,1,True,False,8
Central Boteti,Matopi,6,2022,-20.750499821560727,24.613123728711255,0,1,True,False,6
Central Boteti,Machana,20,2022,-20.426584887136176,25.241965508104162,0,1,True,False,20
Central Boteti,Motiangongo,10,2022,-21.32807850284357,24.719816139608376,0,1,True,False,10
Central Boteti,Manxhodai,18,2022,-20.926563897463375,24.739846332345262,0,1,True,False,18
Central Boteti,Tweku,8,2022,-21.335681791138065,25.571585881935594,0,1,True,False,8
Central Boteti,Guguga Gate,2,2022,-20.947897028515996,24.142933619597176,0,1,True,False,2
Central Boteti,Xere,6,2022,-20.84880468666127,25.30187012321167,0,1,True,False,6
Central Boteti,Kgomotshwana,5,2022,-20.86570705459819,23.975404606793944,0,1,True,False,5
Central Boteti,Pula,15,2022,-20.846334815761487,24.70065953673042,0,1,True,False,15
Central Boteti,Localities with No Affiliation,120,2022,-21.562609504766822,25.396602844979064,0,1,True,False,120
Central Boteti,Dzamugamago,18,2022,-20.743697287450242,25.020060557747946,0,1,True,False,18
Central Boteti,Motswere,9,2022,-20.771250620913307,25.0541192710262,0,1,True,False,9
Central Boteti,Epaleruswa,1,2022,-20.759757524872338,24.335678733608926,0,1,True,False,1
Central Boteti,Metsiakhudu,10,2022,-21.652071867298332,24.600063640713593,0,1,True,False,10
Central Boteti,Kaxaa,6,2022,-21.10545413929379,24.511524561411264,0,1,True,False,6
Central Boteti,Xaamaku,4,2022,-21.160888517281574,24.775236213713846,0,1,True,False,4
Central Boteti,Xaamatsha,4,2022,-21.63353553488419,24.67439969768305,0,1,True,False,4
Central Boteti,Kgokong Camp,66,2022,-21.434612452098243,24.44394966544429,0,1,True,False,66
Central Tutume,Shuzhwa,34,2022,-19.660113982278663,27.337822118937204,1,1,True,False,34
Central Tutume,Matulungundu,73,2022,-20.297302611310577,27.33407076995564,1,1,True,False,73
Central Tutume,Mphapho,44,2022,-20.983103687723606,24.512238135477048,1,1,True,False,44
Central Tutume,Bani La Mpawana,1,2022,-20.148828906236492,25.560323660956758,1,1,True,False,1
Central Tutume,Mazuwe,25,2022,-20.91396849297472,26.70415408419541,1,1,True,False,25
Central Tutume,Mengwe,6,2022,-20.59208404625889,26.68357466176797,1,1,True,False,6
Central Tutume,Maitengwe Lands,2,2022,-19.444976603134133,24.661149301129697,1,1,True,False,2
Central Tutume,Purijane,7,2022,-19.983490412528003,26.24876265963279,1,1,True,False,7
Central Tutume,Sabase,88,2022,-19.722577005532283,24.833867114819288,1,1,True,False,88
Central Tutume,Nthulawebundu,75,2022,-20.217927897317022,25.896176655773708,1,1,True,False,75
Central Tutume,Nsekesa,6,2022,-19.088545583332326,25.12743545360437,1,1,True,False,6
Central Tutume,Ntshwailo,11,2022,-21.16506881023762,24.561850740285678,1,1,True,False,11
Central Tutume,Chakale,0,2022,-21.107254447089066,24.643291062606274,1,1,True,False,0
Central Tutume,Maitengwe Veterinary Camp,1,2022,-21.57719917883975,27.16268819628067,1,1,True,False,1
Central Tutume,Maitengwe Border Post,0,2022,-20.299533935797736,26.658589598092924,1,1,True,False,0
Central Tutume,Palamaokue,31,2022,-20.135237521068223,27.226155836779448,1,1,True,False,31
Central Tutume,Jinaxhwa,23,2022,-19.823470702728976,25.825770162549972,1,1,True,False,23
Central Tutume,Moaloso,7,2022,-20.90470777609539,25.653850674222163,1,1,True,False,7
Central Tutume,Semonwane (Tshoatlhola),91,2022,-21.79953507789062,25.48742626932175,1,1,True,False,91
Central Tutume,Manganagoree,32,2022,-20.08299052702301,26.26943701694074,1,1,True,False,32
Central Tutume,Marukuru,0,2022,-19.06834084464813,25.466661865277924,1,1,True,False,0
Central Tutume,Buku,38,2022,-21.01793983308879,26.663523849457555,1,1,True,False,38
Central Tutume,Ngabejinah,17,2022,-21.32420395620202,26.830430032119544,1,1,True,False,17
Central Tutume,Manjerankwe,21,2022,-21.053330989653947,27.05641362400059,1,1,True,False,21
Central Tutume,Mothowetho,10,2022,-20.65560530753485,25.136881536314846,1,1,True,False,10
Central Tutume,Majerengwe,25,2022,-21.138757835266016,25.99870448745967,1,1,True,False,25
Central Tutume,Nata Range,20,2022,-20.872828205443852,25.078188799852867,1,1,True,False,20
Central Tutume,Kukama Hunting Safari Camp,7,2022,-20.0664411982123,24.51453178178239,1,1,True,False,7
Central Tutume,Makalamabedi,8,2022,-20.878177521653406,26.546940998586994,1,1,True,False,8
Central Tutume,Mmadinoga,46,2022,-20.736885965101813,26.06528984132048,1,1,True,False,46
Central Tutume,Xwirikatso,9,2022,-21.72263476137464,26.595765843097407,1,1,True,False,9
Central Tutume,Didibakwe,77,2022,-19.29192504217169,24.66634655778551,1,1,True,False,77
Central Tutume,Jimakando,41,2022,-20.706908753573426,27.419315359358453,1,1,True,False,41
Central Tutume,Xhongwane,0,2022,-20.924926265126793,27.415744572108096,1,1,True,False,0
Central Tutume,Tsatsomtshaa,26,2022,-21.59401857351916,25.81063902588704,1,1,True,False,26
Central Tutume,Kwagatshaa,36,2022,-20.077581295840307,27.026740619765736,1,1,True,False,36
Central Tutume,Lebate,60,2022,-19.44176257955683,25.139209151264616,1,1,True,False,60
Central Tutume,Matare,10,2022,-21.719528406580515,26.637122028347633,1,1,True,False,10
Central Tutume,Gorootshane,2,2022,-21.431249018160027,27.066666382128226,1,1,True,False,2
Central Tutume,Gamtshaa,18,2022,-21.428155332389945,26.87090704799932,1,1,True,False,18
Central Tutume,Boiphitlho,19,2022,-20.16592731245464,26.86213727794295,1,1,True,False,19
Central Tutume,Vet Gate Camp,19,2022,-19.282821415442537,25.804655855538922,1,1,True,False,19
Central Tutume,Dagwi,7,2022,-20.621403335834305,26.887049659383383,1,1,True,False,7
Central Tutume,Mujiwa,2,2022,-20.88155964701486,26.495027783073137,1,1,True,False,2
Central Tutume,Ndzonga,135,2022,-19.713055728479645,24.802276705640605,1,1,True,False,135
Central Tutume,Ngomana,16,2022,-19.777488850816535,24.74688703298335,1,1,True,False,16
Central Tutume,Mpungwana,33,2022,-21.15026691342534,26.741297142478683,1,1,True,False,33
Central Tutume,Makuthu,9,2022,-21.388184295970937,26.297203097507655,1,1,True,False,9
Central Tutume,Zwephele,3,2022,-20.84278733523024,25.975520285702856,1,1,True,False,3
Central Tutume,Chentala,0,2022,-19.686025312599654,27.151677698280167,1,1,True,False,0
Central Tutume,Phonchi,19,2022,-19.909019799680024,26.400681689044543,1,1,True,False,19
Central Tutume,Dzibalamakhiya,19,2022,-19.989893877355907,25.60186085641886,1,1,True,False,19
Central Tutume,Benijena,19,2022,-19.53699730947661,25.655789204910644,1,1,True,False,19
Central Tutume,Makutumane,49,2022,-21.066168664747263,26.235892292468822,1,1,True,False,49
Central Tutume,Mmapula,7,2022,-20.892974402576098,26.70598124565863,1,1,True,False,7
Central Tutume,Matsiro,5,2022,-21.716243984841448,26.11190133487042,1,1,True,False,5
Central Tutume,Mbomboro,15,2022,-19.42813808321017,25.943332483608817,1,1,True,False,15
Central Tutume,Senete Lands (Nsuswana),55,2022,-20.2208733308721,26.60478193690698,1,1,True,False,55
Central Tutume,Bale,6,2022,-21.008047289325358,26.53917621037096,1,1,True,False,6
Central Tutume,Matondo,11,2022,-21.64127453388182,26.918454109473135,1,1,True,False,11
Central Tutume,Phiritshwana,0,2022,-19.830536725394964,24.590325215248242,1,1,True,False,0
Central Tutume,Dzengedzi,0,2022,-19.760409982648692,26.689840238606543,1,1,True,False,0
Central Tutume,Chidumila,10,2022,-19.98899418638575,25.95849231090789,1,1,True,False,10
Central Tutume,Senete Vet Camp,12,2022,-21.26925406693901,24.627140495278763,1,1,True,False,12
Central Tutume,Chidumila Vet Camp,4,2022,-19.30501134373277,26.459566540686378,1,1,True,False,4
Central Tutume,Changate Lands,2,2022,-19.748170760100102,26.573366522837926,1,1,True,False,2
Central Tutume,Karana,83,2022,-20.01231344112747,25.988410441426968,1,1,True,False,83
Central Tutume,Gwemazhani,0,2022,-20.031175219577314,26.807632692602006,1,1,True,False,0
Central Tutume,Nsuswane,188,2022,-19.32953785273287,25.3110744216847,1,1,True,False,188
Central Tutume,Thonongola,15,2022,-19.2632280516944,25.01288251952592,1,1,True,False,15
Central Tutume,Xhobo,7,2022,-20.184304663983493,25.464158958292664,1,1,True,False,7
Central Tutume,Madikwe Lands,34,2022,-20.67982090175273,25.64402023777992,1,1,True,False,34
Central Tutume,Chenkwakwa,71,2022,-20.8263854539667,26.51088265941112,1,1,True,False,71
Central Tutume,Kaego,52,2022,-19.565653011388477,26.964462384672682,1,1,True,False,52
Central Tutume,Thabatsane,97,2022,-20.048725122176407,26.586641600747694,1,1,True,False,97
Central Tutume,Banijena,47,2022,-21.61954129686344,24.92822377427494,1,1,True,False,47
Central Tutume,Magapatona,4,2022,-21.439794613952746,25.51110733239263,1,1,True,False,4
Central Tutume,Tenene/Bayanga,30,2022,-19.341088504415616,24.881000339086615,1,1,True,False,30
Central Tutume,Makhubola,23,2022,-19.384523828420846,26.48295765945331,1,1,True,False,23
Central Tutume,Matombomashaba,90,2022,-19.198092522328473,25.153167469769976,1,1,True,False,90
Central Tutume,Chadibaye,6,2022,-20.648862057017443,25.993746443240557,1,1,True,False,6
Central Tutume,Nfuniwangina,1,2022,-19.662608634457055,26.801661829940688,1,1,True,False,1
Central Tutume,Mothala,6,2022,-19.54032958142369,26.435094184777743,1,1,True,False,6
Central Tutume,Mpesukwe,11,2022,-20.959387717535748,25.305391670592563,1,1,True,False,11
Central Tutume,Selolwane Lands,2,2022,-21.43106837474154,25.409981548621133,1,1,True,False,2
Central Tutume,Donjani,17,2022,-19.072962237422434,26.38180283067345,1,1,True,False,17
Central Tutume,Mapontela,4,2022,-21.74980182136708,26.06676494517781,1,1,True,False,4
Central Tutume,Tshaathoka,1,2022,-20.179601953755043,24.692940935330828,1,1,True,False,1
Central Tutume,Ntobgwe,13,2022,-20.033200967557587,27.050794894768156,1,1,True,False,13
Central Tutume,Chilokoti,0,2022,-19.945772213736273,25.955013731305907,1,1,True,False,0
Central Tutume,Mangole,0,2022,-21.125703728907535,25.83599204496471,1,1,True,False,0
Central Tutume,Lekhubu,7,2022,-19.83560423998151,25.002367114398435,1,1,True,False,7
Central Tutume,Gumte,7,2022,-21.234316440361503,25.543784836715574,1,1,True,False,7
Central Tutume,Pitawaago,11,2022,-19.538077961693574,25.409854533783125,1,1,True,False,11
Central Tutume,Mahume,5,2022,-21.22679346156156,25.221586047338825,1,1,True,False,5
Central Tutume,Dinonyane,13,2022,-19.904471755643844,26.12115953562146,1,1,True,False,13
Central Tutume,Khudutshikaraa,70,2022,-19.664401178405065,25.802377828876597,1,1,True,False,70
Central Tutume,Mokgalo,112,2022,-21.310328964973817,27.096903229748637,1,1,True,False,112
Central Tutume,Gagaga,45,2022,-21.174547816259132,27.25502262348978,1,1,True,False,45
Central Tutume,Kolobetshaa,38,2022,-19.676333756209132,25.066147257888005,1,1,True,False,38
Central Tutume,Xoojiba,25,2022,-21.595362035277496,24.70419638395451,1,1,True,False,25
Central Tutume,Guba,0,2022,-21.305303138945543,26.78197572773504,1,1,True,False,0
Central Tutume,Mosetse,0,2022,-20.572223447733922,27.417299609370886,1,1,True,False,0
Central Tutume,Kombani,0,2022,-19.258037226243346,27.01928544901365,1,1,True,False,0
Central Tutume,Setabanna,48,2022,-20.277776239662657,24.472509902534284,1,1,True,False,48
Central Tutume,Nswazwi Lands,9,2022,-20.76009105919626,25.162542122568013,1,1,True,False,9
Central Tutume,Nshakashokwe Lands,323,2022,-19.124616274183296,24.532077622686,1,1,True,False,323
Central Tutume,Phanga,36,2022,-20.549574030590257,26.889443388107402,1,1,True,False,36
Central Tutume,Sebina Lands,291,2022,-20.632570761482572,26.16361193150192,1,1,True,False,291
Central Tutume,Sebinanyana,2,2022,-20.69373409077165,25.958365230927352,1,1,True,False,2
Central Tutume,Sebina lands 2,8,2022,-20.969124921410515,26.081871902336683,1,1,True,False,8
Central Tutume,Mafongo Lands,14,2022,-20.93170610109754,25.166143522803786,1,1,True,False,14
Central Tutume,Mathangwane Lands,162,2022,-19.92902764301668,26.224958107138825,1,1,True,False,162
Central Tutume,Mphatane,160,2022,-21.720407766544444,24.49364324010705,1,1,True,False,160
Central Tutume,Mathangwane Lands 2,20,2022,-19.94569639540056,26.359508191740925,1,1,True,False,20
Central Tutume,Mosu,247,2022,-21.276387655449973,26.627624089581666,1,1,True,False,247
Central Tutume,Mphane,63,2022,-20.769698164791585,26.44142240853612,1,1,True,False,63
Central Tutume,Kgoronyane,67,2022,-21.42774239203536,25.40770970619931,1,1,True,False,67
Central Tutume,Bokololo,1,2022,-20.3030459687327,26.906070720348442,1,1,True,False,1
Central Tutume,Lobakwe,76,2022,-19.814087790342324,26.57034582774755,1,1,True,False,76
Central Tutume,Maotakgang,88,2022,-20.85152121103855,24.789680606598715,1,1,True,False,88
Central Tutume,Shoroojena,131,2022,-21.381012658268016,24.992375574410232,1,1,True,False,131
Central Tutume,Mosupe,40,2022,-21.206335482072713,26.33251133236621,1,1,True,False,40
Central Tutume,Molonda/Japane,197,2022,-19.56832740173567,25.278229414404187,1,1,True,False,197
Central Tutume,Chadibe,10,2022,-21.092420705992915,24.7628017897427,1,1,True,False,10
Central Tutume,Matsitama Lands,50,2022,-19.688519393220908,24.870555165191917,1,1,True,False,50
Central Tutume,Baswabile,9,2022,-20.916465292000556,24.902842886498476,1,1,True,False,9
Central Tutume,Tshobambaa,3,2022,-21.310919250023357,25.84942448800918,1,1,True,False,3
Central Tutume,Separamdala,45,2022,-19.819741244000028,26.242384571296164,1,1,True,False,45
Central Tutume,Mmalegong,7,2022,-20.536190698000755,24.93554574067498,1,1,True,False,7
Central Tutume,Potokwa,49,2022,-21.74687236075089,26.561105459351836,1,1,True,False,49
Central Tutume,Matakana,93,2022,-19.17563810597955,25.252748015806535,1,1,True,False,93
Central Tutume,Pijane,85,2022,-21.42437983098416,25.345368999307905,1,1,True,False,85
Central Tutume,Jamane,59,2022,-20.854978261201314,25.078352553283676,1,1,True,False,59
Central Tutume,Mmapatse,125,2022,-20.768073932712714,26.781577245972613,1,1,True,False,125
Central Tutume,Peter Marago,11,2022,-20.47836588186746,27.311027419204684,1,1,True,False,11
Central Tutume,Palamaokuwe,7,2022,-19.658779146714444,25.894025338657627,1,1,True,False,7
Central Tutume,Naka-la-Kgongwana,54,2022,-21.81660858687173,24.528100445777405,1,1,True,False,54
Central Tutume,Zezepa,84,2022,-19.251696467639654,25.19075931663687,1,1,True,False,84
Central Tutume,Shalakwe,25,2022,-20.044892849978595,24.879898360088426,1,1,True,False,25
Central Tutume,Kgalaphuduhudu,1,2022,-19.20136952104742,26.956100554709977,1,1,True,False,1
Central Tutume,Dibe,29,2022,-19.570330257394403,24.657950551752624,1,1,True,False,29
Central Tutume,Samsongwe,11,2022,-19.264526356387837,27.331229351873816,1,1,True,False,11
Central Tutume,Tsarotsaro,9,2022,-20.169455532601248,26.18516136335316,1,1,True,False,9
Central Tutume,Bolelakgomo,1,2022,-20.844174612130686,25.97055856134053,1,1,True,False,1
Central Tutume,Matsitama Mine,4,2022,-20.607156231066714,26.970013435766262,1,1,True,False,4
Central Tutume,Mbonde,4,2022,-20.01154930488247,24.484184641065728,1,1,True,False,4
Central Tutume,Borolong Lands,28,2022,-20.651406828726834,26.757157549876165,1,1,True,False,28
Central Tutume,Mashambo,20,2022,-19.807657834155826,24.754223935282084,1,1,True,False,20
Central Tutume,Kooxapei,6,2022,-21.579167540262546,26.95008405261585,1,1,True,False,6
Central Tutume,Dhxerekaree,10,2022,-19.53545210551628,26.005236419730963,1,1,True,False,10
Central Tutume,Dzerogoree,11,2022,-21.26812533750032,24.586012224330133,1,1,True,False,11
Central Tutume,Marudaa,12,2022,-19.2199236077093,26.92724210426942,1,1,True,False,12
Central Tutume,Hondegoree,32,2022,-21.402804810790087,24.48347660326461,1,1,True,False,32
Central Tutume,Dukwigoretsooree,28,2022,-21.475848665355056,24.82022535100069,1,1,True,False,28
Central Tutume,Tsoogoree,3,2022,-19.585595513820042,26.819839062409248,1,1,True,False,3
Central Tutume,Xwaatibee,2,2022,-19.5666968641619,25.81024877328224,1,1,True,False,2
Central Tutume,Tumbe,12,2022,-19.788036766279156,27.073224626839743,1,1,True,False,12
Central Tutume,Bahumi,1,2022,-19.17400996230756,26.32741979754749,1,1,True,False,1
Central Tutume,Senthumole,11,2022,-21.084416567394282,26.291334724278318,1,1,True,False,11
Central Tutume,Marulamabedi,6,2022,-19.544693917110553,25.28677717916136,1,1,True,False,6
Central Tutume,Semowane,10,2022,-20.858761598766517,24.806003692887703,1,1,True,False,10
Central Tutume,Njutshaa,121,2022,-20.34555285464389,27.315146875331475,1,1,True,False,121
Central Tutume,Nfutshaa,1,2022,-20.599719482564684,24.718424382558208,1,1,True,False,1
Central Tutume,Tshwaane,143,2022,-21.81727379652263,26.00473422482927,1,1,True,False,143
Central Tutume,Tsiagakee,8,2022,-20.242933397336007,25.227143840481173,1,1,True,False,8
Central Tutume,Malelejwe,214,2022,-19.763820053300655,25.201588451909604,1,1,True,False,214
Central Tutume,Kwadiba,3,2022,-21.350180484395036,26.20357438799791,1,1,True,False,3
Central Tutume,Kgwana,5,2022,-19.253956285630547,26.82017137433093,1,1,True,False,5
Central Tutume,Xoosha,2,2022,-20.364931518431334,26.75723861168704,1,1,True,False,2
Central Tutume,Mhatane,12,2022,-21.339953804743434,27.035057939618298,1,1,True,False,12
Central Tutume,Njukuree/Bushman mine,2,2022,-20.04500883060444,25.288801590271802,1,1,True,False,2
Central Tutume,Komtsia,8,2022,-21.302086536179807,25.81291791492375,1,1,True,False,8
Central Tutume,Dukwi Vet Gate+Quarantine,11,2022,-21.657563550174075,24.428958544951236,1,1,True,False,11
Central Tutume,Water Util/Dukwi Refugee Camp,24,2022,-19.93600990507366,26.66529585002991,1,1,True,False,24
Central Tutume,Geo Research Camp,0,2022,-21.526985427406977,25.317426947901858,1,1,True,False,0
Central Tutume,Hobona Lands,143,2022,-21.53938228954733,26.103229851907255,1,1,True,False,143
Central Tutume,Madiphala,4,2022,-19.78475817898886,24.91401088624699,1,1,True,False,4
Central Tutume,Xamma,18,2022,-21.68063025842302,26.8852593093194,1,1,True,False,18
Central Tutume,Tsampana,21,2022,-19.591429063664407,26.878808889645512,1,1,True,False,21
Central Tutume,Kaixhao,18,2022,-19.629140493683895,27.06129041934261,1,1,True,False,18
Central Tutume,Matsiara,79,2022,-21.44198907715711,24.539945402925927,1,1,True,False,79
Central Tutume,Gabeaxwe,2,2022,-20.39820872989707,27.410014096164957,1,1,True,False,2
Central Tutume,Tsonagoree,12,2022,-21.565939944883667,25.151977430508232,1,1,True,False,12
Central Tutume,Makgaba,255,2022,-20.082044495787304,25.338927177542296,1,1,True,False,255
Central Tutume,Jabara,41,2022,-21.659234030027903,25.15669653011596,1,1,True,False,41
Central Tutume,Daumagoree,7,2022,-19.218447184903244,25.211873871369853,1,1,True,False,7
Central Tutume,Gooratshimologo,21,2022,-21.258318188291355,26.07644868583409,1,1,True,False,21
Central Tutume,Xaotshaa Gate,2,2022,-19.942711884499435,25.127814007322616,1,1,True,False,2
Central Tutume,Tonota Molapo,63,2022,-21.47826514508727,25.594658002253713,1,1,True,False,63
Central Tutume,Gulushabe,334,2022,-21.253152510466823,26.38860198066204,1,1,True,False,334
Central Tutume,Makhubu,69,2022,-20.58490776725136,26.93567522719588,1,1,True,False,69
Central Tutume,Seswe/Masoko,6,2022,-20.24671564342981,26.50120348112974,1,1,True,False,6
Central Tutume,Ramogakamme,7,2022,-19.06787639407145,26.20277577668093,1,1,True,False,7
Central Tutume,Rakhale,8,2022,-21.76168796338302,24.848600536008217,1,1,True,False,8
Central Tutume,Patikwane,68,2022,-21.832600453125792,26.875301762114717,1,1,True,False,68
Central Tutume,Gobosholo,63,2022,-20.863394909444747,24.513679921794466,1,1,True,False,63
Central Tutume,Bonwantsa,23,2022,-20.81967848589799,25.20174309443699,1,1,True,False,23
Central Tutume,Tlapa-la-Dipoo,107,2022,-19.3863537232498,24.573669588511848,1,1,True,False,107
Central Tutume,Mabole,65,2022,-19.306765371723476,26.424450160349547,1,1,True,False,65
Central Tutume,Makomoto,200,2022,-19.395524515904945,25.517638742659283,1,1,True,False,200
Central Tutume,Poditshaa,3,2022,-21.437045980021757,26.377813016082843,1,1,True,False,3
Central Tutume,Thakadiawa,99,2022,-20.692459034431085,25.452930644636247,1,1,True,False,99
Central Tutume,Dulumachina,12,2022,-19.768307423976953,25.78256334892996,1,1,True,False,12
Central Tutume,Rrapereku,1,2022,-20.967931606960924,25.789295739973166,1,1,True,False,1
Central Tutume,Malote,33,2022,-19.99713601446564,24.538864888728376,1,1,True,False,33
Central Tutume,Kopametsi,34,2022,-21.176883594682568,25.705198489302564,1,1,True,False,34
Central Tutume,Tapeng,19,2022,-20.938006516875078,26.344506670575722,1,1,True,False,19
Central Tutume,Thanasanku,100,2022,-19.45116329180358,26.056408363960575,1,1,True,False,100
Central Tutume,Tholotsane,124,2022,-21.139876110400884,24.628931468770713,1,1,True,False,124
Central Tutume,Masikiya,21,2022,-19.16350639903023,26.42635139731097,1,1,True,False,21
Central Tutume,Tshethae,26,2022,-20.98551729073259,25.337195984748437,1,1,True,False,26
Central Tutume,Majwana Mantshonyana,1,2022,-21.76832773415168,24.444423598726225,1,1,True,False,1
Central Tutume,Rutwang,1,2022,-21.127716161803864,24.87245504927089,1,1,True,False,1
Central Tutume,Mabole 2,66,2022,-21.359448685803052,25.909367827026017,1,1,True,False,66
Central Tutume,Morotole,44,2022,-20.43019789190089,25.341862291355767,1,1,True,False,44
Central Tutume,Maphanephane,2,2022,-21.521389293083267,26.506180922644887,1,1,True,False,2
Central Tutume,Sasao,17,2022,-20.100103179517788,25.13036996625435,1,1,True,False,17
Central Tutume,Legotho,44,2022,-19.411101197589268,26.743947407546955,1,1,True,False,44
Central Tutume,Masalesa,25,2022,-20.82974974615696,25.269317844306723,1,1,True,False,25
Central Tutume,Maisale,53,2022,-21.366958131364914,26.283253697457567,1,1,True,False,53
Central Tutume,Tshipeng,14,2022,-20.725904993121873,26.824059487039893,1,1,True,False,14
Central Tutume,Mpapaleke,1,2022,-19.657331650843147,25.569747703289046,1,1,True,False,1
Central Tutume,Kaisara,0,2022,-20.195794234293512,24.542577208306298,1,1,True,False,0
Central Tutume,Maphanephnae,3,2022,-21.553431537244904,26.024246365983807,1,1,True,False,3
Central Tutume,Maipafela,21,2022,-20.34613836395426,27.418960232459895,1,1,True,False,21
Central Tutume,Sekao,4,2022,-20.537463344777876,27.338857300008467,1,1,True,False,4
Central Tutume,Bareng,10,2022,-20.927781558039456,25.07084346407674,1,1,True,False,10
Central Tutume,Kautshane,6,2022,-21.528464730962128,26.69209735968197,1,1,True,False,6
Central Tutume,Tsitsirwane,6,2022,-19.11702517714685,25.446626258144263,1,1,True,False,6
Central Tutume,Gaswe/Gonga,24,2022,-21.346052466392106,24.886636541768134,1,1,True,False,24
Central Tutume,Seswe,118,2022,-21.299815663066248,26.419858534863796,1,1,True,False,118
Central Tutume,Gonga,27,2022,-21.430390085903472,25.919401685126765,1,1,True,False,27
Central Tutume,Moshamo,75,2022,-20.254753585646625,26.0357234561486,1,1,True,False,75
Central Tutume,Tweetwee,105,2022,-20.605064415007618,26.909496370032386,1,1,True,False,105
Central Tutume,Madibeng,8,2022,-21.14251154872143,25.42113082070509,1,1,True,False,8
Central Tutume,Ntsorogwane,2,2022,-20.644508443646206,26.423436741483187,1,1,True,False,2
Central Tutume,Majwana-aga-Kemiso,12,2022,-19.968662763047675,25.51102965329368,1,1,True,False,12
Central Tutume,Kgari,25,2022,-21.05351490701742,24.530202552756386,1,1,True,False,25
Central Tutume,Foley Siding,4,2022,-19.299391579582093,25.546881614873175,1,1,True,False,4
Central Tutume,Chamane,26,2022,-20.985277306584123,27.28137415025808,1,1,True,False,26
Central Tutume,Mohawana,2,2022,-21.28476439384147,25.866015546275513,1,1,True,False,2
Central Tutume,Diolo Matshena,50,2022,-19.19051891051367,24.728833252798545,1,1,True,False,50
Central Tutume,Bojakgosi,13,2022,-19.58923779522017,26.486301083358985,1,1,True,False,13
Central Tutume,Mmadikae,13,2022,-20.88341144631565,27.32183887545894,1,1,True,False,13
Central Tutume,Sasao Vet Camp,3,2022,-19.5037632936002,27.15375009109315,1,1,True,False,3
Central Tutume,Tshethae Vet Camp,2,2022,-20.39700819816941,26.13496909534446,1,1,True,False,2
Central Tutume,Thakadiawa Vet Camp,3,2022,-20.87340279445967,25.54162263259371,1,1,True,False,3
Central Tutume,Seswe Vet Camp,0,2022,-19.508803128356018,26.161400504750766,1,1,True,False,0
Central Tutume,Motloutse Vet Camp,0,2022,-19.750919988439616,26.87474219693924,1,1,True,False,0
Central Tutume,Dibongwane,16,2022,-21.008732412430643,27.01212112187659,1,1,True,False,16
Central Tutume,Saanyaneng,5,2022,-20.153734714307607,26.88357453670736,1,1,True,False,5
Central Tutume,Tapeng La Basadi,13,2022,-20.81072477375135,25.781761772573255,1,1,True,False,13
Central Tutume,Vee,75,2022,-21.830558359389205,24.76105840514057,1,1,True,False,75
Central Tutume,Mandunyane Lands,97,2022,-19.170451360523906,26.12651703223984,1,1,True,False,97
Central Tutume,Bodibeng,27,2022,-20.31168989265594,24.874981715941125,1,1,True,False,27
Central Tutume,Makalaadikgabo,18,2022,-20.176565521598675,24.585493505920095,1,1,True,False,18
Central Tutume,Guruguru,6,2022,-20.172526414287393,25.912728068554493,1,1,True,False,6
Central Tutume,Fsweke,2,2022,-20.308886860487966,26.387895070314535,1,1,True,False,2
Central Tutume,Sepalola,74,2022,-21.03040335016587,26.990622524462736,1,1,True,False,74
Central Tutume,Leriba/Siemaxwe,10,2022,-19.143427376769818,26.774389103260194,1,1,True,False,10
Central Tutume,Dimotswe,23,2022,-20.112231556195603,27.000001828274247,1,1,True,False,23
Central Tutume,Caarong,0,2022,-19.975862850337105,26.705355048739914,1,1,True,False,0
Central Tutume,Natale Lands,63,2022,-20.574267191520477,26.53303548676251,1,1,True,False,63
Central Tutume,Tlapeng,1,2022,-21.036457050282348,24.431393410862796,1,1,True,False,1
Central Tutume,Mogobewabasadi,48,2022,-21.655305270395022,26.299138334630307,1,1,True,False,48
Central Tutume,Majwana Mantsho,5,2022,-20.863773945094238,24.765982179519344,1,1,True,False,5
Central Tutume,Mogobe wa noga,21,2022,-21.345902651492572,24.578546062671304,1,1,True,False,21
Central Tutume,Kunkuru,7,2022,-20.000319403969545,24.874931150742874,1,1,True,False,7
Central Tutume,Foley East,32,2022,-19.39973602598355,26.897062720812034,1,1,True,False,32
Central Tutume,Foley West,3,2022,-20.995220908271214,26.656174213691497,1,1,True,False,3
Central Tutume,Mankgai,9,2022,-20.911804893945863,27.277547303918183,1,1,True,False,9
Central Tutume,Masiloanoka,2,2022,-19.977404642939455,27.369132243838756,1,1,True,False,2
Central Tutume,Cimanxe,3,2022,-21.42017691061605,27.109293822150818,1,1,True,False,3
Central Tutume,Makomoto Vet Camp,1,2022,-19.260098560385533,24.803715960775833,1,1,True,False,1
Central Tutume,Majwana a dipela,107,2022,-20.826073135809942,27.064109863366728,1,1,True,False,107
Central Tutume,Makubandundu,26,2022,-21.55327584368581,26.943592163308768,1,1,True,False,26
Central Tutume,Jamakala,44,2022,-21.349816058848013,27.04198406358479,1,1,True,False,44
Central Tutume,Mooke,118,2022,-19.250937764022957,24.860599223732287,1,1,True,False,118
Central Tutume,Shashe-Mooke Cattle Post,1,2022,-21.149261447282584,24.754793333553604,1,1,True,False,1
Central Tutume,Gooratiro,21,2022,-19.999819547542558,27.2018522275146,1,1,True,False,21
Central Tutume,Kanana -Kopi,4,2022,-21.401089786650218,24.92773585882517,1,1,True,False,4
Central Tutume,Junah 1,9,2022,-21.29605349212286,25.518398765654112,1,1,True,False,9
Central Tutume,Junar,17,2022,-19.39908721532644,25.783303572226824,1,1,True,False,17
Central Tutume,Taudiabopa,9,2022,-21.423605206106792,24.777991992833055,1,1,True,False,9
Central Tutume,Moreomabele,43,2022,-21.78155546297862,24.463221845298065,1,1,True,False,43
Central Tutume,Gweta Lands,24,2022,-20.44568561636464,27.41496196287053,1,1,True,False,24
Central Tutume,Mokolwane,40,2022,-19.444803037592756,27.058877767534177,1,1,True,False,40
Central Tutume,Gozoba,58,2022,-20.930885900933852,27.16706970250109,1,1,True,False,58
Central Tutume,Botshabelo,6,2022,-21.478622738447854,25.263513821849788,1,1,True,False,6
Central Tutume,Ngaidzo,12,2022,-19.113927248486778,25.068051931621184,1,1,True,False,12
Central Tutume,Kwanambe,47,2022,-19.95975633351022,25.6919780760966,1,1,True,False,47
Central Tutume,Kaidobe,35,2022,-19.478128118318597,25.775221230238074,1,1,True,False,35
Central Tutume,Xhooga,30,2022,-19.75099417559547,24.417632769708998,1,1,True,False,30
Central Tutume,Senagoree,22,2022,-19.900218289830622,26.763526327737964,1,1,True,False,22
Central Tutume,Mabotele,0,2022,-20.7687123156438,27.422774703064253,1,1,True,False,0
Central Tutume,Xhoo,2,2022,-20.935457238537367,26.003764730977046,1,1,True,False,2
Central Tutume,Tsukae,13,2022,-19.84839762328594,25.57794249800152,1,1,True,False,13
Central Tutume,Chevubu,4,2022,-19.84907759231336,25.591566894926448,1,1,True,False,4
Central Tutume,Chale,13,2022,-19.201537016371145,24.691981674254812,1,1,True,False,13
Central Tutume,Bodumatau,11,2022,-20.258998678611,25.207717052012452,1,1,True,False,11
Central Tutume,Dwao,16,2022,-21.017741170319226,25.92323459928322,1,1,True,False,16
Central Tutume,Xadi,0,2022,-20.478092053084136,25.71011516893666,1,1,True,False,0
Central Tutume,Gongwa,46,2022,-20.134255779650644,26.053323071980394,1,1,True,False,46
Central Tutume,Nxwanco,45,2022,-20.65196628125982,26.975213784570855,1,1,True,False,45
Central Tutume,Xhoni,18,2022,-19.64302749376324,25.083639791787935,1,1,True,False,18
Central Tutume,Phakalane,2,2022,-20.2148278455831,24.484538076277,1,1,True,False,2
Central Tutume,Malemakule,2,2022,-21.807345904616763,24.516562227273347,1,1,True,False,2
Central Tutume,Ditshoto,3,2022,-20.255731368176733,24.807484274009198,1,1,True,False,3
Central Tutume,Mowana,0,2022,-20.07918558650376,26.130487909564497,1,1,True,False,0
Central Tutume,Xhamakhwane,37,2022,-19.299348731877366,26.851253801986864,1,1,True,False,37
Central Tutume,Nekate,4,2022,-20.687982425815665,27.08965091284709,1,1,True,False,4
Central Tutume,Marulamantsi,113,2022,-20.2429182641337,26.32646139908496,1,1,True,False,113
Central Tutume,Xhugana,0,2022,-20.518325608314182,25.623075854949413,1,1,True,False,0
Central Tutume,Xisini,12,2022,-20.361451516928202,24.869177669968188,1,1,True,False,12
Central Tutume,Bojatau,38,2022,-21.64712339276778,25.61784552715568,1,1,True,False,38
Central Tutume,Xoxana,14,2022,-19.349124023787066,25.408612144243797,1,1,True,False,14
Central Tutume,Zigobe,70,2022,-19.312774117389903,27.038769966633794,1,1,True,False,70
Central Tutume,Zazana,8,2022,-20.31603533972509,25.87649763760763,1,1,True,False,8
Central Tutume,Maotomabe,46,2022,-20.292512368291757,25.08653131513142,1,1,True,False,46
Central Tutume,Xeao,14,2022,-21.674113185928462,25.27636439242761,1,1,True,False,14
Central Tutume,Yaoyaoga,17,2022,-20.177900300403778,24.814462517620782,1,1,True,False,17
Central Tutume,Manche,2,2022,-20.64526041498639,27.186013600474542,1,1,True,False,2
Central Tutume,Depa,12,2022,-19.87031212113744,24.55331403429607,1,1,True,False,12
Central Tutume,Pegapitsa,9,2022,-21.70299426417534,24.439606741719892,1,1,True,False,9
Central Tutume,Gogoga,19,2022,-19.865206415544186,24.955517984941377,1,1,True,False,19
Central Tutume,Sokaphala,11,2022,-21.039136020414873,26.85940809070708,1,1,True,False,11
Central Tutume,Magotho,7,2022,-20.0290670799506,25.987924124026,1,1,True,False,7
Central Tutume,Xinexwa,1,2022,-20.09712097286236,26.298352913753256,1,1,True,False,1
Central Tutume,Xhauxhara,32,2022,-21.205405454156384,25.485377644950827,1,1,True,False,32
Central Tutume,Xhauxumga,11,2022,-20.613972092801223,24.608901242087803,1,1,True,False,11
Central Tutume,Xhaogaxara,1,2022,-19.51981809906218,26.996719896579137,1,1,True,False,1
Central Tutume,Kamangao,15,2022,-20.15674398153012,24.982520993084005,1,1,True,False,15
Central Tutume,Xixana,6,2022,-21.64315237630369,24.50089700049131,1,1,True,False,6
Central Tutume,Sexara,12,2022,-20.607170716551103,26.1372229439883,1,1,True,False,12
Central Tutume,Tsenakamo,12,2022,-20.970256267680313,24.653205822859135,1,1,True,False,12
Central Tutume,Waxana,2,2022,-20.056919659678847,24.69102567277939,1,1,True,False,2
Central Tutume,Ngabaxuabo,1,2022,-20.131902004050275,26.82757884504116,1,1,True,False,1
Central Tutume,Thabatshukudu,29,2022,-21.80468133962861,25.891325870188936,1,1,True,False,29
Central Tutume,Kauxubaga,16,2022,-20.150918919861706,25.132962449631997,1,1,True,False,16
Central Tutume,Xaa,9,2022,-19.79886189932644,25.457768453824162,1,1,True,False,9
Central Tutume,Ngabanxaga,3,2022,-19.705055872628396,26.61187818555469,1,1,True,False,3
Central Tutume,Nxaragoni,2,2022,-21.67018230753896,24.601854829292876,1,1,True,False,2
Central Tutume,Xamojire,8,2022,-20.992719186894387,24.75384966860931,1,1,True,False,8
Central Tutume,Abadom,2,2022,-20.66707319941145,26.26930038157335,1,1,True,False,2
Central Tutume,Koroga,7,2022,-21.3357295222165,26.24113008148799,1,1,True,False,7
Central Tutume,Kauxae,2,2022,-20.668567460082848,27.349380092427136,1,1,True,False,2
Central Tutume,Xhonxa,9,2022,-21.636531666719176,25.536373049898767,1,1,True,False,9
Central Tutume,Gonxatshani,7,2022,-21.520001553412488,24.597984138223598,1,1,True,False,7
Central Tutume,Kaukae,6,2022,-19.982027724935385,26.03058952346178,1,1,True,False,6
Central Tutume,Mogobewaditau,2,2022,-21.10647559874251,26.336266437988016,1,1,True,False,2
Central Tutume,Kgagolakgama,3,2022,-19.863771751037714,24.82396133633628,1,1,True,False,3
Central Tutume,Nxaraggoni 2,4,2022,-21.700270897922074,26.07705700342671,1,1,True,False,4
Central Tutume,Chefubu,9,2022,-20.275491423510225,25.000328806004475,1,1,True,False,9
Central Tutume,Xhauxaba,6,2022,-20.749650644283243,26.96206728921854,1,1,True,False,6
Central Tutume,Maronga,37,2022,-19.62686283440519,26.933053236876113,1,1,True,False,37
Central Tutume,Kaukae Camp,2,2022,-19.66291133391849,25.703386944872065,1,1,True,False,2
Central Tutume,Planet Baobab,12,2022,-20.793643244422913,27.332038804339067,1,1,True,False,12
Central Tutume,Zoroga Lands,27,2022,-20.109336555206752,27.371550796001117,1,1,True,False,27
Central Tutume,Tamutaha,8,2022,-21.203446889846994,24.792572641686373,1,1,True,False,8
Central Tutume,Kwaxhwa,18,2022,-20.22647421558015,25.515645727285737,1,1,True,False,18
Central Tutume,Nakalatholo,10,2022,-21.608470028750347,26.220964970155126,1,1,True,False,10
Central Tutume,Sekathoko,5,2022,-20.630163865180872,24.657901496833713,1,1,True,False,5
Central Tutume,Tshakhwemokao,3,2022,-21.327545193562813,25.560952350363827,1,1,True,False,3
Central Tutume,Dwanxana,7,2022,-19.387616419133554,25.192587044801375,1,1,True,False,7
Central Tutume,Mabola,2,2022,-20.60165541946088,27.287486385371206,1,1,True,False,2
Central Tutume,Tamaku,7,2022,-20.197770909649815,25.6486756448068,1,1,True,False,7
Central Tutume,Ngabeqwago,4,2022,-20.835666607266166,26.713245169400945,1,1,True,False,4
Central Tutume,Makolwane,5,2022,-21.03402156860808,25.573232444286425,1,1,True,False,5
Central Tutume,Xandxana,2,2022,-21.271638474006643,24.800338118849893,1,1,True,False,2
Central Tutume,Xhwagori,7,2022,-19.30873385046335,27.017925374845035,1,1,True,False,7
Central Tutume,Ntwetwe,38,2022,-19.619956510631635,24.40191818669035,1,1,True,False,38
Central Tutume,Thitoyaseolo,12,2022,-21.464505272445738,24.570279428468925,1,1,True,False,12
Central Tutume,Ntwetwe bdf Camp,4,2022,-19.765982472566094,25.505550233939974,1,1,True,False,4
Central Tutume,Lepashe lands,12,2022,-20.674667259325982,26.483485436636812,1,1,True,False,12
Central Tutume,Makolojwane,8,2022,-21.79084163475116,25.43677899019666,1,1,True,False,8
Central Tutume,Chimanamana,7,2022,-20.370558208646898,24.601729516036396,1,1,True,False,7
Central Tutume,Jorotane,11,2022,-21.473405959386547,25.364417131969596,1,1,True,False,11
Central Tutume,Gumgae,5,2022,-21.252217050096615,25.143491575113163,1,1,True,False,5
Central Tutume,Moleele,46,2022,-19.906313156384734,24.417088063343336,1,1,True,False,46
Central Tutume,Xhakajwa,36,2022,-21.12151104180161,26.02229480079727,1,1,True,False,36
Central Tutume,Seaxa,82,2022,-19.364062676256086,24.754350892127018,1,1,True,False,82
Central Tutume,Tlhobolotswana,22,2022,-20.013937488721147,25.272408009289048,1,1,True,False,22
Central Tutume,Paiwa,5,2022,-19.529092759421076,26.344887115325818,1,1,True,False,5
Central Tutume,Matare 2,4,2022,-20.13016988726461,26.599369369772628,1,1,True,False,4
Central Tutume,Semitwe Lands,27,2022,-19.427850645654523,25.199511265054756,1,1,True,False,27
Central Tutume,Thalogang 2,120,2022,-20.83205944950982,25.39884393763312,1,1,True,False,120
Central Tutume,Tsholotibi,2,2022,-20.313042420872666,25.149338858399528,1,1,True,False,2
Central Tutume,Makobo Lands,93,2022,-20.405103580892956,27.302157449870965,1,1,True,False,93
Central Tutume,Thalogang,80,2022,-19.331107707334784,24.97835306020383,1,1,True,False,80
Central Tutume,Katsejenaa,10,2022,-21.37686278173817,24.95609917221433,1,1,True,False,10
Central Tutume,Sankwana,19,2022,-20.23296988641295,25.750102039973356,1,1,True,False,19
Central Tutume,Lebu,7,2022,-19.744645666433602,24.974673853639665,1,1,True,False,7
Central Tutume,Koromoo,14,2022,-20.80889868592051,24.87582961227754,1,1,True,False,14
Central Tutume,Tsaaroteng,16,2022,-19.43136159437171,24.691382522964748,1,1,True,False,16
Central Tutume,Boswelamotho,23,2022,-20.80068934777166,26.341798543137532,1,1,True,False,23
Central Tutume,Xhoronxa,5,2022,-21.35362375750826,26.25662633953441,1,1,True,False,5
Central Tutume,Lephiri,11,2022,-20.21639178835916,26.37209547515045,1,1,True,False,11
Central Tutume,Sebapalemotho,2,2022,-20.66902668675327,26.745475163386306,1,1,True,False,2
Central Tutume,Lekopswe,8,2022,-21.791413519182537,25.390245578055993,1,1,True,False,8
Central Tutume,Bonwaphofu,3,2022,-21.640105955742353,27.185523242498874,1,1,True,False,3
Central Tutume,Chenkane,20,2022,-21.292798869520446,26.62389681820718,1,1,True,False,20
Central Tutume,Mqhelekwane,42,2022,-19.703394829223793,26.840713109427764,1,1,True,False,42
Central Tutume,Monaiwa,18,2022,-19.36364372629769,26.586774939133775,1,1,True,False,18
Central Tutume,Sophia,6,2022,-20.322732195200114,25.487572886383038,1,1,True,False,6
Central Tutume,Sekulwane,30,2022,-21.54118747018772,25.2588727521807,1,1,True,False,30
Central Tutume,Nyonyobe,65,2022,-20.353802801332005,25.681821666338365,1,1,True,False,65
Central Tutume,Lebethu,2,2022,-19.464520225815892,24.694872079028983,1,1,True,False,2
Central Tutume,Bonwanotshe,16,2022,-19.758360810187863,25.769038921421807,1,1,True,False,16
Central Tutume,Takutshe,75,2022,-21.0274952880482,24.53146725374793,1,1,True,False,75
Central Tutume,Makweetane,14,2022,-21.490449866657734,24.41261904653538,1,1,True,False,14
Central Tutume,Tshababatshi,2,2022,-19.339715749236888,27.22517023474653,1,1,True,False,2
Central Tutume,Dihudi,11,2022,-19.46871961547204,26.490879840769843,1,1,True,False,11
Central Tutume,Lekoba,202,2022,-21.684747012477075,26.104301482761002,1,1,True,False,202
Central Tutume,Nakalaphofu,24,2022,-19.552928845694154,25.43495281369366,1,1,True,False,24
Central Tutume,Bonwatshepe,3,2022,-21.56431428683405,26.130654772654477,1,1,True,False,3
Central Tutume,Xhoojenaa Vet Gate,5,2022,-21.658254946287176,27.104114141559048,1,1,True,False,5
Central Tutume,Belina,20,2022,-19.733100834833472,26.378818656408203,1,1,True,False,20
Central Tutume,Motsidiemang,11,2022,-20.34856525603025,26.22751618120856,1,1,True,False,11
Central Tutume,Tashata,3,2022,-20.685694474684123,25.796098519432302,1,1,True,False,3
Central Tutume,Kole,12,2022,-19.330909775788957,25.44888587015936,1,1,True,False,12
Central Tutume,Tshokatshaa Lands,22,2022,-19.509655949265984,26.51880741960549,1,1,True,False,22
Central Tutume,Xhauxhana,1,2022,-21.673926474141858,27.375210895833558,1,1,True,False,1
Central Tutume,Ngabexhwee,3,2022,-20.127684377573313,25.68861574675086,1,1,True,False,3
Central Tutume,Makowa,11,2022,-19.695261805508576,25.589909209152367,1,1,True,False,11
Central Tutume,Makuta Lands,52,2022,-20.309304611172738,25.698791229969036,1,1,True,False,52
Central Tutume,Matagala,17,2022,-19.111782388476797,25.690999909607502,1,1,True,False,17
Central Tutume,Zarapee,18,2022,-19.933982459887137,27.40445318467683,1,1,True,False,18
Central Tutume,Lepashane,34,2022,-21.545125866739212,26.543766115432774,1,1,True,False,34
Central Tutume,Samgaro,14,2022,-21.284434965659223,25.489782784876486,1,1,True,False,14
Central Tutume,Mokokwe,6,2022,-19.545810046268958,25.52713352848148,1,1,True,False,6
Central Tutume,Dedemko,6,2022,-19.073708935285104,25.706928066725894,1,1,True,False,6
Central Tutume,Tswadibe,20,2022,-21.561194941561205,24.511973686410503,1,1,True,False,20
Central Tutume,Xhaitshaadom,0,2022,-21.555685003851064,26.001113145251686,1,1,True,False,0
Central Tutume,Mmadikgaka,16,2022,-19.719849200937215,26.860945228493016,1,1,True,False,16
Central Tutume,Phatsima,5,2022,-21.655290597331586,26.403645497894228,1,1,True,False,5
Central Tutume,ties with No Affil,540,2022,-21.64364572712638,25.002311048913207,1,1,True,False,540
Central Tutume,Mabutho's Farm,5,2022,-19.37256747319886,26.608219083632008,1,1,True,False,5
Central Tutume,Mashani's Ranch,2,2022,-19.61723198574179,26.58221581150235,1,1,True,False,2
Central Tutume,Maswibilili Ranch,2,2022,-19.39264994288109,25.19673249824971,1,1,True,False,2
Central Tutume,L.M.U. Farm,2,2022,-20.032367221952153,26.28935135213733,1,1,True,False,2
Central Tutume,Masunga Syndicate,0,2022,-20.94045086204816,26.253190153856227,1,1,True,False,0
Central Tutume,Joseph Ranch,0,2022,-19.324123604771607,26.947080707322556,1,1,True,False,0
Central Tutume,Charles Malikongwa Ranch,0,2022,-21.006382630015242,24.81325613789378,1,1,True,False,0
Central Tutume,Makosha Ranch,3,2022,-21.0706525673461,24.99144857401946,1,1,True,False,3
Central Tutume,Tiego Garebamono,0,2022,-19.37925693056337,25.87422385050134,1,1,True,False,0
Central Tutume,Badzili Nfila Ranch,7,2022,-19.948448893615172,24.534512112390274,1,1,True,False,7
Central Tutume,No 4 (Gobona),1,2022,-19.35358608083796,25.66082994701123,1,1,True,False,1
Central Tutume,Ramotamosa,21,2022,-21.401820552588376,26.790713061065695,1,1,True,False,21
Central Tutume,Metsibotlhoko (Tangane),6,2022,-19.19680685956079,24.851589800726916,1,1,True,False,6
Central Tutume,Bojatholo Farm (Mokgethi),7,2022,-20.136946055573222,25.795322978754825,1,1,True,False,7
Central Tutume,Mathangwane(Makgaolakgang),3,2022,-19.983854315946676,27.40185899323155,1,1,True,False,3
Central Tutume,Dikgomo Farm,50,2022,-19.30267308070578,25.934718324547234,1,1,True,False,50
Central Tutume,Macheke Farm,2,2022,-20.779264247338045,25.911684954246255,1,1,True,False,2
Central Tutume,Ngwasha,11,2022,-19.84115349003579,26.095042991995182,1,1,True,False,11
Central Tutume,Tent Camp,8,2022,-20.060533027986555,24.964661473840938,1,1,True,False,8
Central Tutume,SSG Camp,0,2022,-19.652386961661623,24.846888298505153,1,1,True,False,0
Central Tutume,Ngwasha Police Camp,7,2022,-19.350067820653866,26.454546994977818,1,1,True,False,7
Central Tutume,Elephant Sand Lodge,49,2022,-19.95055794701477,25.600708806700144,1,1,True,False,49
Central Tutume,Sowa Camp,206,2022,-21.646194524586075,25.279716705553927,1,1,True,False,206
Central Tutume,Sowa Mine,31,2022,-21.326402632551186,24.49584051749485,1,1,True,False,31
Central Tutume,Sowa Town,117,2022,-19.192151539673468,26.966071160908015,1,1,True,False,117
North East,Mbalambi Lands,3,2022,-21.42809734336673,27.984427997007515,1,1,True,False,3
North East,Gulubane Lands,12,2022,-21.320192850613708,27.38627799206112,1,1,True,False,12
North East,Mocha Lands,3,2022,-21.444062289142114,27.375904843688826,1,1,True,False,3
North East,Ntimbhale,17,2022,-21.18110459765494,27.671696421266304,1,1,True,False,17
North East,Tlhatlhaganyane cattlepost,10,2022,-20.669979198435637,28.04288936192034,1,1,True,False,10
North East,Border Post,0,2022,-21.231526388263305,27.621382387694528,1,1,True,False,0
North East,Ramokgwebana SSG Camp,0,2022,-21.443358888036276,27.488559578955822,1,1,True,False,0
North East,Vakaranga Vererinary Camp,0,2022,-21.043912432295013,27.66067436253834,1,1,True,False,0
North East,Jackalas Lands,3,2022,-20.54241568444949,27.266273325733586,1,1,True,False,3
North East,Kalakamati lands,12,2022,-21.40130112517372,27.360365142085307,1,1,True,False,12
North East,Kalakamati Cattlepost,13,2022,-20.77116560617685,27.336772456814533,1,1,True,False,13
North East,Dembezi,5,2022,-20.722562276716427,27.23584640701523,1,1,True,False,5
North East,Letsholathebe cattle Post,26,2022,-21.173525471563355,27.814935726751767,1,1,True,False,26
North East,Ndwapi's farm,6,2022,-20.940347104120423,27.484030252568786,1,1,True,False,6
North East,Makaleng Land,28,2022,-21.140361945622846,27.353133406972443,1,1,True,False,28
North East,Mambo lands,12,2022,-21.32207041982518,27.639808112707225,1,1,True,False,12
North East,Makaleng cattle post,11,2022,-21.14704554649988,27.482336981911494,1,1,True,False,11
North East,Farm 6,2,2022,-21.500562770509703,27.54036576001847,1,1,True,False,2
North East,Masingwaneng Lands,4,2022,-20.846948129108128,27.475737360529475,1,1,True,False,4
North East,Matsiloje Lands,21,2022,-20.716328081068525,27.215885513887212,1,1,True,False,21
North East,Rakops,138,2022,-21.27390627179904,27.786674702630435,1,1,True,False,138
North East,Thekwane,12,2022,-20.997061628527213,27.3048861648358,1,1,True,False,12
North East,Lephane lands,83,2022,-21.35431848948477,27.395342222548724,1,1,True,False,83
North East,Matsiloje Camp,43,2022,-21.46618618469389,27.37129997525711,1,1,True,False,43
North East,Matsiloje C/Post,22,2022,-20.893257810073884,27.488945194687425,1,1,True,False,22
North East,Golongwe,22,2022,-21.45908317041598,27.346178437746808,1,1,True,False,22
North East,Mabethe,19,2022,-20.766780024248604,27.50194397041295,1,1,True,False,19
North East,Pobepobe,130,2022,-21.31199625254119,27.415461519850474,1,1,True,False,130
North East,Mhatane,22,2022,-20.727740139991823,27.26362044458326,1,1,True,False,22
North East,Moroka Lands,27,2022,-21.208611013393305,27.93866998011613,1,1,True,False,27
North East,Mosojane Lands,5,2022,-21.208249813510967,27.467437811673392,1,1,True,False,5
North East,Nlakwane Lands,5,2022,-20.800340208827837,27.292034598699562,1,1,True,False,5
North East,Sechele Lands,13,2022,-21.057127688274253,27.64755042078708,1,1,True,False,13
North East,Mapangane,1,2022,-21.38762734070951,27.315382918503794,1,1,True,False,1
North East,Dikete 1,6,2022,-20.69365758331251,27.857373754166307,1,1,True,False,6
North East,Dikete 2,31,2022,-21.238906743521643,27.263923068806278,1,1,True,False,31
North East,Dhapezha,2,2022,-21.49256270612654,27.600100048226185,1,1,True,False,2
North East,Shashe Lands,4,2022,-21.157857187415267,27.999776451854345,1,1,True,False,4
North East,Tati Lands3,114,2022,-20.989063365150383,27.34515368270866,1,1,True,False,114
North East,Tati Lands1,5,2022,-20.950676119974027,27.38051776687186,1,1,True,False,5
North East,Tati C/Post,11,2022,-20.7094733330574,27.71339036678776,1,1,True,False,11
North East,Sekonje,36,2022,-21.023850954823946,28.029825966079237,1,1,True,False,36
North East,Themashanga Lands,17,2022,-21.36333522829341,27.53437547922957,1,1,True,False,17
North East,Kontshe,7,2022,-21.322776330635893,27.753575817952314,1,1,True,False,7
North East,Manhutton,10,2022,-21.49463166331978,27.339605483286025,1,1,True,False,10
North East,Tsamaya Lands,7,2022,-20.815993287083625,27.74753054135322,1,1,True,False,7
North East,Bisoli Siding NQ 88,4,2022,-21.489180876299745,27.42329983786867,1,1,True,False,4
North East,Dinamane,21,2022,-20.955028131591167,27.724085341629863,1,1,True,False,21
North East,Butale lands,5,2022,-20.964501356722277,27.286512299181464,1,1,True,False,5
North East,Matshelagabedi Lands,43,2022,-20.763013823583716,27.650421812057676,1,1,True,False,43
North East,Sekukwe 1,167,2022,-21.522640120880453,27.41057443428713,1,1,True,False,167
North East,Sekukwe2,360,2022,-21.38556079363949,27.78115305135115,1,1,True,False,360
North East,Mhafane/Vulankane,159,2022,-20.63044692559824,27.83616894862092,1,1,True,False,159
North East,Sengana,58,2022,-20.990906596536654,27.919969847893555,1,1,True,False,58
North East,Ditlatsana,75,2022,-21.11330893438462,28.04028623577286,1,1,True,False,75
North East,Lekomotu,60,2022,-20.80343534857605,27.59569520364625,1,1,True,False,60
North East,Morotole,67,2022,-20.637961108044696,27.77188300318244,1,1,True,False,67
North East,Zalu,8,2022,-21.321340899138814,27.22792959531954,1,1,True,False,8
North East,Matenge Lands,2,2022,-20.639088271089147,27.967465321521576,1,1,True,False,2
North East,Kgari lands,2,2022,-21.486238987810747,27.72613342241844,1,1,True,False,2
North East,Koronyane,22,2022,-20.55765447117376,27.56399252148251,1,1,True,False,22
North East,Mabudzane Lands,31,2022,-21.426230471883233,27.574808492103404,1,1,True,False,31
North East,Matopi Cattle Post,28,2022,-21.317892875002592,27.84478139677723,1,1,True,False,28
North East,Sebokolodi Farm,10,2022,-21.499169550902934,27.907731991969168,1,1,True,False,10
North East,Kachana's Farm,3,2022,-20.74359455459461,27.88640798768922,1,1,True,False,3
North East,Ngoma cattlepost,2,2022,-20.55065631891144,27.63842429922832,1,1,True,False,2
North East,Mashwekete,16,2022,-21.28504454549601,27.52212379140982,1,1,True,False,16
North East,Shashe Cattlepost,56,2022,-21.25444524574189,28.00120523301841,1,1,True,False,56
North East,Localities with No Affiliation,"1,303",2022,-21.304275375866293,27.741527260826988,1,1,True,False,1303
North East,J.Strauss Farm,74,2022,-21.436941633844235,27.666005824226165,1,1,True,False,74
North East,Mazwiduma Farm,6,2022,-20.76094007143315,27.71160047836111,1,1,True,False,6
North East,Farm 77 NQ/8 (Makgekgenene's Farm),2,2022,-21.53750393264321,27.737913239016898,1,1,True,False,2
North East,Albert's Farm,18,2022,-20.56824295188366,27.807312848155508,1,1,True,False,18
North East,Mabete's Farm(Ngagane Farm),37,2022,-20.611476249504598,27.673955545854206,1,1,True,False,37
North East,Ngangane Farm2,18,2022,-21.475826243807877,27.94266713907093,1,1,True,False,18
North East,Wayside Farm,10,2022,-21.036548873549652,27.92962139584242,1,1,True,False,10
North East,Acre Plots(Billy Farm),2,2022,-20.541445902328476,27.581435148051614,1,1,True,False,2
North East,Thantabani,5,2022,-20.691295270232583,27.353133240896096,1,1,True,False,5
North East,Shashe Brigade,31,2022,-20.838209687981475,27.693531924562205,1,1,True,False,31
North East,Lowi's Farm,0,2022,-21.578386660459817,27.730300730265867,1,1,True,False,0
North East,Farm,5,2022,-21.52932116105096,27.649096107729296,1,1,True,False,5
North East,Becker's Farm,2,2022,-20.75391641492901,27.955363674406165,1,1,True,False,2
North East,Sikukwe,1,2022,-21.200126181263762,27.290148033695285,1,1,True,False,1
North East,Brink's Farm 2 (Irvine Farm 2021),10,2022,-20.888114395952933,27.452289002653874,1,1,True,False,10
North East,Roman Catholic,8,2022,-20.812512557792594,27.93468887396292,1,1,True,False,8
North East,Bisoli Ranch,5,2022,-21.151250009396062,27.99609570433918,1,1,True,False,5
North East,Hunger's Farm,3,2022,-21.44917298545441,27.567812623356872,1,1,True,False,3
North East,Pillar's Farm,13,2022,-21.189173601205113,27.373240795358143,1,1,True,False,13
North East,S.Pillar's Farm,23,2022,-20.67160218445874,27.563145541836054,1,1,True,False,23
North East,Diana Ranch,0,2022,-21.24859602715623,27.593035922469127,1,1,True,False,0
North East,Bill Haskins's Farm,5,2022,-21.53544199598285,27.645918152966527,1,1,True,False,5
North East,Chite's Farm,8,2022,-20.57747839109327,27.441391576175874,1,1,True,False,8
North East,Moroka's Farm,1,2022,-20.875029587931795,27.473314890944298,1,1,True,False,1
North East,Munger's Farm,12,2022,-21.024438751157803,27.75936635332631,1,1,True,False,12
North East,Munger and Sons,9,2022,-20.716419642376017,27.731180360345164,1,1,True,False,9
North East,Nyepi's Farm,6,2022,-21.163029511438328,27.764800196372185,1,1,True,False,6
North East,Monyatsiwa's Farm,6,2022,-20.549711979720364,27.527243576795673,1,1,True,False,6
North East,Phenyamere's Farm,1,2022,-20.686001711929805,27.493190209460252,1,1,True,False,1
North East,Kamanyaga's Farm,3,2022,-21.3026032194165,27.505769454811848,1,1,True,False,3
North East,Farm 77 NQ/2 (JP Roos Vegetables),15,2022,-21.20589317081373,28.005906966546426,1,1,True,False,15
North East,Siwawa's Farm,10,2022,-21.307734307573863,27.54222350219917,1,1,True,False,10
North East,Nsumiwa's Farm,5,2022,-20.897828902808385,27.71811742328399,1,1,True,False,5
North East,P.J.Bernard's Farm,8,2022,-20.91921004576806,27.648648725747247,1,1,True,False,8
North East,Mfa's Farm,30,2022,-21.044048151175907,27.94338982517926,1,1,True,False,30
North East,Maphosa's Farm,5,2022,-20.570309326698588,27.520430773558935,1,1,True,False,5
North East,Chiundula's Farm,10,2022,-21.097723600283796,27.574668120126372,1,1,True,False,10
North East,Matekwane & Jomo's Farm,0,2022,-20.76491714028704,27.91550906126742,1,1,True,False,0
North East,Smith's Farm,49,2022,-20.899160061592237,27.346812273303467,1,1,True,False,49
North East,Slave's Farm,3,2022,-21.04866541847527,27.708243876368158,1,1,True,False,3
North East,Painter's Farm,6,2022,-21.55740596824094,27.546112839116635,1,1,True,False,6
North East,Butale's Farm,1,2022,-20.89980130995126,28.034778222386528,1,1,True,False,1
North East,Dr. Sibanda's Farm,2,2022,-20.91572310224903,27.814244964763425,1,1,True,False,2
North East,Mbaakanyi's Farm,1,2022,-21.468950021984302,27.221367619893655,1,1,True,False,1
North East,Sebego's Farm,29,2022,-20.751888379714124,27.91273963824993,1,1,True,False,29
North East,Gwisa Farm,7,2022,-21.103366995318215,27.799061243112522,1,1,True,False,7
North East,Tibone farm,8,2022,-21.256011727781296,27.68044142701635,1,1,True,False,8
North East,Nshakashogwe,3,2022,-20.721920655513333,27.409509733366928,1,1,True,False,3
North East,Farm 53 NQ,20,2022,-21.235468316728856,27.33710294133894,1,1,True,False,20
North East,Lesego NQ12,2,2022,-20.937890059599138,27.73668970979507,1,1,True,False,2
North East,Gerald farm,2,2022,-20.94209598354482,27.579502223584683,1,1,True,False,2
North East,Eric Farm,2,2022,-21.545960530335876,27.93121120734137,1,1,True,False,2
North East,Molapisi,3,2022,-21.15055601620684,27.431399874267214,1,1,True,False,3
North East,Monarch farm,44,2022,-21.36433086061896,27.744296740344506,1,1,True,False,44
North East,Bushi's farm,8,2022,-21.38913058253511,27.42011451621404,1,1,True,False,8
North East,Selepa farm,42,2022,-20.902508170088847,27.743293440891023,1,1,True,False,42
North East,Rhinomech Investment,6,2022,-21.590195495827555,27.25288562235429,1,1,True,False,6
North East,Mahube s farm,5,2022,-20.566848616380575,27.539272846653365,1,1,True,False,5
North East,Dresnors Farm,4,2022,-21.179880683412364,27.356594200882682,1,1,True,False,4
North East,NQ 21,2,2022,-21.283092226770815,27.71795194449413,1,1,True,False,2
North East,Modibo's Farm,15,2022,-20.61932083574043,27.476735100401736,1,1,True,False,15
North East,Mosetlha's farm,2,2022,-21.082339395715326,27.856072124295174,1,1,True,False,2
North East,Nicholas Ushe Farm,3,2022,-20.94593170844261,27.308142259826422,1,1,True,False,3
North East,Seeletso's farm,9,2022,-20.858815111170767,27.676481407873066,1,1,True,False,9
North East,Bernard Thote,4,2022,-20.6712144699687,27.707729520432295,1,1,True,False,4
North East,Veterinary Camp 1,6,2022,-21.4637481747793,27.230999278037118,1,1,True,False,6
North East,Plot Camp,1,2022,-21.51513496423267,27.242577457906233,1,1,True,False,1
North East,Modumela Lodge,6,2022,-20.5405275363648,27.46965564757294,1,1,True,False,6
North East,Veterinary Camp 2,1,2022,-21.592894938374613,27.720572115448537,1,1,True,False,1
North East,Veterinary Camp 15,6,2022,-20.845624541987302,28.01545994954496,1,1,True,False,6
North East,Matopi S S G Camp,6,2022,-20.949415164452894,27.288282439042202,1,1,True,False,6
North East,Veterinary Camp 25,0,2022,-21.011942476670995,27.799047161600843,1,1,True,False,0
North East,BDF Camp,233,2022,-20.762667173551378,27.790333965114456,1,1,True,False,233
North East,Matopi BDF Camp,8,2022,-20.541850265142752,27.770948704381972,1,1,True,False,8
North East,Motopi SSG Camp,9,2022,-21.552286701982197,27.643063948562396,1,1,True,False,9
North East,Impala Research(Farm 32 ),42,2022,-20.945712391640857,28.0189596533216,1,1,True,False,42
North East,Shashe Soilne,1,2022,-20.836453002174874,27.6310765826587,1,1,True,False,1
North East,Impala Ranch 2,26,2022,-21.27546707027033,27.911758091659365,1,1,True,False,26
North East,Tati Hide Away Camp,2,2022,-20.648293288439806,27.431522509157258,1,1,True,False,2
North East,Coins NQ 29,4,2022,-21.114054132490825,27.88507750478287,1,1,True,False,4
North East,Business Research,20,2022,-21.426629440648927,28.04374791412351,1,1,True,False,20
North East,Bernard,4,2022,-20.68938404154921,27.97163477947851,1,1,True,False,4
North East,Angelique Farm,1,2022,-20.594795597601014,27.46617888217256,1,1,True,False,1
North East,Matekwane Farm,3,2022,-21.49604824901461,27.91831418125097,1,1,True,False,3
North East,Farm Saunders,2,2022,-20.799156107295122,27.292013727576073,1,1,True,False,2
North East,Dr Mompati s farm,2,2022,-21.372627890670213,27.77781583341622,1,1,True,False,2
North East,Plot 97,2,2022,-21.59520476592102,27.497935539962274,1,1,True,False,2
North East,Mathangwane farm,7,2022,-21.32390102052731,27.76193732694864,1,1,True,False,7
North East,Thana,1,2022,-20.688847593369978,27.556405880755772,1,1,True,False,1
North East,Kattie Farm,6,2022,-21.451521591762564,27.220097243142206,1,1,True,False,6
North East,Cobby Farm,1,2022,-21.46275771433662,27.40546291032856,1,1,True,False,1
North East,Gerald Farms2,4,2022,-20.81265566306093,27.247915915695202,1,1,True,False,4
North East,Mbakile Farm,7,2022,-21.16815981106296,27.56893431542998,1,1,True,False,7
North East,Jomo Estate,10,2022,-21.443718604124903,27.91323789783623,1,1,True,False,10
North East,Charles Estate,0,2022,-21.356613967698305,27.828101004771305,1,1,True,False,0
North East,Theonissien Farm NQ63,12,2022,-20.753291480396957,27.870567831531844,1,1,True,False,12
North East,Calla NQ 41,19,2022,-20.93637481305101,27.885820782279964,1,1,True,False,19
North East,Plot 11 NQ2,11,2022,-20.789273971282118,27.52278533125427,1,1,True,False,11
North East,Little Paradise,17,2022,-21.497909374508925,27.63462185609564,1,1,True,False,17
North East,Tachila Nature Reserve,20,2022,-21.11286646732817,27.63664483362845,1,1,True,False,20
North East,Honest Harvest Farm,3,2022,-20.750615405433834,27.3069863748868,1,1,True,False,3
North East,Pembele s farm,3,2022,-21.318366916484262,27.71145300723504,1,1,True,False,3
North East,Nabe NQ 29,2,2022,-21.421595882983777,27.813240467551694,1,1,True,False,2
North East,WoodLands Farm,12,2022,-21.19442098496093,27.72215048501655,1,1,True,False,12
North East,Daniels Farm(Leone Daniels farm 2021),15,2022,-21.246144494175383,27.83474782329943,1,1,True,False,15
North East,Strydom Farm,3,2022,-21.404195312469277,27.311726164439825,1,1,True,False,3
North East,Pretorious NQ 25,2,2022,-20.583020577717882,27.847628314233162,1,1,True,False,2
North East,Glading Farm(ForsythFarm 2021),4,2022,-21.086158223761743,27.38616558345613,1,1,True,False,4
North East,Podium 12,1,2022,-20.952609159311702,27.94389444081848,1,1,True,False,1
North East,Doumas,11,2022,-21.47297545834145,27.41685187996718,1,1,True,False,11
North East,Plot 16 (Farm 109),2,2022,-20.95051609548934,27.62291711949515,1,1,True,False,2
North East,Fern Farm,8,2022,-21.00898072116861,27.618975250987212,1,1,True,False,8
North East,Plot 17 NQ 25,4,2022,-20.606546026998963,27.436801911328086,1,1,True,False,4
North East,Motopi Farm,2,2022,-21.161794100393635,27.514252666238512,1,1,True,False,2
North East,Poultry Farm,0,2022,-20.766691298611022,27.367362938114482,1,1,True,False,0
North East,Security System Farm,2,2022,-21.27734598585397,27.68806460832646,1,1,True,False,2
North East,African Camp,0,2022,-20.983743335094797,27.974088632977793,1,1,True,False,0
North East,Northern Ranching,20,2022,-20.6118450459424,27.47663461144939,1,1,True,False,20
North East,Engelton's farm,9,2022,-20.93444867367795,27.63632074868164,1,1,True,False,9
North East,Botalaote Farms,10,2022,-20.8424573425421,27.931428314452198,1,1,True,False,10
Ngamiland East,Sedibana,137,2022,-19.473146738078214,24.73181714412593,1,0,True,False,137
Ngamiland East,Boraa,40,2022,-20.17869645428956,24.20215585423774,1,0,True,False,40
Ngamiland East,Xaraxau,33,2022,-20.236156174899087,23.954376742088616,1,0,True,False,33
Ngamiland East,Xaraxau Flats,108,2022,-19.41745591469546,24.48369972821858,1,0,True,False,108
Ngamiland East,Goruku,59,2022,-19.228783732757282,24.918671816697607,1,0,True,False,59
Ngamiland East,Mushu,16,2022,-20.127622892336664,24.31664130174908,1,0,True,False,16
Ngamiland East,Shashe,340,2022,-20.24024359196272,24.91506764096516,1,0,True,False,340
Ngamiland East,Tsetseku,33,2022,-19.159985635356552,24.74616380182617,1,0,True,False,33
Ngamiland East,Maphane,178,2022,-20.163037105299043,24.79924343620043,1,0,True,False,178
Ngamiland East,Samodupi,350,2022,-20.29218712649989,24.265315231985124,1,0,True,False,350
Ngamiland East,Kookale,99,2022,-19.380018068915287,24.50544779501144,1,0,True,False,99
Ngamiland East,Disaneng,114,2022,-19.211589851079502,24.129765517645257,1,0,True,False,114
Ngamiland East,Xaega,19,2022,-19.65472001629458,24.21429327687402,1,0,True,False,19
Ngamiland East,Tsibogo-la-Matebele,70,2022,-19.62087524696531,24.01008944144502,1,0,True,False,70
Ngamiland East,Xhana,151,2022,-19.890901385758717,24.058196817516517,1,0,True,False,151
Ngamiland East,Tatamoga,87,2022,-20.021745607454832,24.167301591147588,1,0,True,False,87
Ngamiland East,Gxwegxwa,36,2022,-19.334570133755733,24.649009993533156,1,0,True,False,36
Ngamiland East,Kgantshang,97,2022,-19.20950366116341,24.46787708523638,1,0,True,False,97
Ngamiland East,Nxcotego,1,2022,-19.911666497850796,24.240818957042645,1,0,True,False,1
Ngamiland East,Dikgatlhong,71,2022,-19.974730843634863,25.014965684838106,1,0,True,False,71
Ngamiland East,Daugha,59,2022,-19.982745889768093,24.57723787675409,1,0,True,False,59
Ngamiland East,Lediba,30,2022,-20.2715635405031,25.09574148698113,1,0,True,False,30
Ngamiland East,Dihambo,269,2022,-19.965082361418403,24.72031857942152,1,0,True,False,269
Ngamiland East,Xhobe,183,2022,-20.304733590556797,23.913593627942074,1,0,True,False,183
Ngamiland East,Mapororo Properties,95,2022,-19.29045481039219,25.083189650872967,1,0,True,False,95
Ngamiland East,Polokabatho,260,2022,-19.998523275388767,25.010211265131876,1,0,True,False,260
Ngamiland East,Xhutego,24,2022,-19.421106376339267,24.720717605618788,1,0,True,False,24
Ngamiland East,Khooxoba,54,2022,-19.616536071573904,24.58977939621457,1,0,True,False,54
Ngamiland East,Xoo,71,2022,-19.2252223881833,24.483140475074638,1,0,True,False,71
Ngamiland East,Gogomoga,118,2022,-19.061775545516138,24.521248642199915,1,0,True,False,118
Ngamiland East,Tsotsia,19,2022,-19.850435506945285,24.895240034512216,1,0,True,False,19
Ngamiland East,Xhudumu,52,2022,-20.221371441388477,24.561595167429928,1,0,True,False,52
Ngamiland East,Chuchubega,262,2022,-19.34199854622476,24.122366227890012,1,0,True,False,262
Ngamiland East,Xakukara,13,2022,-20.31051614652733,23.968823435914558,1,0,True,False,13
Ngamiland East,Koromo,168,2022,-20.042356614113576,24.057431847001144,1,0,True,False,168
Ngamiland East,Tjozombapo,82,2022,-20.268032710595172,24.220626117822015,1,0,True,False,82
Ngamiland East,Kukale,45,2022,-19.144526610245062,24.37214405135555,1,0,True,False,45
Ngamiland East,Chanoga,1,2022,-20.33179918441901,25.055751037431055,1,0,True,False,1
Ngamiland East,Mowana,16,2022,-19.683617135102335,24.204530276658485,1,0,True,False,16
Ngamiland East,Kgantshang 2,117,2022,-19.775028464663837,24.309428322024388,1,0,True,False,117
Ngamiland East,Gxwegxwa 2,173,2022,-19.470853171338455,24.183589197520355,1,0,True,False,173
Ngamiland East,Kgantshang 3,3,2022,-19.953554639248686,24.604069924108583,1,0,True,False,3
Ngamiland East,Samodupi 2,171,2022,-19.177043046444137,24.697025022428694,1,0,True,False,171
Ngamiland East,Tsanekona 2,106,2022,-19.362343812749177,24.586331897053746,1,0,True,False,106
Ngamiland East,Tsanekona 3,79,2022,-19.763997757859123,25.133196127157248,1,0,True,False,79
Ngamiland East,Tsanekona,16,2022,-19.8627561626057,25.18990002844552,1,0,True,False,16
Ngamiland East,Marophe,22,2022,-19.253912339337095,24.98406556032569,1,0,True,False,22
Ngamiland East,Tshadamo,12,2022,-19.332139039780863,24.942242736585285,1,0,True,False,12
Ngamiland East,Thamalakane,89,2022,-19.808271076842292,24.369953430721512,1,0,True,False,89
Ngamiland East,Mowana Syndicate,17,2022,-19.884902400206734,24.648422770611454,1,0,True,False,17
Ngamiland East,Somelo,9,2022,-20.287131540194277,24.350956711703663,1,0,True,False,9
Ngamiland East,Gwedhao,32,2022,-20.230192463546985,24.91495966326807,1,0,True,False,32
Ngamiland East,Tshihill Farm,5,2022,-20.267144718052936,24.116902447460475,1,0,True,False,5
Ngamiland East,Thamalakane West,2,2022,-20.306376409366766,24.17532514321106,1,0,True,False,2
Ngamiland East,Mowana South,48,2022,-20.13556033835877,23.943438427548784,1,0,True,False,48
Ngamiland East,Mankunyane,11,2022,-19.199055239371983,24.686410282512725,1,0,True,False,11
Ngamiland East,Sitatunga Camp,26,2022,-19.277487463885144,24.790119120299615,1,0,True,False,26
Ngamiland East,Buffalo Trials Camp 2,6,2022,-19.214437793555064,23.897404716006292,1,0,True,False,6
Ngamiland East,Mowana Camp,6,2022,-19.50934197419303,24.55852575033658,1,0,True,False,6
Ngamiland East,Mmumosweu,18,2022,-19.508992594872815,24.38405308244925,1,0,True,False,18
Ngamiland East,Xhiredom,71,2022,-20.17404426429414,24.92541533587011,1,0,True,False,71
Ngamiland East,Xhwee,43,2022,-19.40939102513262,23.94369467518014,1,0,True,False,43
Ngamiland East,Kanana,5,2022,-19.966476760039345,23.956300138829697,1,0,True,False,5
Ngamiland East,Mpayabana,13,2022,-19.64836380770348,24.701093194311753,1,0,True,False,13
Ngamiland East,Maotoakgomo,4,2022,-19.069296798705395,24.663869080354264,1,0,True,False,4
Ngamiland East,Babalelampa,3,2022,-19.181138696943492,24.97584952878406,1,0,True,False,3
Ngamiland East,Palamaokuwe,7,2022,-20.028753000899393,24.664687345349346,1,0,True,False,7
Ngamiland East,Bohiwakgoma,1,2022,-19.35927889717007,25.12995735383021,1,0,True,False,1
Ngamiland East,Nnakgolo,3,2022,-20.20042790887874,24.302635121597945,1,0,True,False,3
Ngamiland East,Segolame,2,2022,-20.303282072611932,24.411475004562,1,0,True,False,2
Ngamiland East,Bonno,1,2022,-20.30137814541172,25.166834367637318,1,0,True,False,1
Ngamiland East,Mmadinotshe,0,2022,-20.11245705662516,24.033117121640604,1,0,True,False,0
Ngamiland East,Ngwanaitseele,4,2022,-19.41473258252217,24.930006841419726,1,0,True,False,4
Ngamiland East,Mokgalo,2,2022,-19.855735534950625,23.90809685519366,1,0,True,False,2
Ngamiland East,Golaobone,5,2022,-20.317643478014286,24.526901139621128,1,0,True,False,5
Ngamiland East,Letlhajwa,4,2022,-19.025015953836117,24.09289159855297,1,0,True,False,4
Ngamiland East,Boswelaphiri,9,2022,-19.629580934788645,24.673279716063888,1,0,True,False,9
Ngamiland East,Mosumoleele,3,2022,-19.815079208434867,24.93295805719239,1,0,True,False,3
Ngamiland East,Mpayakgori,3,2022,-19.648900276659237,23.936074749648107,1,0,True,False,3
Ngamiland East,Maloto,4,2022,-19.647409602731955,24.10640315793093,1,0,True,False,4
Ngamiland East,Pelotshweu,14,2022,-19.713544030664284,24.33941038039508,1,0,True,False,14
Ngamiland East,Sulabompe,33,2022,-19.523771742492087,24.226303961015425,1,0,True,False,33
Ngamiland East,Marothodi,9,2022,-19.16117745972364,24.39232042798879,1,0,True,False,9
Ngamiland East,Phenyo,1,2022,-19.937638011105726,25.133211304095557,1,0,True,False,1
Ngamiland East,Mphoyamodimo,21,2022,-19.69129452589609,24.024885261029635,1,0,True,False,21
Ngamiland East,Lentswana,10,2022,-20.333997381481364,24.444517412816417,1,0,True,False,10
Ngamiland East,Ranch No.80,10,2022,-19.195501520159993,24.488567433884775,1,0,True,False,10
Ngamiland East,Tshwaragano,2,2022,-19.932066080102228,24.25828109864411,1,0,True,False,2
Ngamiland East,Phefodiafoka Gates,5,2022,-19.978084864260257,24.25588963699802,1,0,True,False,5
Ngamiland East,Tjiutiro,2,2022,-19.012363959092948,24.824273162038867,1,0,True,False,2
Ngamiland East,Xhwango,0,2022,-19.56174415213183,24.69801150690228,1,0,True,False,0
Ngamiland East,Motopi Vet Camp,1,2022,-20.175225751271036,24.952061212846285,1,0,True,False,1
Ngamiland East,A.I.2 Vet Camp,0,2022,-19.985760109184145,24.420793091420208,1,0,True,False,0
Ngamiland East,A.I. Camp,5,2022,-19.86913853134652,24.68350658362976,1,0,True,False,5
Ngamiland East,Makalamabedi North Gate,42,2022,-19.027625707103805,25.057278201319058,1,0,True,False,42
Ngamiland East,Deception Valley Lodge,14,2022,-19.766222101306006,25.002218163142334,1,0,True,False,14
Ngamiland East,Hainaveld 66-70 Conservacy,19,2022,-20.032821408531685,25.091720638041412,1,0,True,False,19
Ngamiland East,Nxabe,90,2022,-19.581240967158937,24.243471018901978,1,0,True,False,90
Ngamiland East,Shokomokwe,82,2022,-19.800612225660057,25.17692729048453,1,0,True,False,82
Ngamiland East,Gabamochaa,110,2022,-20.265759204026796,24.95669678808788,1,0,True,False,110
Ngamiland East,Quoguao/Xuoxao,242,2022,-19.19403170166041,24.9285775008756,1,0,True,False,242
Ngamiland East,Mochabo,298,2022,-20.31798244784492,24.762810824031835,1,0,True,False,298
Ngamiland East,Boura,15,2022,-19.14408079143291,25.174121875970517,1,0,True,False,15
Ngamiland East,Matsaudi,17,2022,-19.28586572145069,24.468335846695304,1,0,True,False,17
Ngamiland East,Toroga,10,2022,-20.23801678302029,24.859174077096334,1,0,True,False,10
Ngamiland East,Molalakgaka,2,2022,-19.37661827483378,24.803503829497668,1,0,True,False,2
Ngamiland East,Gumakhwe,26,2022,-19.31368021440851,24.846861172032067,1,0,True,False,26
Ngamiland East,Chixoma,37,2022,-19.537922759879912,24.872106003451496,1,0,True,False,37
Ngamiland East,Nxanxana,36,2022,-19.570682942809196,24.141559469030046,1,0,True,False,36
Ngamiland East,Xininkhwe,5,2022,-20.27277147809865,24.34780246177232,1,0,True,False,5
Ngamiland East,Tsatsabaga,9,2022,-20.259727461583168,24.40409094665358,1,0,True,False,9
Ngamiland East,Sanyana,17,2022,-19.371728008726382,24.867591461634863,1,0,True,False,17
Ngamiland East,Lerobo,2,2022,-20.198467281071864,24.82622205506873,1,0,True,False,2
Ngamiland East,Thari ya Nanane,1,2022,-20.01724983970916,24.978815162069207,1,0,True,False,1
Ngamiland East,Xere,20,2022,-19.675513044017013,24.920384033777,1,0,True,False,20
Ngamiland East,Gomoti River Lodge,6,2022,-20.120545698358843,24.669595349388704,1,0,True,False,6
Ngamiland East,Mawana Vet Gate,4,2022,-19.28855068500036,24.075362603147518,1,0,True,False,4
Ngamiland East,Mmakebana,44,2022,-19.265228843367662,24.72095738634333,1,0,True,False,44
Ngamiland East,Makula,55,2022,-19.218999696252983,25.048771766532703,1,0,True,False,55
Ngamiland East,Mokgalo/Haka,139,2022,-20.272929593127355,24.731014591711755,1,0,True,False,139
Ngamiland East,Sethebe,48,2022,-19.76987695235694,25.05993388254108,1,0,True,False,48
Ngamiland East,Kgwelo,3,2022,-19.212650837037422,25.194688179224528,1,0,True,False,3
Ngamiland East,Koropa,9,2022,-19.855850562862106,24.361027871001895,1,0,True,False,9
Ngamiland East,Kgomotshwaana,7,2022,-19.413573068643448,24.835396696186425,1,0,True,False,7
Ngamiland East,Setshego OL30,4,2022,-19.55529090191972,24.596535022497932,1,0,True,False,4
Ngamiland East,Xoboga,59,2022,-19.87714095309916,24.485805849199068,1,0,True,False,59
Ngamiland East,Makwelekwele / Makgelekgele,151,2022,-19.971292572897692,24.20554633709425,1,0,True,False,151
Ngamiland East,Phatswe,95,2022,-19.470855262308444,24.213425635293905,1,0,True,False,95
Ngamiland East,Maumo,149,2022,-20.16115576932385,24.134024022474993,1,0,True,False,149
Ngamiland East,Makgokong,45,2022,-19.195091639752977,24.715782597650456,1,0,True,False,45
Ngamiland East,Xwamote,35,2022,-19.57231502844917,24.078104695510106,1,0,True,False,35
Ngamiland East,Legotlhwana,394,2022,-20.190570768044896,24.455076568751696,1,0,True,False,394
Ngamiland East,Mogapelwa,99,2022,-19.403324299693544,24.574873830781264,1,0,True,False,99
Ngamiland East,Tsoku,24,2022,-19.765569362343655,24.463998823860553,1,0,True,False,24
Ngamiland East,Maragana,13,2022,-20.067464921595157,25.00690995324614,1,0,True,False,13
Ngamiland East,Tswelenyane,115,2022,-19.060857263455986,24.4704284725367,1,0,True,False,115
Ngamiland East,Matsebe,120,2022,-19.381888479285927,24.000945768259005,1,0,True,False,120
Ngamiland East,Majokomabedi,20,2022,-19.550307357405103,25.185758797794758,1,0,True,False,20
Ngamiland East,Kgwebe,24,2022,-19.210058470517588,24.99395143082517,1,0,True,False,24
Ngamiland East,Kanyokoura,6,2022,-19.615629971425047,24.752993337048505,1,0,True,False,6
Ngamiland East,Makgodimasweu,3,2022,-19.75179568736787,24.878436532904292,1,0,True,False,3
Ngamiland East,Baapelo,1,2022,-20.086925280312784,24.060043406329186,1,0,True,False,1
Ngamiland East,Maiteko,4,2022,-20.134871468637403,24.89093285340744,1,0,True,False,4
Ngamiland East,Dikgongtseditshweu,2,2022,-19.764430073677268,24.163699680658805,1,0,True,False,2
Ngamiland East,Modimooteng,1,2022,-19.732508979639846,24.530110021269675,1,0,True,False,1
Ngamiland East,Thothodi,9,2022,-19.363717762919418,24.12491742024503,1,0,True,False,9
Ngamiland East,Makgokong 1,13,2022,-19.750978689563425,24.875128922458483,1,0,True,False,13
Ngamiland East,Legotlhwana 1,127,2022,-19.55008718041133,24.213450761051906,1,0,True,False,127
Ngamiland East,Matsiara,4,2022,-19.231798162535515,24.22292874203599,1,0,True,False,4
Ngamiland East,Boseto Copper Mine,185,2022,-19.017952215306074,24.035329580510776,1,0,True,False,185
Ngamiland East,Qhushee,6,2022,-19.909963672076323,24.831900711565314,1,0,True,False,6
Ngamiland East,Mokutsumo,1,2022,-19.139465444039345,24.278479377755144,1,0,True,False,1
Ngamiland East,Moporota,32,2022,-19.26699362894919,24.568289992640818,1,0,True,False,32
Ngamiland East,Sekwaxamo,4,2022,-20.248410831520815,24.3259034664064,1,0,True,False,4
Ngamiland East,Xangoro,22,2022,-19.894493825061314,24.90238072071697,1,0,True,False,22
Ngamiland East,Kakanaga,29,2022,-20.04756974798839,24.188109103078723,1,0,True,False,29
Ngamiland East,Masamo,55,2022,-19.455375356208428,25.118835388441443,1,0,True,False,55
Ngamiland East,Gwedao,63,2022,-19.600431752417983,24.31169721060385,1,0,True,False,63
Ngamiland East,Moselewapula,3,2022,-19.68081283341483,24.028332069676477,1,0,True,False,3
Ngamiland East,Katoo,3,2022,-19.323491030821817,24.20611720722411,1,0,True,False,3
Ngamiland East,Nakalatswii,49,2022,-19.895624428509233,23.989361488599766,1,0,True,False,49
Ngamiland East,Mapororo,94,2022,-19.829876603978864,24.503742755132567,1,0,True,False,94
Ngamiland East,Dobe,3,2022,-19.187762794811416,24.219075814978165,1,0,True,False,3
Ngamiland East,Mapeno,4,2022,-19.04604484597747,25.04745161921514,1,0,True,False,4
Ngamiland East,Morula,2,2022,-19.306478720684613,24.56678984502759,1,0,True,False,2
Ngamiland East,Konde,23,2022,-20.050192003006085,24.19707928511249,1,0,True,False,23
Ngamiland East,Masogwana,19,2022,-20.189044041523594,24.48098321029249,1,0,True,False,19
Ngamiland East,Peteke,1,2022,-20.060651617937832,24.148384545183216,1,0,True,False,1
Ngamiland East,Chelete,4,2022,-19.776674383815344,24.125890146433825,1,0,True,False,4
Ngamiland East,Masabano,0,2022,-20.024094180564468,24.284748713623923,1,0,True,False,0
Ngamiland East,Bogare,0,2022,-19.14067992918665,24.034129761844532,1,0,True,False,0
Ngamiland East,Kaure,86,2022,-19.44694653848314,24.138812498546127,1,0,True,False,86
Ngamiland East,Sankwasa,6,2022,-19.784695619832807,25.11520339473199,1,0,True,False,6
Ngamiland East,Tshelo jwa Motswana,26,2022,-19.97474075298041,24.761799819142052,1,0,True,False,26
Ngamiland East,Bothulakgomo,5,2022,-19.83265750576978,25.093126818013143,1,0,True,False,5
Ngamiland East,Zinbue,21,2022,-19.70581281660871,24.227669366344493,1,0,True,False,21
Ngamiland East,Vipuasa,2,2022,-19.389634871904917,25.00962496118835,1,0,True,False,2
Ngamiland East,Thabuku,7,2022,-20.220040705578917,24.36502851550444,1,0,True,False,7
Ngamiland East,Masu,3,2022,-19.21010400298389,24.080895352514524,1,0,True,False,3
Ngamiland East,Njou,3,2022,-20.16921953836452,24.941475271181268,1,0,True,False,3
Ngamiland East,Matseara,30,2022,-19.989848953696825,23.970742037503715,1,0,True,False,30
Ngamiland East,Matsaodi,3,2022,-19.017612861736822,24.42050595414269,1,0,True,False,3
Ngamiland East,Mochaba,18,2022,-20.08591230804512,24.96050744297448,1,0,True,False,18
Ngamiland East,Ngobesatjwe,3,2022,-20.204348771222357,24.697153004994405,1,0,True,False,3
Ngamiland East,Xumu,8,2022,-19.48992099615227,24.56801075840487,1,0,True,False,8
Ngamiland East,Mapororo Gate,1,2022,-19.816078033551513,24.353772929059172,1,0,True,False,1
Ngamiland East,Setata Gate,3,2022,-20.216724463939713,23.99081409130089,1,0,True,False,3
Ngamiland East,Tsaubee,8,2022,-20.333866490933143,25.1841594186622,1,0,True,False,8
Ngamiland East,Thololamoro,112,2022,-20.233577577160425,24.12073633900261,1,0,True,False,112
Ngamiland East,Phatlhana,60,2022,-19.64373327318574,24.225664901429337,1,0,True,False,60
Ngamiland East,Phathaneng,8,2022,-20.031812182640348,24.200398175122714,1,0,True,False,8
Ngamiland East,Boiketso,5,2022,-19.30488993918084,25.07597904288799,1,0,True,False,5
Ngamiland East,Phathana 2,92,2022,-19.198567465138318,24.8880320795027,1,0,True,False,92
Ngamiland East,Setsau 2,5,2022,-20.146250715361017,24.488878081029913,1,0,True,False,5
Ngamiland East,Mochabeng,59,2022,-19.890689478811357,25.137842760089807,1,0,True,False,59
Ngamiland East,Setsau,20,2022,-20.143935470362162,23.961795361259895,1,0,True,False,20
Ngamiland East,Namanyane,8,2022,-19.957612230641093,25.057385352352927,1,0,True,False,8
Ngamiland East,Maputi,56,2022,-20.020759967348752,23.97175465481343,1,0,True,False,56
Ngamiland East,Maile,5,2022,-19.29250625051917,24.40262740147175,1,0,True,False,5
Ngamiland East,Setateng,17,2022,-19.879440016242082,23.96338684802697,1,0,True,False,17
Ngamiland East,Kanjuwe,7,2022,-19.679863726610737,25.194578701423104,1,0,True,False,7
Ngamiland East,Mokolwane,14,2022,-19.442728287916882,25.08438025402903,1,0,True,False,14
Ngamiland East,Molatswana,8,2022,-19.245443931763283,24.654957389192404,1,0,True,False,8
Ngamiland East,Semolo,17,2022,-19.93830900730736,24.176853259773168,1,0,True,False,17
Ngamiland East,Ditoro,14,2022,-20.06063098023791,24.253637144604333,1,0,True,False,14
Ngamiland East,Pelotelele,14,2022,-19.03774071243464,24.47873315254909,1,0,True,False,14
Ngamiland East,Matabolaga,32,2022,-19.91312552191481,24.313573654208913,1,0,True,False,32
Ngamiland East,Kgaolo,15,2022,-19.446487510841834,23.920793844763374,1,0,True,False,15
Ngamiland East,Mabeleapodi,15,2022,-19.437481164794526,24.7480586404638,1,0,True,False,15
Ngamiland East,Marula,11,2022,-19.65531028859623,24.692257989387354,1,0,True,False,11
Ngamiland East,Nxenekau,10,2022,-20.03506409557713,25.07124860660242,1,0,True,False,10
Ngamiland East,Dautsa,110,2022,-20.1507394286565,24.51431617514531,1,0,True,False,110
Ngamiland East,Xhoga,22,2022,-19.691231333235457,24.342144616909195,1,0,True,False,22
Ngamiland East,Roman,34,2022,-19.6594324048399,24.559478714589194,1,0,True,False,34
Ngamiland East,Sepanapoleke,27,2022,-19.310455461711687,24.14669171424821,1,0,True,False,27
Ngamiland East,Matlhomahibidu,20,2022,-19.394939138570795,24.70803927331181,1,0,True,False,20
Ngamiland East,Qonga,50,2022,-19.12605246130289,24.896298302921537,1,0,True,False,50
Ngamiland East,Joo,10,2022,-19.047837284387676,24.09296895943376,1,0,True,False,10
Ngamiland East,Dikgakana,2,2022,-19.370979787580854,24.307844857490636,1,0,True,False,2
Ngamiland East,Tsholofelo,4,2022,-20.237101860822975,25.02368016041452,1,0,True,False,4
Ngamiland East,Inola,1,2022,-19.80013530784532,24.55168030423151,1,0,True,False,1
Ngamiland East,Thapolathari,11,2022,-19.52928561349487,24.585952903282884,1,0,True,False,11
Ngamiland East,Rongwa,48,2022,-19.554028742959133,24.834248195124417,1,0,True,False,48
Ngamiland East,Tauyanamane,0,2022,-20.09756740001662,24.645959393166237,1,0,True,False,0
Ngamiland East,Kgetsiyatsie,1,2022,-19.563669914233785,23.983679340663844,1,0,True,False,1
Ngamiland East,Modimonthusa,7,2022,-19.87385394592262,24.940504106462924,1,0,True,False,7
Ngamiland East,Botshabelo,8,2022,-19.88815367236169,25.095385227258955,1,0,True,False,8
Ngamiland East,Kamote,20,2022,-19.22981884867266,23.962438800309265,1,0,True,False,20
Ngamiland East,Boitapoloso,20,2022,-19.7777756945283,24.05100006518903,1,0,True,False,20
Ngamiland East,Pelotshetlha,3,2022,-19.63753612049898,24.807626087005723,1,0,True,False,3
Ngamiland East,Dipuo,8,2022,-19.590360561547957,24.68059187772531,1,0,True,False,8
Ngamiland East,Mpayanonyane,0,2022,-19.590195780005192,24.39140463292629,1,0,True,False,0
Ngamiland East,Mphampha,39,2022,-20.055443814560505,24.595609986207112,1,0,True,False,39
Ngamiland East,Mosarasarane,6,2022,-19.541717492539156,24.809402413571444,1,0,True,False,6
Ngamiland East,Ikageng,3,2022,-19.893875917512123,24.55030537323174,1,0,True,False,3
Ngamiland East,Lebu,10,2022,-19.467827143179566,24.07567508779114,1,0,True,False,10
Ngamiland East,Mmamotaung,34,2022,-20.14510103498493,24.009550023485705,1,0,True,False,34
Ngamiland East,Boikhutso,14,2022,-19.0169138115735,24.464812168359472,1,0,True,False,14
Ngamiland East,Moshu,48,2022,-19.312215345016682,25.09544870523173,1,0,True,False,48
Ngamiland East,Xharaxhe,2,2022,-19.78400123731851,24.61975337116935,1,0,True,False,2
Ngamiland East,Xhatsitso,33,2022,-19.938119170905818,24.35974821148322,1,0,True,False,33
Ngamiland East,Mogowagowe,52,2022,-19.82316169299283,25.07697545085662,1,0,True,False,52
Ngamiland East,Masongwana,20,2022,-19.37981341444585,24.399372059021225,1,0,True,False,20
Ngamiland East,Mathamagana,30,2022,-19.467311856871227,24.556389931716435,1,0,True,False,30
Ngamiland East,Lekurwane,14,2022,-19.40523267379717,24.0448107448775,1,0,True,False,14
Ngamiland East,Maego,51,2022,-19.156692763851535,24.85378221711531,1,0,True,False,51
Ngamiland East,Motlopi,93,2022,-19.73208259763283,24.805447322256633,1,0,True,False,93
Ngamiland East,Xabaxwa,26,2022,-19.448544574767123,24.927842909808433,1,0,True,False,26
Ngamiland East,Nametsapelo,27,2022,-19.751746030860296,24.316715111882406,1,0,True,False,27
Ngamiland East,Kouwe,3,2022,-19.490329528227782,24.461156867014903,1,0,True,False,3
Ngamiland East,Malalakgakana,5,2022,-19.707444369453974,24.112356079265364,1,0,True,False,5
Ngamiland East,Makgabaganyane,18,2022,-19.306071434892928,25.149675474056377,1,0,True,False,18
Ngamiland East,Shewaronga,28,2022,-20.331848330022964,24.005174003783036,1,0,True,False,28
Ngamiland East,Tjivaneno,2,2022,-20.052000493694713,24.738622135331298,1,0,True,False,2
Ngamiland East,Kaokemo,0,2022,-19.944653882188675,24.811902448864192,1,0,True,False,0
Ngamiland East,Pelotshwaana,4,2022,-19.08170087373455,24.098538536046913,1,0,True,False,4
Ngamiland East,Rombale,11,2022,-19.664596270122388,24.369002874230134,1,0,True,False,11
Ngamiland East,Korutwe,6,2022,-19.854344630164952,23.949213517581708,1,0,True,False,6
Ngamiland East,Kgalalelo,17,2022,-19.80120734701426,24.61822778559312,1,0,True,False,17
Ngamiland East,Bosele,49,2022,-19.738030511316452,25.189326916408614,1,0,True,False,49
Ngamiland East,Xounxa/Qonqa,9,2022,-19.184842067424388,24.453120250473678,1,0,True,False,9
Ngamiland East,Uweng,2,2022,-19.059173033268372,25.18290373030746,1,0,True,False,2
Ngamiland East,Tsaraga,8,2022,-19.21631169364687,24.05748285222985,1,0,True,False,8
Ngamiland East,Shondolo,18,2022,-19.2196465522166,24.404351978934926,1,0,True,False,18
Ngamiland East,Itoto,9,2022,-20.07420186014653,25.068192355546213,1,0,True,False,9
Ngamiland East,Mogorogorowatau,50,2022,-19.981567259361853,25.035268789660556,1,0,True,False,50
Ngamiland East,Tapologo,10,2022,-19.546244217956147,24.314630819623385,1,0,True,False,10
Ngamiland East,Tjikonda,23,2022,-19.46634164992676,24.77718437237059,1,0,True,False,23
Ngamiland East,Segongwana,7,2022,-20.06929471883858,25.047600315202303,1,0,True,False,7
Ngamiland East,Mosimanemontle,1,2022,-19.346471694587827,24.892187116896107,1,0,True,False,1
Ngamiland East,Cindex Ranches OM85,3,2022,-20.072940665650968,24.711864380031503,1,0,True,False,3
Ngamiland East,Ngudnghani,10,2022,-19.98910354065514,24.091814463059023,1,0,True,False,10
Ngamiland East,Boro,385,2022,-19.9308804061868,23.988139062144803,1,0,True,False,385
Ngamiland East,Ngwanaakhutsana,5,2022,-19.213882529956333,24.693814008838636,1,0,True,False,5
Ngamiland East,Bluekom,1,2022,-19.365351509800355,24.544832164275007,1,0,True,False,1
Ngamiland East,Kemisetso,13,2022,-19.633161919104026,24.20316148789083,1,0,True,False,13
Ngamiland East,Somelo Cattle Post,57,2022,-19.24877809180793,24.274473180312523,1,0,True,False,57
Ngamiland East,Phuduhudu,15,2022,-19.257848411392064,24.40387359900136,1,0,True,False,15
Ngamiland East,Liverpool,3,2022,-19.8204608813298,24.538637127188707,1,0,True,False,3
Ngamiland East,Khudutlou,12,2022,-19.299723641214452,24.401491630307355,1,0,True,False,12
Ngamiland East,Ranch,6,2022,-20.064590848959707,24.397625544977462,1,0,True,False,6
Ngamiland East,Sexaxa,48,2022,-19.669672423856262,24.04381204839194,1,0,True,False,48
Ngamiland East,Tshipidi,4,2022,-20.181610586048745,25.02080002476405,1,0,True,False,4
Ngamiland East,Xhakanare,50,2022,-19.771311325607083,24.686689634840516,1,0,True,False,50
Ngamiland East,Phuduhudu Lands,1,2022,-19.646884536189,24.08338024411359,1,0,True,False,1
Ngamiland East,Odiakwa,31,2022,-20.232571243887673,24.445289111760857,1,0,True,False,31
Ngamiland East,Mogobe,13,2022,-19.72368182963616,24.435962328351472,1,0,True,False,13
Ngamiland East,Xheche,14,2022,-19.47228148881659,24.67557174134172,1,0,True,False,14
Ngamiland East,Mosetlho,11,2022,-19.522256713495246,24.68631900735666,1,0,True,False,11
Ngamiland East,Nxai Pan Camp,40,2022,-20.266565700161316,24.733682631826657,1,0,True,False,40
Ngamiland East,Old Mokolwane Wildlife Camp,2,2022,-20.212064671304827,24.80232049760713,1,0,True,False,2
Ngamiland East,Makgadikgadi Wildlife camp,0,2022,-19.871625626516167,24.027683779993403,1,0,True,False,0
Ngamiland East,Boseja,16,2022,-19.218278289209415,24.290306525281917,1,0,True,False,16
Ngamiland East,Patikwe,1,2022,-19.182281409276488,23.915626438904436,1,0,True,False,1
Ngamiland East,Palamaokue,7,2022,-19.927134048054405,24.485375516806506,1,0,True,False,7
Ngamiland East,Santawana,3,2022,-19.38289337408183,24.452527589544925,1,0,True,False,3
Ngamiland East,Research Camp,36,2022,-19.571055550258034,24.849777088676984,1,0,True,False,36
Ngamiland East,Khwai Camp,540,2022,-19.031133317725608,24.11076033550149,1,0,True,False,540
Ngamiland East,Mokgoro Safari Lodge,25,2022,-20.212989879057133,24.715796865199913,1,0,True,False,25
Ngamiland East,Chanoga Lands,5,2022,-19.610296391483054,24.2926152570948,1,0,True,False,5
Ngamiland East,Chanoga Boseja,52,2022,-19.550913691262856,24.390622211196607,1,0,True,False,52
Ngamiland East,Mawana,158,2022,-19.92971948710347,24.830181414410042,1,0,True,False,158
Ngamiland East,Makwati Farm,2,2022,-20.27640673133523,23.986243809390416,1,0,True,False,2
Ngamiland East,Mashuadiphuti,12,2022,-20.26955678525097,24.339635140422633,1,0,True,False,12
Ngamiland East,Tshaadam,32,2022,-19.735642577954486,24.402878253902493,1,0,True,False,32
Ngamiland East,Drifters,48,2022,-19.41802320859179,24.825572346912914,1,0,True,False,48
Ngamiland East,Tsibogolamatebele,97,2022,-19.40778144812515,24.152593091946787,1,0,True,False,97
Ngamiland East,Phirieatsena,31,2022,-20.098197618453007,25.127406494653318,1,0,True,False,31
Ngamiland East,Maseipei,102,2022,-19.19795111360899,25.1930060527716,1,0,True,False,102
Ngamiland East,Ikuma,13,2022,-19.837309755417028,24.95998038465417,1,0,True,False,13
Ngamiland East,Nyokombondje,16,2022,-19.056470924880568,24.283518818731828,1,0,True,False,16
Ngamiland East,Rukutu,4,2022,-20.18171975348397,24.757974535858214,1,0,True,False,4
Ngamiland East,Masalanyane,19,2022,-19.226564018670672,24.001357404203173,1,0,True,False,19
Ngamiland East,Lechana,8,2022,-19.130976707369253,25.02821207787538,1,0,True,False,8
Ngamiland East,Ipelegeng,8,2022,-19.244886928408267,24.56531007997927,1,0,True,False,8
Ngamiland East,Boiteketso,11,2022,-19.263283257125156,24.122906236919718,1,0,True,False,11
Ngamiland East,Gopolamodimo,13,2022,-19.858389561775212,24.319614380619825,1,0,True,False,13
Ngamiland East,Maokaneng,2,2022,-19.39027215046536,24.936310120307894,1,0,True,False,2
Ngamiland East,Pelontle,6,2022,-19.56845458646021,25.026840714827163,1,0,True,False,6
Ngamiland East,Dikgong tse ditshweu,27,2022,-19.774390177062813,24.570157532410086,1,0,True,False,27
Ngamiland East,Tikamotio,32,2022,-19.018248749725835,24.518820893131775,1,0,True,False,32
Ngamiland East,Matseke,7,2022,-19.952609676727654,24.871154799814747,1,0,True,False,7
Ngamiland East,Legakwa,4,2022,-19.789463083919706,24.96946480680018,1,0,True,False,4
Ngamiland East,Matabola,3,2022,-19.138259924155488,24.88954138217689,1,0,True,False,3
Ngamiland East,Mahuti,37,2022,-19.954533084838612,24.393894537794047,1,0,True,False,37
Ngamiland East,Mpa ya monna,8,2022,-20.135814640530008,24.729387790949257,1,0,True,False,8
Ngamiland East,Bodibeng Lands,2,2022,-19.926619592878005,25.010076509766375,1,0,True,False,2
Ngamiland East,Ramosuwana,107,2022,-19.329145260127184,24.090752626579114,1,0,True,False,107
Ngamiland East,Xhinikao,7,2022,-19.195448691182374,24.398726510762916,1,0,True,False,7
Ngamiland East,Tswelelopele,22,2022,-20.186659319929216,23.966792630563315,1,0,True,False,22
Ngamiland East,Matsweremabedi,10,2022,-19.512118075490026,24.425749397767543,1,0,True,False,10
Ngamiland East,Metsiavula,3,2022,-19.584490968137768,24.899228782573438,1,0,True,False,3
Ngamiland East,Sekondavirungo,15,2022,-19.44950646952246,24.14973196488231,1,0,True,False,15
Ngamiland East,Inalamotswana,3,2022,-19.446503106268658,24.599047685425656,1,0,True,False,3
Ngamiland East,Korotshau,2,2022,-19.062987293543202,23.940691478903833,1,0,True,False,2
Ngamiland East,Dithotlwana,60,2022,-19.87804439897771,25.062570377624297,1,0,True,False,60
Ngamiland East,Mmanale,3,2022,-19.940226736754163,24.961406476976407,1,0,True,False,3
Ngamiland East,Shendongo,12,2022,-19.565956351277286,24.576275687160983,1,0,True,False,12
Ngamiland East,Makolwane,95,2022,-19.767822086153554,24.812592465477863,1,0,True,False,95
Ngamiland East,Setsamo,3,2022,-19.70886636137526,24.028416163375308,1,0,True,False,3
Ngamiland East,Naone,25,2022,-20.246721640779427,24.994245762437142,1,0,True,False,25
Ngamiland East,Maila,21,2022,-20.14171737222725,24.82493681831035,1,0,True,False,21
Ngamiland East,Tjozondjii,28,2022,-19.095024436565897,24.049329281258313,1,0,True,False,28
Ngamiland East,Katuuo,42,2022,-20.24803216897585,25.170762108202684,1,0,True,False,42
Ngamiland East,Qunga,25,2022,-19.554094537550572,23.92237887069569,1,0,True,False,25
Ngamiland East,Makakung 2,43,2022,-19.335443836863345,24.7119095458504,1,0,True,False,43
Ngamiland East,Kangoua,99,2022,-20.323067425601696,24.116803241743618,1,0,True,False,99
Ngamiland East,Xwerene,2,2022,-20.042642759292992,24.830143352652836,1,0,True,False,2
Ngamiland East,Xhwerene,26,2022,-19.837429958689906,23.984756167483415,1,0,True,False,26
Ngamiland East,Xhame,20,2022,-19.66490047249065,23.99869017805453,1,0,True,False,20
Ngamiland East,Ramatuane,5,2022,-19.884605290417483,24.500554576196222,1,0,True,False,5
Ngamiland East,Maxhao,3,2022,-19.47583364047927,25.18811694445322,1,0,True,False,3
Ngamiland East,Khubukhubuga,18,2022,-20.037789995845795,24.2532964557647,1,0,True,False,18
Ngamiland East,Kanenenangombe,1,2022,-20.304956963351767,24.691085715593353,1,0,True,False,1
Ngamiland East,Localities with No Affiliation,"1,103",2022,-20.336753888890225,24.56870569680404,1,0,True,False,1103
Ngamiland East,BLDC Ranch,15,2022,-19.879397020061926,24.990219955174336,1,0,True,False,15
Ngamiland East,Boijwakgomo Farm,3,2022,-19.857920446120254,24.26902682269984,1,0,True,False,3
Ngamiland East,Leopared Plains,14,2022,-19.07743288048877,24.616059923740234,1,0,True,False,14
Ngamiland East,Woodsmoke Farm,3,2022,-20.279295668403368,25.13158947658351,1,0,True,False,3
Ngamiland East,The Kraal Ranch,7,2022,-19.633986866025,24.326349384509435,1,0,True,False,7
Ngamiland East,Soda,20,2022,-19.570493434104392,24.46552465307787,1,0,True,False,20
Ngamiland East,Ditoro Farm,5,2022,-19.40897925582896,25.051057089840203,1,0,True,False,5
Ngamiland East,Metsi_a_Kgomo,5,2022,-19.489483110524557,24.326236096093062,1,0,True,False,5
Ngamiland East,Legae Ranch,8,2022,-20.328019475662614,24.38900308659387,1,0,True,False,8
Ngamiland East,Bamotshaa,14,2022,-19.498627731353672,24.289259787849137,1,0,True,False,14
Ngamiland East,Game Range,1,2022,-19.910146347632523,24.947760809848287,1,0,True,False,1
Ngamiland East,Motswadi,4,2022,-19.311117407171913,25.105223323009444,1,0,True,False,4
Ngamiland East,OM 106,2,2022,-20.08836337432451,24.71528146942315,1,0,True,False,2
Ngamiland East,Kalahari Wilderness Safaris,3,2022,-19.386465669460737,24.70555045075794,1,0,True,False,3
Ngamiland East,Xhai Pan Turn Off,5,2022,-19.507088078045637,24.401158936117056,1,0,True,False,5
Ngamiland East,Mphampha SSG Camp,3,2022,-19.47145658607225,23.909289052349205,1,0,True,False,3
Ngamiland East,Camp,3,2022,-20.104875859304578,24.119646949632035,1,0,True,False,3
Ngamiland East,Belmond Safaris,11,2022,-19.44900619503215,24.085121137318907,1,0,True,False,11
Ngamiland East,Xomae,9,2022,-19.35884301319478,24.0440064297011,1,0,True,False,9
Ngamiland East,New Makolwane Camp,31,2022,-19.688047747477984,24.745180939991336,1,0,True,False,31
Ngamiland East,African Bush Camp,23,2022,-19.88624037158458,24.070672777349916,1,0,True,False,23
Ngamiland East,Marutshe,133,2022,-20.117366022939652,24.004596305492186,1,0,True,False,133
Ngamiland East,Sankoyo New Camp,2,2022,-19.95326683189189,24.391488679736433,1,0,True,False,2
Ngamiland East,Mankwe Bush Camp,20,2022,-19.32313917971531,24.21747512953555,1,0,True,False,20
Ngamiland East,Magwe Gate,11,2022,-19.79444074893172,24.0830654131879,1,0,True,False,11
Ngamiland East,Diana Camp,1,2022,-19.404407255606497,24.083413716809506,1,0,True,False,1
Ngamiland East,Boro Prisons,187,2022,-19.354703600217963,24.226833902955853,1,0,True,False,187
Ngamiland East,Galebafa,6,2022,-19.44236244778983,24.59248448300312,1,0,True,False,6
Ngamiland East,Machaba Camp,22,2022,-19.443202586953905,24.88074524116769,1,0,True,False,22
Ngamiland East,Shandereke/Kaziekene Camp,10,2022,-19.526618347064616,25.004104982939925,1,0,True,False,10
Ngamiland East,Nxaraga,10,2022,-19.649469300117524,24.87204481358905,1,0,True,False,10
Ngamiland East,Boro B.D.F,1,2022,-20.075795469367513,24.711521799642046,1,0,True,False,1
Ngamiland East,Hyna Pan,13,2022,-19.218121825027122,25.075566246800978,1,0,True,False,13
Ngamiland East,Mbodi Campsite,24,2022,-19.05660885957793,24.57018804080885,1,0,True,False,24
Ngamiland East,Dinaka,37,2022,-19.718533947831915,24.718223361234593,1,0,True,False,37
Ngamiland East,Evolve,10,2022,-19.097865031407355,24.42932359178629,1,0,True,False,10
Ngamiland East,Nokayane Lodge,11,2022,-19.011755771484314,24.319572220559124,1,0,True,False,11
Ngamiland West,Mbiroba,130,2022,-20.237146816114404,22.398884417299524,1,1,True,False,130
Ngamiland West,Xhau,96,2022,-20.167958556358293,21.51327060645314,1,1,True,False,96
Ngamiland West,Teekae,103,2022,-20.18233436578577,21.96208487250628,1,1,True,False,103
Ngamiland West,Samoxuma,71,2022,-20.408697722414978,21.8632473810177,1,1,True,False,71
Ngamiland West,Kwaxiana,24,2022,-20.53567544717181,23.082416044041548,1,1,True,False,24
Ngamiland West,Dungu,53,2022,-20.073282303065362,21.09738458305202,1,1,True,False,53
Ngamiland West,Nxiniga,33,2022,-20.648999692528008,21.4314556656578,1,1,True,False,33
Ngamiland West,Thinxo,0,2022,-20.763499228999315,22.98409557975501,1,1,True,False,0
Ngamiland West,Sekandoko / Shandokwe/ Bana ba Me,62,2022,-20.342918416877165,21.378059593558522,1,1,True,False,62
Ngamiland West,Katu,24,2022,-20.689341143414513,21.162319182770947,1,1,True,False,24
Ngamiland West,Oxharo,73,2022,-20.981175827083224,21.337216491832184,1,1,True,False,73
Ngamiland West,Machiara,19,2022,-20.958336617854755,23.006456163724753,1,1,True,False,19
Ngamiland West,Sarengobo,1,2022,-20.15716572810096,21.423655889543305,1,1,True,False,1
Ngamiland West,Beetsha Lands,36,2022,-19.810846369300506,21.443691341254667,1,1,True,False,36
Ngamiland West,Seshokora,10,2022,-20.456402123193143,21.68482473825169,1,1,True,False,10
Ngamiland West,Ndorotsha Lands,36,2022,-20.839443280661545,23.179381929571885,1,1,True,False,36
Ngamiland West,Samoti,74,2022,-20.003922144659008,21.598852732754164,1,1,True,False,74
Ngamiland West,Xumukana,6,2022,-20.697029877190865,21.125238910657124,1,1,True,False,6
Ngamiland West,Danga,23,2022,-19.782854698213313,23.624216592193587,1,1,True,False,23
Ngamiland West,Mawana,75,2022,-20.321209313712934,23.539399653449046,1,1,True,False,75
Ngamiland West,Letshau,3,2022,-20.732894280058037,21.554258321755572,1,1,True,False,3
Ngamiland West,Panda,4,2022,-20.40495714924107,21.78542366918466,1,1,True,False,4
Ngamiland West,Xumxao,10,2022,-20.60495701552513,21.564990927833833,1,1,True,False,10
Ngamiland West,Two Xamesha,8,2022,-20.051998796757708,23.08930792469148,1,1,True,False,8
Ngamiland West,Kanana,2,2022,-20.890799667233757,21.741404004534996,1,1,True,False,2
Ngamiland West,Sheshedamo,8,2022,-19.955461637895073,23.697669471587542,1,1,True,False,8
Ngamiland West,Tsodilo,1,2022,-20.067108768117695,23.399657644697815,1,1,True,False,1
Ngamiland West,Kadwi,60,2022,-19.950031443663473,22.71285301220221,1,1,True,False,60
Ngamiland West,Xoshe,113,2022,-19.908157222097458,21.049343658867183,1,1,True,False,113
Ngamiland West,Magopa,181,2022,-20.736448833095892,23.560502691214026,1,1,True,False,181
Ngamiland West,Dobe,131,2022,-20.373827182146705,23.112926124109432,1,1,True,False,131
Ngamiland West,Bate,32,2022,-19.964277897326493,23.285591220027197,1,1,True,False,32
Ngamiland West,Jaganxo,2,2022,-20.55265249868354,21.22987821713077,1,1,True,False,2
Ngamiland West,Mahito,21,2022,-20.94733968697565,23.057802948339646,1,1,True,False,21
Ngamiland West,Karui,6,2022,-20.659428355859138,23.333481759911773,1,1,True,False,6
Ngamiland West,Xhanxago,13,2022,-20.721329649928073,23.76997173447784,1,1,True,False,13
Ngamiland West,Lebala,65,2022,-19.939200140527117,22.690085862913413,1,1,True,False,65
Ngamiland West,Qubi,46,2022,-20.444999109572247,22.482159371798765,1,1,True,False,46
Ngamiland West,Qaosha,0,2022,-20.171442943376434,22.244903745950694,1,1,True,False,0
Ngamiland West,Ngarangobe,2,2022,-19.82457622711897,23.036925246184317,1,1,True,False,2
Ngamiland West,Ozonderambari,13,2022,-20.65002314316612,23.66715754350601,1,1,True,False,13
Ngamiland West,Nxunxurima,12,2022,-20.074750654543436,22.745447599242922,1,1,True,False,12
Ngamiland West,Tshabadipuo,14,2022,-20.99421132238333,21.67616487780203,1,1,True,False,14
Ngamiland West,Danxwa,1,2022,-20.892916056659377,21.074134909920677,1,1,True,False,1
Ngamiland West,Combretum,10,2022,-20.82101016877769,22.801020319433817,1,1,True,False,10
Ngamiland West,Dobe Vet Camp,13,2022,-20.63354924509821,23.50575259577156,1,1,True,False,13
Ngamiland West,Dobe Boarder gate,7,2022,-20.5207776780433,21.213084375401635,1,1,True,False,7
Ngamiland West,Sechenje,65,2022,-20.428601094702405,22.165022680119634,1,1,True,False,65
Ngamiland West,Manyondo,34,2022,-20.71708241016927,23.722350034360684,1,1,True,False,34
Ngamiland West,Tobere Lands,4,2022,-20.9401081934334,22.463887282811807,1,1,True,False,4
Ngamiland West,Kanyamokura,6,2022,-20.178940154764398,21.657144791596036,1,1,True,False,6
Ngamiland West,Xakao Cattle Post,8,2022,-20.993094136630873,22.03895304646495,1,1,True,False,8
Ngamiland West,Chiva,4,2022,-20.014646067417562,22.195362087561595,1,1,True,False,4
Ngamiland West,Kapotora Lands 1,132,2022,-19.865621656927456,21.36039615761841,1,1,True,False,132
Ngamiland West,Kapotora lands 2,203,2022,-20.13804227826345,22.920671836210655,1,1,True,False,203
Ngamiland West,Shamawanga,39,2022,-20.280497549796795,22.72365632834344,1,1,True,False,39
Ngamiland West,Etsha No 4,157,2022,-20.20447134926204,22.883152587873187,1,1,True,False,157
Ngamiland West,Etsha No 5,192,2022,-20.210443675320242,22.777130997952572,1,1,True,False,192
Ngamiland West,Etsha No 8,404,2022,-19.862446144942204,21.071545806856662,1,1,True,False,404
Ngamiland West,Etsha No 9,382,2022,-19.821853437400446,21.5245281103523,1,1,True,False,382
Ngamiland West,Etsha No 10,268,2022,-20.491237279212903,21.499004460602134,1,1,True,False,268
Ngamiland West,Wabi,3,2022,-20.254201715056325,21.30488097193157,1,1,True,False,3
Ngamiland West,Samotsoka,24,2022,-20.022943205464056,23.1350716692306,1,1,True,False,24
Ngamiland West,Xhaoga,6,2022,-21.021263341711585,21.368571272306134,1,1,True,False,6
Ngamiland West,Xaxana,11,2022,-20.36634371220972,22.941920845791632,1,1,True,False,11
Ngamiland West,Gucha,71,2022,-20.209628984105013,21.53580297636696,1,1,True,False,71
Ngamiland West,Ikoga gate,37,2022,-20.129529785875597,21.363326256890225,1,1,True,False,37
Ngamiland West,Kajaja 1,8,2022,-20.56335897325845,21.49027168790597,1,1,True,False,8
Ngamiland West,Sephaneng,10,2022,-20.654435236608737,22.483197458153303,1,1,True,False,10
Ngamiland West,Thamache,94,2022,-20.79576172966567,22.87672098868443,1,1,True,False,94
Ngamiland West,Tsutsuruka,3,2022,-20.327993642543696,23.354540025906545,1,1,True,False,3
Ngamiland West,Xamocha,3,2022,-19.877888089241566,21.39275755107934,1,1,True,False,3
Ngamiland West,Xiri,12,2022,-19.906931493560403,22.7926193582868,1,1,True,False,12
Ngamiland West,Kashiosho,6,2022,-20.57434550569738,23.24520569751862,1,1,True,False,6
Ngamiland West,Xhowi,3,2022,-20.701488446071366,21.92052989345106,1,1,True,False,3
Ngamiland West,Xenxana,10,2022,-20.04039173808295,21.252529731505295,1,1,True,False,10
Ngamiland West,Samora,67,2022,-20.119849305223305,21.47137023996016,1,1,True,False,67
Ngamiland West,Xeriga,95,2022,-20.393333625278647,21.286528551126313,1,1,True,False,95
Ngamiland West,Nxamasere Lands,10,2022,-20.538156139425972,23.57067249291742,1,1,True,False,10
Ngamiland West,Congo,1,2022,-20.868409411545407,22.10511086209186,1,1,True,False,1
Ngamiland West,Nxamasere Cattle Post,2,2022,-20.044943041207567,22.526101661954502,1,1,True,False,2
Ngamiland West,Tanxana,10,2022,-20.25372200046758,23.230417035060487,1,1,True,False,10
Ngamiland West,Nxamasere Island Lodge,17,2022,-20.553282907119247,22.09017349725889,1,1,True,False,17
Ngamiland West,Okhutse,115,2022,-19.878529907964353,22.88711362064655,1,1,True,False,115
Ngamiland West,Shakawe Lands,31,2022,-20.201166508629388,21.243814835662718,1,1,True,False,31
Ngamiland West,Setoto,32,2022,-19.86551701266611,22.404257353115693,1,1,True,False,32
Ngamiland West,Kgomokgwana,10,2022,-20.431842748245472,21.300768524664463,1,1,True,False,10
Ngamiland West,Xaodumo,49,2022,-20.45648998022027,21.736452648813703,1,1,True,False,49
Ngamiland West,Dineva,21,2022,-19.855555309383295,21.865800394362864,1,1,True,False,21
Ngamiland West,Mahorameno,27,2022,-19.827474582496848,23.08370779735496,1,1,True,False,27
Ngamiland West,Xaree,3,2022,-19.82625945519991,22.958887467707093,1,1,True,False,3
Ngamiland West,Zao,1,2022,-20.00290836666833,23.16838508354135,1,1,True,False,1
Ngamiland West,Kwaronga,1,2022,-20.44679237599041,21.200969030997904,1,1,True,False,1
Ngamiland West,Motswere,1,2022,-20.760702464638765,23.876991054193716,1,1,True,False,1
Ngamiland West,Njou,19,2022,-20.545115736999556,21.179911821179374,1,1,True,False,19
Ngamiland West,Nxaunxau Cattle Post,60,2022,-19.8542376933291,23.394222593212113,1,1,True,False,60
Ngamiland West,Gonitsuga,4,2022,-20.56987746014365,23.148831768319386,1,1,True,False,4
Ngamiland West,Mogotlho,10,2022,-20.080331566142952,22.722500729384524,1,1,True,False,10
Ngamiland West,Kavazorotua,10,2022,-19.87327990125196,22.283545494840595,1,1,True,False,10
Ngamiland West,Rumobuinja,7,2022,-19.814275109564676,23.197242902856267,1,1,True,False,7
Ngamiland West,Xara,15,2022,-19.84256237904059,23.14765150475253,1,1,True,False,15
Ngamiland West,Metsimatala,11,2022,-20.331427697368902,21.417492547600748,1,1,True,False,11
Ngamiland West,Ozondjombo mbari,1,2022,-20.410093000688693,23.29915586546166,1,1,True,False,1
Ngamiland West,Susadiwamba,5,2022,-19.792798383429066,21.249203699982353,1,1,True,False,5
Ngamiland West,Jerusalema Cattle Post,2,2022,-20.750890817954446,22.460640852807472,1,1,True,False,2
Ngamiland West,Njombo mbari,2,2022,-20.789053257254004,22.875570715908918,1,1,True,False,2
Ngamiland West,Okaramba Cattle Post,1,2022,-19.823252451508665,23.38257029459794,1,1,True,False,1
Ngamiland West,Jobo,11,2022,-20.1644071351901,22.35317062567674,1,1,True,False,11
Ngamiland West,Marunga,13,2022,-20.354778671111852,21.703650958196313,1,1,True,False,13
Ngamiland West,Njovo,14,2022,-20.85813459659303,22.432258829541286,1,1,True,False,14
Ngamiland West,Jobo Gate,1,2022,-20.383496443658064,21.741975938864453,1,1,True,False,1
Ngamiland West,Nxonicha,1,2022,-19.846861863356096,22.54153719312592,1,1,True,False,1
Ngamiland West,Shaiwago,290,2022,-20.271867677406373,22.351442316882164,1,1,True,False,290
Ngamiland West,Madole Vet Camp,5,2022,-20.51873388465528,23.26433910085199,1,1,True,False,5
Ngamiland West,Malatswa,28,2022,-20.336351751034698,21.712929415688315,1,1,True,False,28
Ngamiland West,Shamanbungu,1,2022,-19.919175103335064,21.597797067099574,1,1,True,False,1
Ngamiland West,Xanxana,423,2022,-19.885925228133328,22.38496484075136,1,1,True,False,423
Ngamiland West,Etsha No 11,16,2022,-20.524387420801794,21.16867082049386,1,1,True,False,16
Ngamiland West,Etsha No 12,25,2022,-20.26543066700191,21.682070030618824,1,1,True,False,25
Ngamiland West,Xanxe,16,2022,-20.674907704425813,22.039092286141912,1,1,True,False,16
Ngamiland West,Gwexana,1,2022,-20.46088849674416,22.423560650966184,1,1,True,False,1
Ngamiland West,Guma,10,2022,-20.74876979445738,21.79717698297813,1,1,True,False,10
Ngamiland West,Chautsha,2,2022,-20.360794907554865,22.63314691500601,1,1,True,False,2
Ngamiland West,Nxweree,32,2022,-20.302562030669154,23.545417499308137,1,1,True,False,32
Ngamiland West,Boajankwe,123,2022,-20.601899601516976,22.584604834061253,1,1,True,False,123
Ngamiland West,Xhademoxhao,23,2022,-20.68372871431469,21.84713658853147,1,1,True,False,23
Ngamiland West,Kubuga,15,2022,-20.83450691897967,21.20161761084286,1,1,True,False,15
Ngamiland West,Nxwee,130,2022,-20.8488036226544,21.416022621012782,1,1,True,False,130
Ngamiland West,Chiki,37,2022,-20.136682326151913,22.634814474843168,1,1,True,False,37
Ngamiland West,Pampiri,11,2022,-20.74658410476546,22.986460290835616,1,1,True,False,11
Ngamiland West,Dineha,250,2022,-20.87565726610023,21.166269639660268,1,1,True,False,250
Ngamiland West,Phatayanare,7,2022,-19.778813912105065,21.556356369045208,1,1,True,False,7
Ngamiland West,Bolatswanamane,49,2022,-20.698921747422347,21.939695492070342,1,1,True,False,49
Ngamiland West,Dirurubele,3,2022,-19.906844128189608,21.94168160596575,1,1,True,False,3
Ngamiland West,Majwana,7,2022,-20.26402993724366,23.77505777134778,1,1,True,False,7
Ngamiland West,Ditlou,9,2022,-20.132188527010996,21.60866414961995,1,1,True,False,9
Ngamiland West,Mokolwane,18,2022,-20.324129500102963,21.203166043836937,1,1,True,False,18
Ngamiland West,Guda,6,2022,-20.797419482904665,22.03711120566356,1,1,True,False,6
Ngamiland West,Quaku,34,2022,-19.967852276960507,21.40963705270864,1,1,True,False,34
Ngamiland West,Mopako,20,2022,-19.99160819372728,21.38707272070859,1,1,True,False,20
Ngamiland West,Qwee,86,2022,-20.58714619187551,22.19338439402051,1,1,True,False,86
Ngamiland West,Samoshoma,10,2022,-20.071449596915354,21.90326494195369,1,1,True,False,10
Ngamiland West,Kaninangombe,3,2022,-20.34639105144321,21.28701121099773,1,1,True,False,3
Ngamiland West,Apolamosese,11,2022,-19.890656189779055,22.758504990524873,1,1,True,False,11
Ngamiland West,Dikgakaneng,5,2022,-20.022921642543977,22.463952650896367,1,1,True,False,5
Ngamiland West,Nakatsaphala,11,2022,-20.97151024021831,21.24502003343269,1,1,True,False,11
Ngamiland West,Mekambo,8,2022,-19.92772816105397,23.50043185562138,1,1,True,False,8
Ngamiland West,Otjipingi,5,2022,-19.816548430353336,21.841031983828685,1,1,True,False,5
Ngamiland West,Shiqou,7,2022,-20.09846243076996,23.783594807049095,1,1,True,False,7
Ngamiland West,Majwaneng,15,2022,-20.873246026806367,23.697924612492784,1,1,True,False,15
Ngamiland West,Nokaneng Cattle Post,52,2022,-20.01725433289698,22.269879044423018,1,1,True,False,52
Ngamiland West,Ramuchuri,2,2022,-20.21633696104437,21.67984894413768,1,1,True,False,2
Ngamiland West,Vet Camp A1,2,2022,-20.60066742721646,23.420360800372087,1,1,True,False,2
Ngamiland West,Karangana/Water Utilities Camp,4,2022,-19.921808011274102,22.060855445841206,1,1,True,False,4
Ngamiland West,The Lodge employees live in Chalets,22,2022,-20.3183423345726,21.49320173614708,1,1,True,False,22
Ngamiland West,Rukonga,58,2022,-19.960535345474984,22.60722729520327,1,1,True,False,58
Ngamiland West,Xhamokucha,13,2022,-20.188165876291574,22.428649765653056,1,1,True,False,13
Ngamiland West,Puya,24,2022,-20.66331103902012,23.46389662610577,1,1,True,False,24
Ngamiland West,Disaneng,50,2022,-19.808514395904716,23.117288941052397,1,1,True,False,50
Ngamiland West,Senono,18,2022,-20.311570154999703,23.538885963742242,1,1,True,False,18
Ngamiland West,Morwana,23,2022,-20.37911976090551,23.1328529574176,1,1,True,False,23
Ngamiland West,Mosweu,7,2022,-20.520127196909346,22.867225749178562,1,1,True,False,7
Ngamiland West,Shongoahongo,21,2022,-20.85278742457043,22.459581564859498,1,1,True,False,21
Ngamiland West,Setutu,23,2022,-20.168120091061613,23.858730257314033,1,1,True,False,23
Ngamiland West,Shamombi,12,2022,-20.486147671000655,23.777233275113566,1,1,True,False,12
Ngamiland West,Dugamcha,4,2022,-19.858826036568203,23.460552464627238,1,1,True,False,4
Ngamiland West,Satabaa,1,2022,-19.820868155785682,23.24945334191279,1,1,True,False,1
Ngamiland West,Dobetsha,5,2022,-20.066730291883573,22.68172925017012,1,1,True,False,5
Ngamiland West,Nxauxau,9,2022,-20.72061437246008,21.769378232824703,1,1,True,False,9
Ngamiland West,Kaowarongo,3,2022,-20.131056048385982,23.536875099305533,1,1,True,False,3
Ngamiland West,Botshabelo,10,2022,-20.997127918051117,21.054734722055542,1,1,True,False,10
Ngamiland West,Ipopeng,8,2022,-19.993565893129638,21.676613652992753,1,1,True,False,8
Ngamiland West,Zaza,11,2022,-20.407928322042928,22.182710221234704,1,1,True,False,11
Ngamiland West,Moporota,65,2022,-19.85617743516441,22.706411065788558,1,1,True,False,65
Ngamiland West,Xheo,26,2022,-20.5521892178231,22.633844013545463,1,1,True,False,26
Ngamiland West,Omojiri,20,2022,-20.694866175897754,21.528412206438695,1,1,True,False,20
Ngamiland West,Xhanara,13,2022,-19.783564584966932,21.32453636646429,1,1,True,False,13
Ngamiland West,Bodiba ja basadi,8,2022,-20.361784040320355,21.661940994075415,1,1,True,False,8
Ngamiland West,Xhara,15,2022,-19.94776684686527,22.02474951957067,1,1,True,False,15
Ngamiland West,Tsaa,18,2022,-19.888155905390732,21.06402901809985,1,1,True,False,18
Ngamiland West,Xowa,10,2022,-20.37698623768635,23.011570935606475,1,1,True,False,10
Ngamiland West,Matalela,6,2022,-20.45512517278156,21.734854472511604,1,1,True,False,6
Ngamiland West,Dexhua,3,2022,-20.334131712073074,22.032488125545434,1,1,True,False,3
Ngamiland West,Sejamokate,7,2022,-19.966995701205715,21.985112405491066,1,1,True,False,7
Ngamiland West,Manxwa,7,2022,-19.821412206602957,22.49303373210644,1,1,True,False,7
Ngamiland West,Modia,35,2022,-20.613746710484627,23.491978126595324,1,1,True,False,35
Ngamiland West,Xaweche,2,2022,-20.10285259559462,21.45254939194473,1,1,True,False,2
Ngamiland West,Thale,83,2022,-20.66722282572584,22.00183590066784,1,1,True,False,83
Ngamiland West,Xokwedau,27,2022,-20.2618296534452,23.010345076602633,1,1,True,False,27
Ngamiland West,Xurube,103,2022,-20.020474658598783,21.150662568154385,1,1,True,False,103
Ngamiland West,Qoboga,52,2022,-19.918750212306964,23.40636840629374,1,1,True,False,52
Ngamiland West,Tlama,92,2022,-20.463838389293247,23.784870453186922,1,1,True,False,92
Ngamiland West,Semotsoka,14,2022,-20.56215582112013,22.768075513153924,1,1,True,False,14
Ngamiland West,Mowana,533,2022,-20.70697148565948,23.769607188370834,1,1,True,False,533
Ngamiland West,Xcacha,22,2022,-20.856432010505305,22.209492812572414,1,1,True,False,22
Ngamiland West,Moswaapoo,7,2022,-20.568179984156036,22.21514796166669,1,1,True,False,7
Ngamiland West,Gwekachumu,5,2022,-19.93681545235163,21.32870103166809,1,1,True,False,5
Ngamiland West,Shanda,15,2022,-20.501076587318874,21.125444281164768,1,1,True,False,15
Ngamiland West,Phale,14,2022,-20.627479366469654,21.72560161740562,1,1,True,False,14
Ngamiland West,Xhoko,12,2022,-20.10222770304996,22.39628522997552,1,1,True,False,12
Ngamiland West,Nxhabe,15,2022,-20.754121641908377,22.481127438676584,1,1,True,False,15
Ngamiland West,Mankotarefu,19,2022,-20.70344125674287,21.648294619244908,1,1,True,False,19
Ngamiland West,Xamoga,13,2022,-19.857212154247506,22.782913049093185,1,1,True,False,13
Ngamiland West,Okavango Game Farm,4,2022,-20.920964839006754,21.543885838956797,1,1,True,False,4
Ngamiland West,Gidichaa Camp,3,2022,-20.506279229813444,21.960163764839447,1,1,True,False,3
Ngamiland West,Xube,8,2022,-20.304415983043185,21.585522570596186,1,1,True,False,8
Ngamiland West,Lobala,30,2022,-20.735847560734623,23.023650536252486,1,1,True,False,30
Ngamiland West,Xaixai,29,2022,-20.672654148292594,22.50664899200943,1,1,True,False,29
Ngamiland West,Qchwiihaba,5,2022,-20.746325909619294,23.136866840993484,1,1,True,False,5
Ngamiland West,Game,2,2022,-20.592749220505407,21.188030785803978,1,1,True,False,2
Ngamiland West,Tshimologo,4,2022,-19.903784254581335,22.24480410197328,1,1,True,False,4
Ngamiland West,Tsogaboroko,21,2022,-20.485166310178332,23.799607415451124,1,1,True,False,21
Ngamiland West,Tshenolo,1,2022,-20.5022974535629,21.177613723189705,1,1,True,False,1
Ngamiland West,Mmaetsho,4,2022,-20.5412059767935,22.224756338047996,1,1,True,False,4
Ngamiland West,Xhaba,1,2022,-19.82209019495086,21.1396583179299,1,1,True,False,1
Ngamiland West,Tobere 2,3,2022,-20.876500958889206,21.44469312746991,1,1,True,False,3
Ngamiland West,Tobere 3,4,2022,-19.93694293524361,22.351494761593983,1,1,True,False,4
Ngamiland West,Tobere 4,41,2022,-20.615192378001716,21.47586999677663,1,1,True,False,41
Ngamiland West,Keisha,38,2022,-19.831558461122853,22.51291566136685,1,1,True,False,38
Ngamiland West,Nxhumola,14,2022,-20.630051740021447,23.672641814799295,1,1,True,False,14
Ngamiland West,Sekondomboro Lands,5,2022,-20.919365235214485,21.599009609106893,1,1,True,False,5
Ngamiland West,Samochema Lands,77,2022,-20.375027407824117,21.331392673978563,1,1,True,False,77
Ngamiland West,Magonono,3,2022,-20.738829857519004,23.392869798056296,1,1,True,False,3
Ngamiland West,Samochema Irrigation Farm,1,2022,-20.08497299023277,22.345016552018766,1,1,True,False,1
Ngamiland West,Xaro Laxurious Lodge,2,2022,-20.204113881255804,23.557464525117577,1,1,True,False,2
Ngamiland West,Xhauga Lands,265,2022,-20.167800987420424,21.90249601961291,1,1,True,False,265
Ngamiland West,Sephani,5,2022,-20.78163314372493,22.825189074786984,1,1,True,False,5
Ngamiland West,Hongwa,31,2022,-20.14020715156906,23.674312238791025,1,1,True,False,31
Ngamiland West,Nende,11,2022,-20.634903105748513,21.51658452374746,1,1,True,False,11
Ngamiland West,Nxadao,18,2022,-19.779060029983086,23.32239793202565,1,1,True,False,18
Ngamiland West,Badiba,5,2022,-20.11139768962639,22.836628392086894,1,1,True,False,5
Ngamiland West,Shaowe,21,2022,-20.28740688278481,23.357473629646964,1,1,True,False,21
Ngamiland West,Nhango,12,2022,-19.942866898563096,21.513706699437794,1,1,True,False,12
Ngamiland West,Changu,4,2022,-20.288776305029455,22.26984988914115,1,1,True,False,4
Ngamiland West,Moiyagogo,171,2022,-20.334301161634045,21.39354708109261,1,1,True,False,171
Ngamiland West,Katjiratjira,7,2022,-20.72706318911369,23.77986659379801,1,1,True,False,7
Ngamiland West,Kachirachira,39,2022,-20.178206883356534,21.20365801905605,1,1,True,False,39
Ngamiland West,Kwaga,14,2022,-20.556068614098468,21.211672298327535,1,1,True,False,14
Ngamiland West,Katlapa,21,2022,-20.968911795227612,23.602091037079003,1,1,True,False,21
Ngamiland West,Chukumuchu,620,2022,-20.006439102435337,21.88710535810638,1,1,True,False,620
Ngamiland West,Kwahapeke,11,2022,-20.95796628216682,22.737595975856877,1,1,True,False,11
Ngamiland West,Machirero,8,2022,-20.185443518945487,21.84896242392546,1,1,True,False,8
Ngamiland West,Matanga,6,2022,-20.827415452130232,22.886125272067254,1,1,True,False,6
Ngamiland West,Xabachaa,121,2022,-20.48394336415034,21.57622083097427,1,1,True,False,121
Ngamiland West,Rupunguya,10,2022,-19.952860598635525,22.34099634504608,1,1,True,False,10
Ngamiland West,Xhinigova,39,2022,-20.90498978167917,22.555221598531713,1,1,True,False,39
Ngamiland West,Dibitama,11,2022,-20.19185533405224,21.981498669292705,1,1,True,False,11
Ngamiland West,Kudixama,44,2022,-20.259755610649677,21.74626057741746,1,1,True,False,44
Ngamiland West,Maibairwe,11,2022,-19.9423539389137,21.42618621700384,1,1,True,False,11
Ngamiland West,Quecha,11,2022,-20.807475693175455,23.05086762549738,1,1,True,False,11
Ngamiland West,Matswiri,6,2022,-20.02670298796524,21.50678631885704,1,1,True,False,6
Ngamiland West,Tjiponga,3,2022,-20.462088942241127,21.86231401704232,1,1,True,False,3
Ngamiland West,Boodom,7,2022,-20.488831318290774,21.990874269468275,1,1,True,False,7
Ngamiland West,Four rivers farm,8,2022,-20.572081300904784,22.328070204699703,1,1,True,False,8
Ngamiland West,Xwixana,102,2022,-20.542459508586592,23.040602766156944,1,1,True,False,102
Ngamiland West,Kaudobe,24,2022,-20.375129831035512,22.252219477770897,1,1,True,False,24
Ngamiland West,Xuisho,13,2022,-20.889574520886317,23.524400404357316,1,1,True,False,13
Ngamiland West,Matseretsere,9,2022,-20.493286507325298,22.975197679033002,1,1,True,False,9
Ngamiland West,Gudingwa BDF Camp,13,2022,-20.21074354601228,23.430793217958765,1,1,True,False,13
Ngamiland West,Etsha No 2,17,2022,-20.40223328569334,23.080177192401717,1,1,True,False,17
Ngamiland West,Etsha No 3,46,2022,-20.8160739343503,21.45037290107275,1,1,True,False,46
Ngamiland West,Babalampa,37,2022,-20.570503262669256,23.83109618379079,1,1,True,False,37
Ngamiland West,Nyiki,17,2022,-20.471003599973578,23.28179854686998,1,1,True,False,17
Ngamiland West,Nxara,9,2022,-20.189708531184202,22.667841053515613,1,1,True,False,9
Ngamiland West,Ngochu,9,2022,-19.900969515791402,21.498025349590314,1,1,True,False,9
Ngamiland West,Kajaja Lands,41,2022,-20.337257581627817,21.51941180696625,1,1,True,False,41
Ngamiland West,Makwina,20,2022,-20.180378254379047,22.78729242150265,1,1,True,False,20
Ngamiland West,Kajaja 2,68,2022,-20.926443569453003,22.218493573085247,1,1,True,False,68
Ngamiland West,Kaputura Cattle Post,18,2022,-19.83410424180893,22.96392658516987,1,1,True,False,18
Ngamiland West,Localities with No Affiliation,420,2022,-20.630074844829892,22.092841319232118,1,1,True,False,420
Ngamiland West,Kwando 2,12,2022,-20.581410690751333,22.495948635623822,1,1,True,False,12
Ngamiland West,Kwando 1,20,2022,-20.745083980212563,21.563269800310106,1,1,True,False,20
Ngamiland West,Lagoon Camp,40,2022,-20.917129314151342,21.469232030613544,1,1,True,False,40
Ngamiland West,Xhoroma Veterinary Camp,0,2022,-20.038831609395245,21.240843323440824,1,1,True,False,0
Ngamiland West,Phala Phala BDF Camp,7,2022,-20.723110496233804,23.376686484438057,1,1,True,False,7
Ngamiland West,Kapotora Veterinary Camp,8,2022,-20.67056821439799,22.618074632537358,1,1,True,False,8
Ngamiland West,Lebala Camp,17,2022,-20.79619291157253,23.74271566026117,1,1,True,False,17
Ngamiland West,James BDF Camp,15,2022,-19.808680517891688,23.175292727828168,1,1,True,False,15
Ngamiland West,Selinda Explore Camp,13,2022,-20.05005286527219,23.23063236765472,1,1,True,False,13
Ngamiland West,Xhoroma BDF Camp 3,18,2022,-19.86469424052548,22.48507775360724,1,1,True,False,18
Ngamiland West,Motswiri/Pioneer Camp,19,2022,-19.949583734683422,23.364671220991234,1,1,True,False,19
Ngamiland West,BDF Camp,251,2022,-19.894083258936615,23.72813901341111,1,1,True,False,251
Chobe,Munga/shorobe,2,2022,-18.941058781154954,25.075181610415076,1,1,True,False,2
Chobe,Mpeteke,8,2022,-18.087075331750192,24.713854900212418,1,1,True,False,8
Chobe,Matomporo,1,2022,-18.524975984391254,24.39927829641619,1,1,True,False,1
Chobe,Chakabi,8,2022,-18.26711145957283,24.783239572826577,1,1,True,False,8
Chobe,Kataba,22,2022,-18.68480084790873,25.852401028121307,1,1,True,False,22
Chobe,Barangwe,26,2022,-18.794608836172152,24.931807623098848,1,1,True,False,26
Chobe,Sandweza,15,2022,-18.34481594758644,24.850261013566865,1,1,True,False,15
Chobe,Park Quarters Camp,34,2022,-18.15176828962389,25.418512706532997,1,1,True,False,34
Chobe,Serondela,8,2022,-18.7468988212806,24.664578209724375,1,1,True,False,8
Chobe,Sedudu,3,2022,-18.46027712511841,24.763898312878812,1,1,True,False,3
Chobe,Ihaha,16,2022,-18.4504051482772,24.57814620335538,1,1,True,False,16
Chobe,Nogatshaa,15,2022,-18.722521371865657,24.19622165275925,1,1,True,False,15
Chobe,BDF Camp,4,2022,-18.307139935690582,25.351861293409538,1,1,True,False,4
Chobe,Wildlife Camp,34,2022,-18.805870640478812,25.67875124471786,1,1,True,False,34
Chobe,Chobe Farms,2,2022,-17.7943742,25.1874338,7,7,False,True,2
Chobe,New Base BDF Camp,17,2022,-18.372945324971955,25.74560208293521,1,1,True,False,17
Chobe,Matlhabanelo,10,2022,-18.84454947157736,25.694707591135526,1,1,True,False,10
Chobe,Seriba,22,2022,-18.401750527446694,24.813910283811516,1,1,True,False,22
Chobe,Legotlhwana,26,2022,-18.608737030665008,24.46957781183658,1,1,True,False,26
Chobe,Lesoma Lands,27,2022,-18.441371741043195,25.196064716194222,1,1,True,False,27
Chobe,Lesoma Cattlepost,1,2022,-18.463382443490204,25.846431964683767,1,1,True,False,1
Chobe,Chobe Bush Camp,3,2022,-17.899120361505172,25.379046606171904,1,1,True,False,3
Chobe,Elephant Valley Lodge,11,2022,-18.396522783797806,24.902324344524107,1,1,True,False,11
Chobe,Senyanti Safari Camp,17,2022,-17.8722691,25.2357348,7,7,False,True,17
Chobe,Bofinet 25,1,2022,-18.005543951848153,25.30053375509626,1,1,True,False,1
Chobe,Mowana,31,2022,-18.71101055026881,25.472434188626586,1,1,True,False,31
Chobe,Tinto Cattle Post,1,2022,-18.560562797283044,25.773680837700333,1,1,True,False,1
Chobe,Baobao Safari Lodge,227,2022,-18.890175265174825,25.453295340476778,1,1,True,False,227
Chobe,Ikonde Lands (Chituza Mataku),130,2022,-18.47885385033524,24.77573743705774,1,1,True,False,130
Chobe,Huhuwe,20,2022,-18.18379953887688,24.448103589129044,1,1,True,False,20
Chobe,Namathanga,8,2022,-17.982139565256013,24.91265755189142,1,1,True,False,8
Chobe,Nangombe,12,2022,-18.306110061980917,24.56014140099432,1,1,True,False,12
Chobe,Mabozo,9,2022,-18.21786492572767,25.821917904253123,1,1,True,False,9
Chobe,Kobongo,3,2022,-18.768587381983547,24.929254766929102,1,1,True,False,3
Chobe,Dibogola-Poo,2,2022,-18.935255116713545,24.85553078849457,1,1,True,False,2
Chobe,Pandamatenga Lands,22,2022,-18.037447816324075,24.60123989748662,1,1,True,False,22
Chobe,Lands 256,9,2022,-18.780759379482127,25.19910988201118,1,1,True,False,9
Chobe,Mahabapi,12,2022,-18.87104044364977,24.954066757521456,1,1,True,False,12
Chobe,Pandamatenga BDF Camp,330,2022,-17.863862652802382,24.15131976210734,1,1,True,False,330
Chobe,Guest House Ward,15,2022,-17.83297230001732,25.670902226817734,1,1,True,False,15
Chobe,Guest House Ward 1,15,2022,-18.246204391998237,24.62344693601999,1,1,True,False,15
Chobe,Mazunzwe,45,2022,-18.528963897806666,24.774480713047158,1,1,True,False,45
Chobe,Liambezi,14,2022,-17.98800310963671,24.308620545016105,1,1,True,False,14
Chobe,Maholo,26,2022,-18.735919413589436,25.0225296367517,1,1,True,False,26
Chobe,Masandzo,21,2022,-18.46856715909014,25.32772944386394,1,1,True,False,21
Chobe,Localities with No Affiliation,"1,163",2022,-18.554690909794747,25.695451580345765,1,1,True,False,1163
Chobe,Masedi's Farm 1,3,2022,-17.893447955517072,23.992329064963638,1,1,True,False,3
Chobe,Farm Q 10,7,2022,-17.88502606792843,25.8846741038764,1,1,True,False,7
Chobe,Farm Q 94,2,2022,-18.204997528682256,25.33134831143715,1,1,True,False,2
Chobe,H J Fourie,4,2022,-18.847752108980405,24.47005512973238,1,1,True,False,4
Chobe,Chaina Civil,4,2022,-18.405736457054257,24.306172691306667,1,1,True,False,4
Chobe,R P Fourie's Farm,8,2022,-18.68759683068619,24.494259005305903,1,1,True,False,8
Chobe,John Smith's Farm,25,2022,-17.926510332858676,25.684283878733037,1,1,True,False,25
Chobe,Nkhwane Farm,4,2022,-18.814834513268686,24.48461430368977,1,1,True,False,4
Chobe,Klepstone Farm,8,2022,-18.91490167258541,24.836570467481597,1,1,True,False,8
Chobe,Farm Q 109,19,2022,-18.14128310509158,25.33529080652396,1,1,True,False,19
Chobe,Farm Q 19,22,2022,-18.44013443580052,25.67661391772846,1,1,True,False,22
Chobe,Van Dyk's Farm 1,6,2022,-17.981904126523393,25.238454866283504,1,1,True,False,6
Chobe,Chandra Farm,6,2022,-18.89072235094561,25.4325460828358,1,1,True,False,6
Chobe,Chandu Farm,5,2022,-18.026276439861306,24.242224405808614,1,1,True,False,5
Chobe,Van Dyk's Farm 2,20,2022,-18.9351019508318,25.687737263233466,1,1,True,False,20
Chobe,Farm Q 13,6,2022,-18.946126668272807,24.452440994207976,1,1,True,False,6
Chobe,Chobe Chinamba Farm,8,2022,-18.4256281,24.7142918,7,7,False,True,8
Chobe,Farm Q 29,4,2022,-18.430579401491386,24.149942661338063,1,1,True,False,4
Chobe,Farm Q 5,14,2022,-18.716200110475164,25.890653364039622,1,1,True,False,14
Chobe,Farm Q 18,21,2022,-18.27302451881697,24.300352647313737,1,1,True,False,21
Chobe,Farm 1,3,2022,-18.948807680483146,24.16692919051662,1,1,True,False,3
Chobe,Farm 19,28,2022,-18.937416683222036,25.171627582933073,1,1,True,False,28
Chobe,Wildtrack Safari Eco,7,2022,-18.114247739752756,24.541017670209808,1,1,True,False,7
Chobe,M LeRoox Farm,6,2022,-18.729439812414835,24.160148452346604,1,1,True,False,6
Chobe,Farm 26,2,2022,-18.198415597443056,25.120507108578938,1,1,True,False,2
Chobe,Farm Q 14,11,2022,-18.087147875089748,25.444609861763382,1,1,True,False,11
Chobe,Farm 16,21,2022,-18.908926989378088,25.514851128967628,1,1,True,False,21
Chobe,Agric Research Farm,17,2022,-18.06354873557596,24.205650989995643,1,1,True,False,17
Chobe,Van Heedern,4,2022,-18.660117145368698,25.02965137696703,1,1,True,False,4
Chobe,Farm Q 50,20,2022,-18.515982943850837,25.5568975652492,1,1,True,False,20
Chobe,TG 28 Farm,2,2022,-18.876431393540305,24.21709552771741,1,1,True,False,2
Chobe,Bornfree Farm,4,2022,-17.98158867184524,24.31275783931553,1,1,True,False,4
Chobe,Farm Q 32,23,2022,-18.31228136977986,23.891326717085708,1,1,True,False,23
Chobe,Forest,16,2022,-18.37899498264659,24.96347563015319,1,1,True,False,16
Chobe,Mulder Farm/???,12,2022,-17.8269826744441,24.28606706306073,1,1,True,False,12
Chobe,Farm 47,42,2022,-18.5814788533722,25.373281495853533,1,1,True,False,42
Chobe,Farm Q 111,5,2022,-17.919532826367757,25.86184819406187,1,1,True,False,5
Chobe,Pandamatenga Farm two,36,2022,-18.123125610608955,24.31496124793405,1,1,True,False,36
Chobe,Farm 121,4,2022,-17.87461301682059,25.219003970904108,1,1,True,False,4
Chobe,Farm Q46,1,2022,-17.89927633028452,24.321282529262934,1,1,True,False,1
Chobe,Farm Q21,8,2022,-17.80023821806215,23.92334496382142,1,1,True,False,8
Chobe,Eagle Ranch,2,2022,-18.822838273762102,25.44372492987806,1,1,True,False,2
Chobe,Prospects Visions Farm,3,2022,-18.032297353984724,24.777408867393437,1,1,True,False,3
Chobe,Mababe Game Scout Camp,1,2022,-18.02220887491489,25.830175819245795,1,1,True,False,1
Chobe,Lenyanti Camp (Dept of W/life),2,2022,-18.212747054541087,24.983291096048635,1,1,True,False,2
Chobe,Savuti Elephant Camp,62,2022,-18.5692772,24.0543131,7,7,False,True,62
Chobe,Savuti Safari Camp,27,2022,-18.647694219830075,24.20969604666766,1,1,True,False,27
Chobe,Savuti Game Scout Camp,1,2022,-17.83103633695181,24.80978496795746,1,1,True,False,1
Chobe,Savuti BDF Camp,10,2022,-18.736273810685475,24.302922796434697,1,1,True,False,10
Chobe,Linyanti Lorros BDF Camp,16,2022,-18.3850517848917,25.689013120259897,1,1,True,False,16
Chobe,Lenyanti Base Camp(BDF),26,2022,-18.358977587794115,25.30483408461795,1,1,True,False,26
Chobe,Lenyanti Tentered Camp,3,2022,-18.786957743672183,24.586955986657532,1,1,True,False,3
Chobe,Ghoha Hill Camp,24,2022,-18.119744989932222,24.970016985918875,1,1,True,False,24
Chobe,Ghoha Wildlife Gate,5,2022,-18.873780184976262,25.26085163093057,1,1,True,False,5
Chobe,New Savuti Wildlife Camp,4,2022,-18.154766901594673,25.493621252301175,1,1,True,False,4
Chobe,Toch of Africa Safaris,5,2022,-17.96970626095651,24.050922149077504,1,1,True,False,5
Chobe,Ghoha BDF Camp,12,2022,-18.56375948302682,23.932608286039496,1,1,True,False,12
Chobe,Savuti Camp,11,2022,-18.5649269,24.0643615,7,7,False,True,11
Chobe,Linyanti Camp,42,2022,-18.135343067495253,24.121352995471945,1,1,True,False,42
Chobe,Saile Tented Camp,22,2022,-18.792973417394343,24.697322779603468,1,1,True,False,22
Chobe,Tlouwana Camp,14,2022,-17.972879296486123,24.844547539122427,1,1,True,False,14
Chobe,Farm 14,59,2022,-17.846644599831112,24.16653841344891,1,1,True,False,59
Chobe,Tilodo Safari,2,2022,-18.797828849014536,24.730493538611647,1,1,True,False,2
Chobe,Lucky Bush Camp 1,10,2022,-18.156240441054514,24.793049219917368,1,1,True,False,10
Chobe,Farm Q15 (Fouries's Farm),4,2022,-18.37760769918611,24.1103430408381,1,1,True,False,4
Chobe,Farm Q27 (Smith's Farm),25,2022,-18.34706339759608,25.76832381461989,1,1,True,False,25
Chobe,Farm Q36,50,2022,-18.13883096200533,25.116451947488017,1,1,True,False,50
Chobe,Farm Q48 (Kruggers Farm),13,2022,-18.397944911707114,24.684058482267737,1,1,True,False,13
Chobe,Farm Q42,19,2022,-18.265161604922636,24.92708128612043,1,1,True,False,19
Chobe,Farm Q41(Cummings Farm),48,2022,-18.70476486843614,24.531438835397296,1,1,True,False,48
Chobe,Vandyks Farm(Q39),15,2022,-18.529119397909405,25.6403594701869,1,1,True,False,15
Chobe,Farm Q43,15,2022,-17.949923266827163,25.066910056077173,1,1,True,False,15
Chobe,Farm Q49 (J.J's Farm),65,2022,-18.848748857726328,24.90242135684485,1,1,True,False,65
Chobe,Natanga BDF Camp,3,2022,-18.2684353546231,25.756468365940012,1,1,True,False,3
Chobe,BDF 256 Camp,63,2022,-18.76023384598766,25.606789381479754,1,1,True,False,63
Chobe,Piet Strachah Farm 26,1,2022,-17.972176507357112,25.55509811038995,1,1,True,False,1
Ngamiland Delta,Localities with No Affiliation,"1,698",2022,-19.762273689265946,23.696006471419313,1,1,True,False,1698
Ngamiland Delta,Guma Lagoon Camp,19,2022,-18.66105002586355,22.138774622076102,1,1,True,False,19
Ngamiland Delta,Xugana Camp,22,2022,-19.000422033089286,22.698090962577343,1,1,True,False,22
Ngamiland Delta,Ivory Camp,82,2022,-19.618454973387944,21.890165087503078,1,1,True,False,82
Ngamiland Delta,Abu Camp,36,2022,-19.699858282404932,23.032416846245088,1,1,True,False,36
Ngamiland Delta,Oddballs Camp,43,2022,-19.373380676914152,21.32021085693359,1,1,True,False,43
Ngamiland Delta,Mombo Camp,61,2022,-18.70190419930955,21.23534501625763,1,1,True,False,61
Ngamiland Delta,Eagle Island Camp,32,2022,-18.710156620764216,23.15094462609962,1,1,True,False,32
Ngamiland Delta,Qorokwe Camp,102,2022,-20.09018869934979,23.10077705845141,1,1,True,False,102
Ngamiland Delta,Jao Camp,29,2022,-19.60367466748283,21.786009150158915,1,1,True,False,29
Ngamiland Delta,Delta Camp,34,2022,-19.385550614039623,22.042446946907397,1,1,True,False,34
Ngamiland Delta,Macatee Camp,27,2022,-19.091137435694662,23.757475335712208,1,1,True,False,27
Ngamiland Delta,Makwena Camp,17,2022,-19.88004858612544,21.328438430199192,1,1,True,False,17
Ngamiland Delta,Xigera Camp,76,2022,-19.54397862397605,21.55289858584747,1,1,True,False,76
Ngamiland Delta,Pompon Camp,20,2022,-18.54834998479143,22.256013648571418,1,1,True,False,20
Ngamiland Delta,Shindi Camp,22,2022,-19.288402762184514,21.834700857885068,1,1,True,False,22
Ngamiland Delta,Chitabe\Chitabe Trials,66,2022,-18.804268331298985,22.87961292241885,1,1,True,False,66
Ngamiland Delta,Tubutree Camp,34,2022,-19.273511241268316,22.998065000533344,1,1,True,False,34
Ngamiland Delta,Duba Plains Camp,118,2022,-19.309326057793704,22.530405411632337,1,1,True,False,118
Ngamiland Delta,Kwetsane Camp,19,2022,-19.0253847180934,22.77193129233781,1,1,True,False,19
Ngamiland Delta,Kanana Camp,36,2022,-19.681330465182032,22.265646485148274,1,1,True,False,36
Ngamiland Delta,Nxabega Camp,32,2022,-19.698630792133034,23.19680532942805,1,1,True,False,32
Ngamiland Delta,Semetsi / Bushmam Plains Camp,15,2022,-18.360633016376244,21.15121017535695,1,1,True,False,15
Ngamiland Delta,Stanley's Camp,65,2022,-18.578391787747655,21.922393789596192,1,1,True,False,65
Ngamiland Delta,Jacana Camp,12,2022,-18.815826103588407,22.980488835277402,1,1,True,False,12
Ngamiland Delta,Camp Okavango,36,2022,-19.90245096279619,21.970106402300388,1,1,True,False,36
Ngamiland Delta,Selby's Camp,3,2022,-20.09589042229981,21.254977504720905,1,1,True,False,3
Ngamiland Delta,Little Vumbura Camp,30,2022,-19.833216521994117,22.01387342756796,1,1,True,False,30
Ngamiland Delta,Wildlife Camp,8,2022,-18.45402920128203,23.057565750218096,1,1,True,False,8
Ngamiland Delta,Santury Baines Camp,15,2022,-18.673740731375762,21.378716404163562,1,1,True,False,15
Ngamiland Delta,Vumbura Camp,74,2022,-19.204223355129656,23.094977097091537,1,1,True,False,74
Ngamiland Delta,Kujwane Camp,34,2022,-18.39785418531574,23.239718397310398,1,1,True,False,34
Ngamiland Delta,Mmapula Lodge,43,2022,-19.885376512847056,22.840574836921306,1,1,True,False,43
Ngamiland Delta,Kwara Traing Camp,65,2022,-19.13895746479064,21.726866552569426,1,1,True,False,65
Ngamiland Delta,Seba Camp,50,2022,-19.81908734569733,23.32469790478117,1,1,True,False,50
Ngamiland Delta,Splash Camp,56,2022,-19.596182061759446,21.642024010867342,1,1,True,False,56
Ngamiland Delta,Sandibe Okavango Safari Lodge,46,2022,-18.449679783556714,23.61098203252308,1,1,True,False,46
Ngamiland Delta,Xaranna Camp,32,2022,-18.579682639581605,23.043756207152857,1,1,True,False,32
Ngamiland Delta,Ditshiping,2,2022,-19.96639853523836,21.18715440166014,1,1,True,False,2
Ngamiland Delta,Kurunxaraga,9,2022,-19.699098097435346,23.307587204484346,1,1,True,False,9
Ngamiland Delta,Habu,6,2022,-19.074989491524686,22.47357740588539,1,1,True,False,6
Ngamiland Delta,Moremi Crossing Safari Lodge,27,2022,-20.039573475790196,22.32040557028974,1,1,True,False,27
Ngamiland Delta,Kadizora Camp,17,2022,-19.15535930592713,22.228881471883817,1,1,True,False,17
Ngamiland Delta,Rra Dinare Camp,47,2022,-19.09311050987004,22.758924387205294,1,1,True,False,47
Ngamiland Delta,Pelo Camp,5,2022,-19.62415488456975,23.094826548760274,1,1,True,False,5
Ngamiland Delta,Mopiri Camp,24,2022,-19.620254611234646,23.58294661255335,1,1,True,False,24
Ngamiland Delta,Omogolo Bush Lodge,8,2022,-19.736122557861922,21.808631163282453,1,1,True,False,8
Ghanzi,Itekeng (Kgonama),75,2022,-21.987743899201003,25.31573903051003,1,1,True,False,75
Ghanzi,Bodibane,16,2022,-21.25545030230627,22.098491091265398,1,1,True,False,16
Ghanzi,Kopano,17,2022,-22.566064385580418,21.787382562107318,1,1,True,False,17
Ghanzi,Borolong,19,2022,-22.003628715641554,22.808491206456686,1,1,True,False,19
Ghanzi,Thusano,11,2022,-21.338788318555466,21.59835038063511,1,1,True,False,11
Ghanzi,Kgamelo,26,2022,-21.571696950584638,25.41172690159388,1,1,True,False,26
Ghanzi,Nxwere,6,2022,-23.204269511982265,21.20776014887418,1,1,True,False,6
Ghanzi,Otjiuapeke,33,2022,-21.193139533703487,22.02767381878428,1,1,True,False,33
Ghanzi,Florance Syndicate,7,2022,-23.191085100130657,22.361512973772896,1,1,True,False,7
Ghanzi,Government Camp,20,2022,-21.982451691450226,20.67476899885669,1,1,True,False,20
Ghanzi,Lonetree,133,2022,-22.0123377063363,22.103512646428285,1,1,True,False,133
Ghanzi,Lokaleng,3,2022,-21.54183327177103,24.73032799210683,1,1,True,False,3
Ghanzi,Ghanzi Land Fill,3,2022,-21.6960991,21.6481861,7,7,False,True,3
Ghanzi,Rooibrack Cattle Post,51,2022,-22.96413140344712,20.759558696779674,1,1,True,False,51
Ghanzi,Xarate,5,2022,-22.895179145859338,23.218729191344227,1,1,True,False,5
Ghanzi,Tsootsha Lands,24,2022,-21.618267610315286,22.23550202573856,1,1,True,False,24
Ghanzi,Gapebana,1,2022,-22.9617643505363,20.92681987188007,1,1,True,False,1
Ghanzi,Nxogodimo,36,2022,-22.24845984476817,20.049929187606324,1,1,True,False,36
Ghanzi,G11,62,2022,-21.663880436059447,21.496666963630684,1,1,True,False,62
Ghanzi,Nakalakgomo,7,2022,-21.843145329714442,20.324263055397758,1,1,True,False,7
Ghanzi,Shap,39,2022,-22.825543651894343,22.06994284339303,1,1,True,False,39
Ghanzi,Gobololo,5,2022,-22.61740703494144,24.472467260205182,1,1,True,False,5
Ghanzi,Ditshwene,5,2022,-21.134762205023325,23.970698030944824,1,1,True,False,5
Ghanzi,Lentswaneng,26,2022,-22.294776441729645,25.232808912510283,1,1,True,False,26
Ghanzi,Molaodi,17,2022,-23.1959664119449,22.348456891834726,1,1,True,False,17
Ghanzi,Fanta,13,2022,-22.805521223319005,23.904826911261775,1,1,True,False,13
Ghanzi,Rapela Modimo,8,2022,-22.53162770707965,23.6694769581479,1,1,True,False,8
Ghanzi,Lediba,6,2022,-21.066730369040453,21.184618039007432,1,1,True,False,6
Ghanzi,Bagotso,11,2022,-22.620235616432588,21.66427998616663,1,1,True,False,11
Ghanzi,Kgopha,11,2022,-23.236234666306107,22.918345769818114,1,1,True,False,11
Ghanzi,Tow Boys Syndicate,5,2022,-22.151529446212997,24.39734683680452,1,1,True,False,5
Ghanzi,Dihawa,16,2022,-23.108686463043597,22.54133511491826,1,1,True,False,16
Ghanzi,Dirang/Skunplas,15,2022,-22.684052481248678,21.24390069957501,1,1,True,False,15
Ghanzi,Tsootsha Cattle Post,18,2022,-21.08257364796397,25.488236941983512,1,1,True,False,18
Ghanzi,Lejwane,11,2022,-21.72409805915337,20.622193343631782,1,1,True,False,11
Ghanzi,Sholomoshongo,6,2022,-23.182123155346876,25.279952404778218,1,1,True,False,6
Ghanzi,Kaikwe,4,2022,-22.29474055039334,24.4660177173728,1,1,True,False,4
Ghanzi,Kruismeet,8,2022,-22.91241953869408,24.63145808263909,1,1,True,False,8
Ghanzi,Berebere,17,2022,-23.02097987210872,24.387703645905788,1,1,True,False,17
Ghanzi,Letlhakane,16,2022,-21.98622635746215,21.135422751412097,1,1,True,False,16
Ghanzi,Shape,1,2022,-22.167728239294256,23.487895022575973,1,1,True,False,1
Ghanzi,Karakubis Lands 1,41,2022,-21.63886889320125,24.176143319183332,1,1,True,False,41
Ghanzi,Lekaleng,16,2022,-21.305694402606893,24.114816505469204,1,1,True,False,16
Ghanzi,Karakubis Land 2,24,2022,-22.745108772310967,21.48681205021562,1,1,True,False,24
Ghanzi,High way,13,2022,-21.237280749687685,20.98547856003225,1,1,True,False,13
Ghanzi,Ralehika,7,2022,-22.140225487024825,21.800305528154873,1,1,True,False,7
Ghanzi,G6/Sebolelo,25,2022,-22.718013620585626,22.641283369506247,1,1,True,False,25
Ghanzi,David Bostricha,22,2022,-21.409411240236935,23.161963171802988,1,1,True,False,22
Ghanzi,Logonono Syndicate,44,2022,-23.21587033199364,24.620687348050687,1,1,True,False,44
Ghanzi,Xaxo,1,2022,-22.047662318999052,24.244234665915055,1,1,True,False,1
Ghanzi,Magapelwa,10,2022,-21.686234560622967,23.72938912946956,1,1,True,False,10
Ghanzi,Matloping,31,2022,-22.670875986306875,21.44204711929889,1,1,True,False,31
Ghanzi,Tswelelopele,7,2022,-21.369935677728144,22.635940111948994,1,1,True,False,7
Ghanzi,Malatso,5,2022,-22.759371488269878,21.840840183883245,1,1,True,False,5
Ghanzi,Poong,6,2022,-21.42259100564385,21.283735581071554,1,1,True,False,6
Ghanzi,Morolong,10,2022,-23.119968631495247,20.038340059296388,1,1,True,False,10
Ghanzi,Kaepe,1,2022,-22.938526713350065,21.863156453986132,1,1,True,False,1
Ghanzi,Masaasele,27,2022,-22.0966016,20.7653601,7,7,False,True,27
Ghanzi,Sedudu,11,2022,-22.445681918067365,21.401179140896716,1,1,True,False,11
Ghanzi,Morwalela,7,2022,-21.39097406666056,23.151551267656004,1,1,True,False,7
Ghanzi,Motlapele,10,2022,-22.97273208513276,20.32688379401444,1,1,True,False,10
Ghanzi,Mmu o Mohibidu,8,2022,-21.343301447884656,21.48101542520296,1,1,True,False,8
Ghanzi,Kangamela,21,2022,-22.782899399268988,20.229704029904237,1,1,True,False,21
Ghanzi,Betlehem,17,2022,-22.286220145400687,23.53686951001705,1,1,True,False,17
Ghanzi,Tlhareseleele Cattle Post,18,2022,-22.50866546757681,23.130971745137824,1,1,True,False,18
Ghanzi,Karakubis Cattle Post,14,2022,-23.031722522772732,21.852170707299614,1,1,True,False,14
Ghanzi,Letshwatheng,2,2022,-21.189752990219993,20.79821269342718,1,1,True,False,2
Ghanzi,Kragkop Syndicate,3,2022,-22.318169006194264,25.291209630652986,1,1,True,False,3
Ghanzi,Prayer Mountain,4,2022,-21.755995975456454,23.220782818592582,1,1,True,False,4
Ghanzi,Chobokwane Lands,22,2022,-22.012529317018956,23.745811875139147,1,1,True,False,22
Ghanzi,Makale(Metsibotlhoko),6,2022,-22.176512377105336,22.92676666124101,1,1,True,False,6
Ghanzi,Maiteko,1,2022,-21.92042912090099,24.452088171044387,1,1,True,False,1
Ghanzi,G12,12,2022,-21.292237015060135,24.95010045854053,1,1,True,False,12
Ghanzi,G13,7,2022,-21.735972652888986,22.10287918566002,1,1,True,False,7
Ghanzi,Serole G14,4,2022,-22.107923922695218,23.806295753289614,1,1,True,False,4
Ghanzi,Gwana IV (Cutline),11,2022,-21.85664706218289,21.255795487529646,1,1,True,False,11
Ghanzi,Gwana Centre,7,2022,-21.94313280275938,23.5947216001897,1,1,True,False,7
Ghanzi,Tsuwe,7,2022,-22.329443732878925,22.194032737175185,1,1,True,False,7
Ghanzi,Otjomungwidi,3,2022,-21.90217763752624,20.01914076122949,1,1,True,False,3
Ghanzi,G Serole,2,2022,-22.3061486790924,25.277951199519087,1,1,True,False,2
Ghanzi,Lehuma,3,2022,-21.605988805449595,24.795239984974295,1,1,True,False,3
Ghanzi,Lekanyane,10,2022,-21.134901369286933,21.593630369095752,1,1,True,False,10
Ghanzi,Ngwana/Dipanele,11,2022,-21.155071864382787,25.512025005847896,1,1,True,False,11
Ghanzi,Bop Syndicate,13,2022,-21.465260130051796,21.739359572937786,1,1,True,False,13
Ghanzi,Bogogobo,3,2022,-21.953467353077052,22.524880735344937,1,1,True,False,3
Ghanzi,Maitapoloso,14,2022,-21.624454327252188,24.69999891247731,1,1,True,False,14
Ghanzi,Tgozombata,9,2022,-22.898126750109643,21.669899638757954,1,1,True,False,9
Ghanzi,Chibiye,13,2022,-22.227116181566267,22.478852995032895,1,1,True,False,13
Ghanzi,Chobokwane Cattle Post 1,5,2022,-22.721425084889873,23.67083743658333,1,1,True,False,5
Ghanzi,Chobokwane Cattle Post 2,13,2022,-23.287291967576557,20.704720261685868,1,1,True,False,13
Ghanzi,Sakarati,6,2022,-21.139750311169202,22.322598970373164,1,1,True,False,6
Ghanzi,Dikgokong,10,2022,-21.369140542139814,21.696580888851447,1,1,True,False,10
Ghanzi,Chobokwane Cattle Post 3,15,2022,-22.149797039710243,23.73284668384963,1,1,True,False,15
Ghanzi,Chobokwane Cattle Post 4,9,2022,-22.72845350685698,20.735216412012583,1,1,True,False,9
Ghanzi,Gwana/Tjomipanda,8,2022,-21.750101312662483,21.27155947916598,1,1,True,False,8
Ghanzi,Max & Sons Syndicate,10,2022,-22.325698460404613,23.924641716660656,1,1,True,False,10
Ghanzi,Gwana (Masalela),9,2022,-21.504022642030357,20.847487840065643,1,1,True,False,9
Ghanzi,Phuka tsa Manong,5,2022,-21.066666369496453,22.320763678765797,1,1,True,False,5
Ghanzi,Okwa,21,2022,-22.516807119262193,23.932981118890787,1,1,True,False,21
Ghanzi,Chobokwane Vet Camp,8,2022,-22.75018936979004,24.224469535399,1,1,True,False,8
Ghanzi,West Hanahai Lands,102,2022,-22.698956880291995,20.507468359665083,1,1,True,False,102
Ghanzi,Kamane,6,2022,-23.086969292024907,24.704081723429272,1,1,True,False,6
Ghanzi,Nwamxuaba,1,2022,-22.416561157272476,23.994460687794795,1,1,True,False,1
Ghanzi,Botswelelo,8,2022,-23.25623498436807,21.86222867214111,1,1,True,False,8
Ghanzi,West Hanahai Cattlepost 1,18,2022,-23.040040019938314,24.21523764919555,1,1,True,False,18
Ghanzi,Sekgwasankwe,13,2022,-22.68934050502156,24.018442422191065,1,1,True,False,13
Ghanzi,West Hanahai Cattle Post 2,43,2022,-22.93867122001202,23.31223398386946,1,1,True,False,43
Ghanzi,Tshwaragano,13,2022,-21.66274114493593,23.07715908847712,1,1,True,False,13
Ghanzi,West Hanahai Cattle Post 3,9,2022,-23.059638963598342,24.053942642138956,1,1,True,False,9
Ghanzi,Dinotsi,4,2022,-21.36435707080066,25.52035370546267,1,1,True,False,4
Ghanzi,Tshabanoga,169,2022,-22.802110982892458,23.18841115549427,1,1,True,False,169
Ghanzi,Charles Hill Lands,441,2022,-23.052982088186823,24.464197334980323,1,1,True,False,441
Ghanzi,Kangumengwa,38,2022,-23.272551317093665,24.10698950907713,1,1,True,False,38
Ghanzi,Mamuno,49,2022,-21.70054016450381,24.725215670675304,1,1,True,False,49
Ghanzi,Katere,7,2022,-22.72295901786399,25.272391626790448,1,1,True,False,7
Ghanzi,Wet Flay,1,2022,-22.159160935834173,21.05179287605059,1,1,True,False,1
Ghanzi,Scotland,22,2022,-23.0462369168728,20.89867804587267,1,1,True,False,22
Ghanzi,Five Balls,18,2022,-21.098374621512168,23.231643481480095,1,1,True,False,18
Ghanzi,Utui,43,2022,-23.015539727321446,22.47195085054892,1,1,True,False,43
Ghanzi,Okarui,4,2022,-22.376698441959345,23.14501266819513,1,1,True,False,4
Ghanzi,Marston,18,2022,-21.396338247741326,24.405026063193397,1,1,True,False,18
Ghanzi,Scotland Dairy Farm,2,2022,-22.74911050745852,25.145955850037367,1,1,True,False,2
Ghanzi,Mamuno Border Post,488,2022,-22.699872540344987,22.295247264572215,1,1,True,False,488
Ghanzi,Talasman,5,2022,-21.492540797317737,23.960983450646985,1,1,True,False,5
Ghanzi,Tjomigondo,8,2022,-22.685675421007666,21.072390202282087,1,1,True,False,8
Ghanzi,Kanana,30,2022,-23.288682434884603,22.944521672836935,1,1,True,False,30
Ghanzi,Dryhook/ Driehoek,60,2022,-22.34105378347742,20.102412811783534,1,1,True,False,60
Ghanzi,Tjivarongo/Kamenyehungu,59,2022,-23.267136850303515,22.77379253731488,1,1,True,False,59
Ghanzi,Jerusalem,8,2022,-21.266709381540696,23.00429918596903,1,1,True,False,8
Ghanzi,Pose G 9,16,2022,-21.86416655119822,24.05805462891239,1,1,True,False,16
Ghanzi,G 10,9,2022,-21.99525835757387,23.581583491062286,1,1,True,False,9
Ghanzi,Tjovarumendu,6,2022,-22.845641798248447,21.968110050567297,1,1,True,False,6
Ghanzi,Kahuapeke,15,2022,-21.734559579156336,20.013316838217264,1,1,True,False,15
Ghanzi,Zonongo,16,2022,-21.785150189956276,20.621678226334012,1,1,True,False,16
Ghanzi,Motopi,17,2022,-23.16028094564199,25.375133761685156,1,1,True,False,17
Ghanzi,Tjiarwa,10,2022,-21.331243706330074,25.0939560748917,1,1,True,False,10
Ghanzi,Lesego,1,2022,-22.0032865426549,21.783511519108295,1,1,True,False,1
Ghanzi,Nguaranguara,22,2022,-21.528285428459466,21.416348254968817,1,1,True,False,22
Ghanzi,Ndombihu,46,2022,-22.70891917950132,22.400565056375978,1,1,True,False,46
Ghanzi,Tjixae,19,2022,-23.02297940683207,23.805823039836906,1,1,True,False,19
Ghanzi,Omudereke,13,2022,-21.72897829617665,21.959412890914244,1,1,True,False,13
Ghanzi,Ndanambapa,3,2022,-21.525128902055606,20.35455440505826,1,1,True,False,3
Ghanzi,Okango,1,2022,-22.43442532506406,22.214205931885505,1,1,True,False,1
Ghanzi,Morambakawe,12,2022,-23.242262261720487,21.4259710404561,1,1,True,False,12
Ghanzi,Otjiuapheri,6,2022,-21.470793198066406,21.78260718379268,1,1,True,False,6
Ghanzi,Otjiwamapeta,18,2022,-22.83559928458753,20.884807532460677,1,1,True,False,18
Ghanzi,Tjoruhapo,1,2022,-22.539214997795085,23.633438915130625,1,1,True,False,1
Ghanzi,Genesis Cattle Post,19,2022,-21.89444799400895,22.900616233039624,1,1,True,False,19
Ghanzi,Okwa Cattle Post,5,2022,-23.072235753156153,21.482919527172005,1,1,True,False,5
Ghanzi,Okangondo,4,2022,-23.134570015360424,23.051558116944772,1,1,True,False,4
Ghanzi,Kule Lands,15,2022,-23.237777646903098,22.71258378960252,1,1,True,False,15
Ghanzi,Morama,49,2022,-21.251442764715016,24.39356401233412,1,1,True,False,49
Ghanzi,Xauxe,2,2022,-22.600858662714984,25.280480986447152,1,1,True,False,2
Ghanzi,Salt Pan,2,2022,-21.822150456966874,20.705845217570335,1,1,True,False,2
Ghanzi,Xwidare,15,2022,-21.089591926196935,24.880999441806452,1,1,True,False,15
Ghanzi,Mmotouronga,16,2022,-21.802548811359994,23.888173473204077,1,1,True,False,16
Ghanzi,Metibine,7,2022,-22.124389353397014,23.820309508999483,1,1,True,False,7
Ghanzi,Tjomunguidi,38,2022,-22.133697175582785,22.056265314275496,1,1,True,False,38
Ghanzi,Longtree,5,2022,-22.454750232855535,21.88780145618349,1,1,True,False,5
Ghanzi,Komobondo,4,2022,-21.957880055285383,20.012810128620153,1,1,True,False,4
Ghanzi,Otjiperango,2,2022,-21.157466267338968,25.42581931065151,1,1,True,False,2
Ghanzi,Tsholofelo West,11,2022,-21.538146131221886,23.343355210789735,1,1,True,False,11
Ghanzi,Kgomo/ Botshelo,10,2022,-22.349274151137333,22.211620341191047,1,1,True,False,10
Ghanzi,PS 3 Syndicate,14,2022,-22.5539009132306,22.995609921710265,1,1,True,False,14
Ghanzi,Botsogo,3,2022,-21.325257522957486,20.206188499927343,1,1,True,False,3
Ghanzi,Motlopi,5,2022,-22.992350588052112,20.944081748340967,1,1,True,False,5
Ghanzi,Lee la Ntshe,1,2022,-21.400940466280144,23.436775844879268,1,1,True,False,1
Ghanzi,Masa,12,2022,-22.72639240120136,22.832054912771987,1,1,True,False,12
Ghanzi,Ncojane Lands,8,2022,-21.69959434387148,24.344231971379692,1,1,True,False,8
Ghanzi,Tselana Kwena,4,2022,-21.497621664927163,23.63289915258291,1,1,True,False,4
Ghanzi,Leropo,43,2022,-22.231624080733226,23.315251815564526,1,1,True,False,43
Ghanzi,Phofutona,10,2022,-22.86638841346261,24.500491348722445,1,1,True,False,10
Ghanzi,Wai,2,2022,-21.41168107409258,20.359926909079157,1,1,True,False,2
Ghanzi,Xoro,14,2022,-22.475727084770394,23.811070878372952,1,1,True,False,14
Ghanzi,Metsimantle,192,2022,-22.580129924696305,23.94800234264325,1,1,True,False,192
Ghanzi,Tshabanaga,23,2022,-22.158007001572464,21.50675641533908,1,1,True,False,23
Ghanzi,Ranyane,103,2022,-22.325062706148742,21.06601834833416,1,1,True,False,103
Ghanzi,Dipone,19,2022,-21.7722245465299,21.166914955467433,1,1,True,False,19
Ghanzi,Palamaokuwe,6,2022,-22.989202583815608,21.07982698262152,1,1,True,False,6
Ghanzi,Khubagotswe (Farm 243),2,2022,-22.323717401817497,22.88482592487049,1,1,True,False,2
Ghanzi,Xhote 1,12,2022,-21.307041945487896,20.733314759401207,1,1,True,False,12
Ghanzi,Makaleng (Farm 232 MJ),5,2022,-23.214682477805805,23.635909897690624,1,1,True,False,5
Ghanzi,Molatswana/ Look & see,6,2022,-22.275451844941323,20.56398980691843,1,1,True,False,6
Ghanzi,Tshephakgomo,13,2022,-21.822433265199905,20.13059772172392,1,1,True,False,13
Ghanzi,Onjoka,18,2022,-21.31593923312859,21.75134648130443,1,1,True,False,18
Ghanzi,Otjiere,24,2022,-21.971242357342298,21.04501122197849,1,1,True,False,24
Ghanzi,Nyaa Cattle Post,2,2022,-21.456902913146084,25.461610850242824,1,1,True,False,2
Ghanzi,Mogogwe/ Magogo / Magaga,21,2022,-22.79859615475842,21.661030709672676,1,1,True,False,21
Ghanzi,Tlharosi,20,2022,-22.508498184405475,21.21243113275125,1,1,True,False,20
Ghanzi,Steven Mosimane/ Moselapula,2,2022,-21.194607632335618,21.072227438522912,1,1,True,False,2
Ghanzi,Xamakoo,5,2022,-21.31980957316076,22.05378213529979,1,1,True,False,5
Ghanzi,Kabaneng,5,2022,-22.051132288719394,23.339713871177878,1,1,True,False,5
Ghanzi,Ping Syndicate,4,2022,-22.234986554793092,24.315799374780415,1,1,True,False,4
Ghanzi,Jack Pan,4,2022,-22.289432859291416,22.002362506496294,1,1,True,False,4
Ghanzi,Dondo's Ranch,6,2022,-23.16401291985363,23.451248675134078,1,1,True,False,6
Ghanzi,Lerotana,12,2022,-21.305536385745665,22.653563220472307,1,1,True,False,12
Ghanzi,Xhote 2,3,2022,-21.471026216184075,24.673594287224695,1,1,True,False,3
Ghanzi,Mogogwe 2,1,2022,-22.277875722838377,23.135695511820376,1,1,True,False,1
Ghanzi,Thomela Syndicate,21,2022,-22.672074816341716,21.588392997517023,1,1,True,False,21
Ghanzi,Nxole 1,4,2022,-22.5305452513369,23.88146832574964,1,1,True,False,4
Ghanzi,Ncojane BDF Camp,20,2022,-23.02049845908108,24.527090550985104,1,1,True,False,20
Ghanzi,Grootlagte Lands,201,2022,-21.68585954607682,22.561444343580266,1,1,True,False,201
Ghanzi,Grootlagte Cattle Post,65,2022,-22.053993008169797,25.453491511387,1,1,True,False,65
Ghanzi,Motumbandundu,16,2022,-22.773152291639278,24.85430148715393,1,1,True,False,16
Ghanzi,Springbok,9,2022,-21.906098061097367,21.0732520232622,1,1,True,False,9
Ghanzi,Eruru,2,2022,-21.111898071160248,24.34246405755417,1,1,True,False,2
Ghanzi,Seromedi,8,2022,-23.02220502461694,23.31256665706254,1,1,True,False,8
Ghanzi,Mokala Sekoma,3,2022,-22.272895336690915,22.945959216675536,1,1,True,False,3
Ghanzi,Maipha,1,2022,-22.193360862024686,22.830263761244822,1,1,True,False,1
Ghanzi,Otgiwapeke,7,2022,-22.923210946157543,24.71192789038444,1,1,True,False,7
Ghanzi,Mokgalo,5,2022,-22.109930172223173,23.36756083597687,1,1,True,False,5
Ghanzi,Ovejoze,1,2022,-21.9440625498851,22.962004193084265,1,1,True,False,1
Ghanzi,Nxwakais,13,2022,-22.944285609460476,20.252376821468722,1,1,True,False,13
Ghanzi,Tjinduno,16,2022,-22.9501283049509,22.466451218299056,1,1,True,False,16
Ghanzi,Otjiuaatjihe,7,2022,-21.385861389284265,25.014739114469855,1,1,True,False,7
Ghanzi,New Xanagas Cattle Post,16,2022,-22.60084820104363,23.926640075767935,1,1,True,False,16
Ghanzi,Tjoondambe,3,2022,-21.88976075617529,20.263984059737343,1,1,True,False,3
Ghanzi,Letlhafula,8,2022,-21.897698441966714,24.881436240696424,1,1,True,False,8
Ghanzi,East Hanahai Cattle Post,20,2022,-21.42415924625552,24.56368887470698,1,1,True,False,20
Ghanzi,Mosima wa Thakadu,12,2022,-21.645494838826366,23.011769649729796,1,1,True,False,12
Ghanzi,Pelelo Syndicate,3,2022,-21.421025566260827,20.105742364986195,1,1,True,False,3
Ghanzi,Tswaane/Okwa,12,2022,-21.901172628192157,23.099044941947643,1,1,True,False,12
Ghanzi,Four and Treckkers,2,2022,-22.293022856291334,20.284132917782436,1,1,True,False,2
Ghanzi,Korobu,31,2022,-22.417630589264668,21.757381137269387,1,1,True,False,31
Ghanzi,Mogobeng,4,2022,-22.45004016746646,23.467537271164087,1,1,True,False,4
Ghanzi,Richard and Sons Syndicate,61,2022,-22.362279935356316,25.041741497215924,1,1,True,False,61
Ghanzi,Daosa Cattle Post,16,2022,-23.006790056797186,21.96477822674375,1,1,True,False,16
Ghanzi,Moroba Syndicate,7,2022,-22.349872203515407,24.74858112626361,1,1,True,False,7
Ghanzi,Qwaaqaa Syndicate,19,2022,-22.426819694951014,25.071938836354075,1,1,True,False,19
Ghanzi,Kacgae Community Syndicate,9,2022,-23.21800675320531,20.09819523020625,1,1,True,False,9
Ghanzi,Lokagae Syndicate,11,2022,-22.681682182045968,21.308676759017697,1,1,True,False,11
Ghanzi,Yecho Syndicate,2,2022,-21.618713415072484,23.9162502876996,1,1,True,False,2
Ghanzi,Thupalela,9,2022,-22.00655897210681,24.176660087700846,1,1,True,False,9
Ghanzi,Nawa Syndicate,7,2022,-21.497740015322403,22.15668032115236,1,1,True,False,7
Ghanzi,Tsholofelo,16,2022,-22.08516534655744,23.621879426911722,1,1,True,False,16
Ghanzi,Nakatsaphofu,13,2022,-21.390911077543013,23.374688060969113,1,1,True,False,13
Ghanzi,Karata,24,2022,-21.520258769974767,24.082053333533324,1,1,True,False,24
Ghanzi,Metsimatala,11,2022,-23.075959337144422,23.965006392440575,1,1,True,False,11
Ghanzi,Qhee Syndicate,14,2022,-21.116856118559287,20.457524675534764,1,1,True,False,14
Ghanzi,Takatshwane,71,2022,-23.262204685113062,20.85871671918357,1,1,True,False,71
Ghanzi,Bere Cattle Post 1,8,2022,-21.96443836914022,20.717244968179397,1,1,True,False,8
Ghanzi,Bere Cattle Post 2,11,2022,-21.52818593007035,25.15019944153211,1,1,True,False,11
Ghanzi,Thogoyabojang,5,2022,-22.55512867035553,25.045231113269026,1,1,True,False,5
Ghanzi,Takatshwane 2,13,2022,-21.960577436631823,24.401531456210392,1,1,True,False,13
Ghanzi,Qabo Lands,1,2022,-22.48773471445586,20.62851089356358,1,1,True,False,1
Ghanzi,Qabo Cattle Post,14,2022,-23.159943398140573,23.164683201974622,1,1,True,False,14
Ghanzi,Dasmax Cattle Post,3,2022,-23.27621911088249,21.019352573506566,1,1,True,False,3
Ghanzi,Xade Lands 1,14,2022,-23.083589862763347,22.023468169414375,1,1,True,False,14
Ghanzi,Xade Lands 2,4,2022,-23.075680597186107,21.4620125727299,1,1,True,False,4
Ghanzi,Xade Lands 3,3,2022,-21.933110128418853,24.576236681941783,1,1,True,False,3
Ghanzi,Xade Cattle Post,25,2022,-22.122671674490924,20.782231384652377,1,1,True,False,25
Ghanzi,NXade Cattle Post 2,24,2022,-22.27963221597038,23.563260744584632,1,1,True,False,24
Ghanzi,New Xade C/Post 3,14,2022,-21.752450605516213,25.435185651318236,1,1,True,False,14
Ghanzi,Kerebe Syndicate,13,2022,-23.25757026213984,23.78982928478948,1,1,True,False,13
Ghanzi,Xnaebode/Xnaebori,19,2022,-22.690928496051477,20.42073470238412,1,1,True,False,19
Ghanzi,Zakes,15,2022,-21.561893124736084,25.013674543675588,1,1,True,False,15
Ghanzi,Mutapo,2,2022,-21.266297320836934,23.546080560864052,1,1,True,False,2
Ghanzi,One Shoot,10,2022,-22.31781606538108,22.51083941040858,1,1,True,False,10
Ghanzi,Tshogamaro,8,2022,-23.11341611815313,23.638163737767957,1,1,True,False,8
Ghanzi,New Xade Borehole,1,2022,-21.51432466572,24.854010214598432,1,1,True,False,1
Ghanzi,Localities with No Affiliation,"6,153",2022,-21.321603600381906,22.626221897247575,1,1,True,False,6153
Ghanzi,Farm 174 NL,29,2022,-22.372831735770518,22.92661550368732,1,1,True,False,29
Ghanzi,Farm 165 NL (Vaster's),50,2022,-22.752525408226774,22.48942395136219,1,1,True,False,50
Ghanzi,Farm 172 NL,8,2022,-23.197049517470287,20.383918379926577,1,1,True,False,8
Ghanzi,Farm 162 NL,68,2022,-21.97726957724799,24.34420594189629,1,1,True,False,68
Ghanzi,Farm 111 NL,58,2022,-21.266537249746833,20.682239285891068,1,1,True,False,58
Ghanzi,Farm 159 NL,14,2022,-21.78373807020664,22.16861508287713,1,1,True,False,14
Ghanzi,Farm 153 NL,369,2022,-22.58778078898247,22.12567328503331,1,1,True,False,369
Ghanzi,Farm 94 NL (Xaba Vsau/Bossisyte),24,2022,-21.861769624102113,21.53379050666154,1,1,True,False,24
Ghanzi,Farm 112 NL,2,2022,-21.439994142141884,22.212609760655802,1,1,True,False,2
Ghanzi,Farm 67 NK,37,2022,-22.234224689320857,23.407116787984314,1,1,True,False,37
Ghanzi,Farm 193 NL,52,2022,-21.46746129953774,21.707541289772685,1,1,True,False,52
Ghanzi,Farm 176 NL (Kgopisa),10,2022,-22.421324511149777,20.937768282027466,1,1,True,False,10
Ghanzi,Farm 117 NL,34,2022,-22.518093377616157,24.80037252082828,1,1,True,False,34
Ghanzi,Farm 104 NL (Lekker Vaterr),10,2022,-21.99531552251277,25.362784149056367,1,1,True,False,10
Ghanzi,Farm 102 NL(Biri Bottle),17,2022,-22.259069349241493,22.52343757028318,1,1,True,False,17
Ghanzi,Farm 96 NL,7,2022,-21.116620790227376,21.794190198653368,1,1,True,False,7
Ghanzi,Farm 110 NL (Gower's Farm),11,2022,-22.14379791135932,20.244739646327336,1,1,True,False,11
Ghanzi,Farm 161 NL (Tholo Safari),35,2022,-22.43634604290796,20.185815588705164,1,1,True,False,35
Ghanzi,Farm 89 NL,22,2022,-22.414582825063274,22.159258578072876,1,1,True,False,22
Ghanzi,Farm 185 NL(Mosaise's Farm),34,2022,-22.073456263627662,25.137794134450516,1,1,True,False,34
Ghanzi,Farm 79 NL,15,2022,-22.503810450557033,24.03179903876325,1,1,True,False,15
Ghanzi,Farm 2 MK (SN & SS),2,2022,-21.68336951417199,21.917518208205912,1,1,True,False,2
Ghanzi,Farm 149 NK (Taljaard),41,2022,-22.446399047992614,25.34734037037377,1,1,True,False,41
Ghanzi,Farm 101 NL (J. C. Lewis),10,2022,-22.43863716339706,22.358115325745707,1,1,True,False,10
Ghanzi,Farm 197 MJ (Goodhope),8,2022,-21.919547076300407,21.515786884540784,1,1,True,False,8
Ghanzi,Farm 147 NK (Game Farm),174,2022,-23.159426384099227,22.344786531948863,1,1,True,False,174
Ghanzi,Farm 48 NK (Ko Mogotlheng),44,2022,-21.833975452901626,21.154115010564823,1,1,True,False,44
Ghanzi,Farm 47 NK (Motlhabeng Farm),8,2022,-22.169252481622443,24.890562567539842,1,1,True,False,8
Ghanzi,Farm 142 NK (Kanana),31,2022,-22.285065902406846,21.98350034818077,1,1,True,False,31
Ghanzi,Farm 12 NK (Dunlop),22,2022,-21.691515211240546,23.628610463140397,1,1,True,False,22
Ghanzi,Farm 136 NK (Bokadi),17,2022,-21.604558800066417,22.13800266361508,1,1,True,False,17
Ghanzi,Farm 6 NK,15,2022,-21.408352175108828,24.97976258528954,1,1,True,False,15
Ghanzi,Farm 4 NK (Greenspan),1,2022,-22.459463440562466,23.542206480588327,1,1,True,False,1
Ghanzi,Farm 127 NL (Gareleng's Farm),12,2022,-22.565956081422623,22.687884843899667,1,1,True,False,12
Ghanzi,Farm 99 NL,32,2022,-21.70246399945478,20.714006924590088,1,1,True,False,32
Ghanzi,Farm 178 MJ,2,2022,-21.99795472098525,24.9807893801068,1,1,True,False,2
Ghanzi,Farm 177 NL,7,2022,-21.886487506820995,23.01250495322794,1,1,True,False,7
Ghanzi,Farm 72 NK,9,2022,-22.056550122790796,21.561572549092705,1,1,True,False,9
Ghanzi,Farm 60 NK (Dqae Qare Game Farm),5,2022,-21.57237108631119,24.847816358285268,1,1,True,False,5
Ghanzi,Farm 76 NK,22,2022,-22.871389359433852,20.2833091172066,1,1,True,False,22
Ghanzi,Farm 150 NK (Portion 1),293,2022,-22.056128245750116,21.72244951545067,1,1,True,False,293
Ghanzi,Farm 74 NKv(Dion Stander's Farm),7,2022,-22.94259732636449,22.95713982916539,1,1,True,False,7
Ghanzi,Farm 150 NK,57,2022,-22.387119059366245,21.86510958232605,1,1,True,False,57
Ghanzi,Farm 175 NL (Raps Mbish's Farm),14,2022,-21.814715082644447,22.624043687810747,1,1,True,False,14
Ghanzi,Farm 118 NK (J.Veniers Farm),15,2022,-22.195784793836424,21.44663087662667,1,1,True,False,15
Ghanzi,Farm 8 NK (Masire's Farm),5,2022,-22.448787705721664,20.70258921514741,1,1,True,False,5
Ghanzi,Farm 30 NK (Hard Battles Farm),3,2022,-21.322050461603915,20.18582998921004,1,1,True,False,3
Ghanzi,Farm 20 NK (Botha's Farm),4,2022,-21.572075252133587,20.855370932884334,1,1,True,False,4
Ghanzi,Farm 9 NK (Masire's / Happy Valley Farm),1,2022,-22.121722905167942,25.2636429973207,1,1,True,False,1
Ghanzi,Farm 194 MJ,7,2022,-21.176948089846743,23.170955904787874,1,1,True,False,7
Ghanzi,Farm 189 MJ,19,2022,-22.348964982126997,22.691810523203785,1,1,True,False,19
Ghanzi,Farm 187/188,3,2022,-21.538081712525738,22.11182153050681,1,1,True,False,3
Ghanzi,Farm 186 MJ,21,2022,-22.920671496852655,23.908256569272037,1,1,True,False,21
Ghanzi,Farm 182 MJ (Portland),14,2022,-22.65791195862174,20.764538855297264,1,1,True,False,14
Ghanzi,Farm 185 MJ,3,2022,-22.541324901100598,21.512112624061288,1,1,True,False,3
Ghanzi,Farm 179 MJ,8,2022,-23.059157478411286,23.617154138594813,1,1,True,False,8
Ghanzi,Farm 183 MJ,11,2022,-22.176314179226427,22.636959261781282,1,1,True,False,11
Ghanzi,Farm 195 MJ (Tlhareseleele),12,2022,-22.86644156904605,24.25010078465903,1,1,True,False,12
Ghanzi,Farm 169 MJ,5,2022,-21.881171632959102,24.954145639616552,1,1,True,False,5
Ghanzi,Farm 174 MJ,7,2022,-22.87127460507083,24.545427053571366,1,1,True,False,7
Ghanzi,Farm 168 MJ,8,2022,-23.019727787312142,21.002596860414382,1,1,True,False,8
Ghanzi,Farm 176 MJ,6,2022,-21.134512893512017,20.488561825853665,1,1,True,False,6
Ghanzi,Farm 167 MJ (Ondengake),3,2022,-21.827542504116582,20.92074415196415,1,1,True,False,3
Ghanzi,Farm 190 MJ,1,2022,-21.20727417726474,24.324587188124376,1,1,True,False,1
Ghanzi,Farm 177 MJ (Five Balls),8,2022,-22.202883086853426,25.046829915104592,1,1,True,False,8
Ghanzi,Farm 196 MJ,20,2022,-23.22061347581991,25.11122615604005,1,1,True,False,20
Ghanzi,Farm 170 MJ,0,2022,-22.014528070492457,21.63453278998039,1,1,True,False,0
Ghanzi,Farm 15 LJ (Dingdong Farm),2,2022,-22.05029421343088,24.639483425898245,1,1,True,False,2
Ghanzi,Farm 8 LJ,6,2022,-23.26169600636921,22.953853628251654,1,1,True,False,6
Ghanzi,Farm 1 LJ,3,2022,-21.374951751942472,24.54220805016852,1,1,True,False,3
Ghanzi,Farm 9 LJ (Otjiere Syndicate),6,2022,-21.912864327331125,23.02108522665232,1,1,True,False,6
Ghanzi,Farm 16 LJ (Matsadiso),1,2022,-21.634800995405236,20.790223257379772,1,1,True,False,1
Ghanzi,Farm 17 LJ,4,2022,-22.19389084519067,20.420657445740826,1,1,True,False,4
Ghanzi,Farm 10 LJ (Nakatsakgokong),11,2022,-21.916360711903028,25.287325808248195,1,1,True,False,11
Ghanzi,Farm 3 LJ,3,2022,-22.72105693280615,22.34173411905738,1,1,True,False,3
Ghanzi,Farm 4 LJ,5,2022,-21.12409884682194,21.924453635204568,1,1,True,False,5
Ghanzi,Farm 2 LJ,4,2022,-22.40168194893254,21.956505150077692,1,1,True,False,4
Ghanzi,Farm 13 LJ,13,2022,-22.933178096340725,22.08194844403945,1,1,True,False,13
Ghanzi,A.I. Vet Camp,4,2022,-23.170421022057116,25.219578642319668,1,1,True,False,4
Ghanzi,Farm 6 LJ (A.I.Vet Camp 2),11,2022,-21.876743764561628,20.32911657104,1,1,True,False,11
Ghanzi,Farm 20 LJ (Janki Janki's Farm),7,2022,-21.1026464888409,20.641496405137783,1,1,True,False,7
Ghanzi,Farm 19 LJ (Gidion Tjinae's Farm),11,2022,-21.297917335637187,24.35851433342192,1,1,True,False,11
Ghanzi,Farm 12 LJ,7,2022,-21.72974748362558,23.026875616596712,1,1,True,False,7
Ghanzi,Farm 11 LJ,4,2022,-21.08655384209385,20.69401803838555,1,1,True,False,4
Ghanzi,Farm 18 LJ,7,2022,-21.68354417240322,20.172560264449324,1,1,True,False,7
Ghanzi,Farm 25 LJ (Metsimantsho Farm),189,2022,-22.538726334385576,21.22446069024867,1,1,True,False,189
Ghanzi,Farm 24 LJ,14,2022,-21.95467298208741,21.42720014210795,1,1,True,False,14
Ghanzi,Farm 23 LJ,12,2022,-23.11724490871158,20.06033247269443,1,1,True,False,12
Ghanzi,Farm 22 LJ,11,2022,-22.800844661508766,21.17932032540192,1,1,True,False,11
Ghanzi,Farm 8,24,2022,-22.364181384319313,24.07398272722814,1,1,True,False,24
Ghanzi,Farm 10,6,2022,-22.84513128314914,24.723138675457395,1,1,True,False,6
Ghanzi,Farm 9 (Malebogo),1,2022,-21.169261115448712,24.960386872009718,1,1,True,False,1
Ghanzi,Farm 90 NL,10,2022,-21.07540727890302,22.14280744111006,1,1,True,False,10
Ghanzi,Farm 44 NK (Part of Ghanzi),14,2022,-21.6960991,21.6481861,7,7,False,True,14
Ghanzi,Farm 41 NK (Naetso Farm),35,2022,-22.468085333576106,21.75203093837946,1,1,True,False,35
Ghanzi,Farm 42 NK (Big Lion Farm),7,2022,-21.713863649372772,25.52368469483574,1,1,True,False,7
Ghanzi,Farm 59 NK (Tholo Safari),9,2022,-22.38596241815215,24.24593203211553,1,1,True,False,9
Ghanzi,Farm 55 NK (Eaton and Sons),8,2022,-22.984049344894586,22.960042536022886,1,1,True,False,8
Ghanzi,Farm 150 NL /Quo/Qaraa,11,2022,-22.54390828846293,21.39372484811122,1,1,True,False,11
Ghanzi,Farm 32 NK,17,2022,-22.774783664687018,21.762516601324112,1,1,True,False,17
Ghanzi,Farm 106 NL,2,2022,-22.56363623222742,22.838166625948155,1,1,True,False,2
Ghanzi,Farm 181 NL,19,2022,-22.815694865890798,22.98626512652275,1,1,True,False,19
Ghanzi,Farm 180 NL,9,2022,-23.04461145582059,20.05737042573779,1,1,True,False,9
Ghanzi,Farm 219 NL (Tloung Ranch),3,2022,-22.810329056163933,25.29941452965168,1,1,True,False,3
Ghanzi,Farm 160 NK,17,2022,-21.275705943591618,23.17208174647622,1,1,True,False,17
Ghanzi,Farm 35 NK (Tiisano/Cheetah Conversation),8,2022,-23.105082955629634,23.247199178726607,1,1,True,False,8
Ghanzi,Farm 75 NK,3,2022,-22.571041660800855,21.153715404639712,1,1,True,False,3
Ghanzi,Farm 25 NK (Kanana),1,2022,-22.11690918780553,24.221802258313332,1,1,True,False,1
Ghanzi,Farm 38 NK,9,2022,-22.504700869151602,24.068138194739674,1,1,True,False,9
Ghanzi,Farm 11 NK (Sum Tree),32,2022,-22.14108312251215,20.509002606575134,1,1,True,False,32
Ghanzi,Farm 103 NL (Kgwaratshe),3,2022,-23.19827932306799,23.279548280971373,1,1,True,False,3
Ghanzi,Farm 229 NL (Letana Farm),3,2022,-21.849103190971185,23.629856401957717,1,1,True,False,3
Ghanzi,Farm 139 (Gemsbok),8,2022,-22.038812519761176,24.61302601268642,1,1,True,False,8
Ghanzi,Farm 137 NK,2,2022,-21.77687515800709,21.123894826078875,1,1,True,False,2
Ghanzi,Farm 218 NL (Keofile Farm),1,2022,-22.0303872376757,24.846197303392213,1,1,True,False,1
Ghanzi,Farm 221 NL (Matopo Ranch),21,2022,-22.31878146621064,22.53949673977339,1,1,True,False,21
Ghanzi,Farm 222 NL (Legacy Farm),4,2022,-22.51444623258768,20.516572252067355,1,1,True,False,4
Ghanzi,Farm 225 NL (Texas Syndicate),5,2022,-22.79024855515407,20.56699939681874,1,1,True,False,5
Ghanzi,Farm 224 NL (Mogorosi Farm),1,2022,-22.18018700362647,21.07796229528728,1,1,True,False,1
Ghanzi,Farm 226 NL (Major Farm),2,2022,-23.237000265843967,21.548811301959496,1,1,True,False,2
Ghanzi,Farm 19 NK,6,2022,-22.563273699679176,22.733081215569246,1,1,True,False,6
Ghanzi,Farm 18 NK,5,2022,-21.78377314447623,24.13180775773431,1,1,True,False,5
Ghanzi,Farm 28 NK,5,2022,-23.05270022975558,21.016554935933023,1,1,True,False,5
Ghanzi,Farm 178 NL (Stanley's Farm),12,2022,-23.15486847837855,25.483725594990453,1,1,True,False,12
Ghanzi,Farm 179 NL (Bota's Farm),2,2022,-21.841057016931742,20.876851723219325,1,1,True,False,2
Ghanzi,Farm 85 NL (Brounette),2,2022,-22.408248441410898,23.30384613417693,1,1,True,False,2
Ghanzi,Farm 71 NK (B.Billy),4,2022,-21.507421495613446,25.13057958669343,1,1,True,False,4
Ghanzi,Farm 70 NK (Legonono),56,2022,-21.205355946286364,24.59606055680108,1,1,True,False,56
Ghanzi,Farm 66 NK,7,2022,-21.16136996472685,23.57273929534474,1,1,True,False,7
Ghanzi,Farm 58 NK (Eaton and Sons),16,2022,-22.346228136985758,23.947460709377257,1,1,True,False,16
Ghanzi,farm 145 NK (Hartbeespan),21,2022,-22.70576856809661,20.725440039293296,1,1,True,False,21
Ghanzi,Farm 120 NK (Q. Barnes),10,2022,-21.938184538383553,20.035112389002947,1,1,True,False,10
Ghanzi,Farm 31 NK (Derek's Farm),15,2022,-21.894532897186405,22.387996467575032,1,1,True,False,15
Ghanzi,Farm 121 NL,16,2022,-21.907570943778275,20.47774590439521,1,1,True,False,16
Ghanzi,Farm 53 NK,617,2022,-22.577681154942663,21.964539464189404,1,1,True,False,617
Ghanzi,Farm 54 NK,507,2022,-23.152950013671514,21.221736049191666,1,1,True,False,507
Ghanzi,Farm 52 NK,223,2022,-22.826879891877038,25.06077382921783,1,1,True,False,223
Ghanzi,Farm 98 NL,10,2022,-22.950807120579853,24.85961779718176,1,1,True,False,10
Ghanzi,Farm 173 NK (Braam Venter Farm),10,2022,-23.018849170278877,24.52087340983677,1,1,True,False,10
Ghanzi,Farm 12 MK (Xhaosha),15,2022,-21.229942745937496,23.938876421400384,1,1,True,False,15
Ghanzi,Farm 21 MK,2,2022,-23.264210784082206,20.835557066190358,1,1,True,False,2
Ghanzi,Farm 23 MK,8,2022,-21.953246985234532,20.249647048516408,1,1,True,False,8
Ghanzi,Farm 14 MK (Hauwe's Farm),1,2022,-21.18269875218773,23.605989276742065,1,1,True,False,1
Ghanzi,Farm 238 MJ (Vergenoeg Game Farm),6,2022,-22.49234843267686,23.541526839838543,1,1,True,False,6
Ghanzi,Farm 5 MK (Maiteko Syndicate),9,2022,-22.119923026974707,22.029234715087036,1,1,True,False,9
Ghanzi,Farm 69 NK,37,2022,-21.743839888551438,22.601608286819204,1,1,True,False,37
Ghanzi,Farm 64 NK,3,2022,-22.587956703117012,22.69285958981129,1,1,True,False,3
Ghanzi,Farm 73 NK,4,2022,-22.23016271462259,21.311449846641274,1,1,True,False,4
Ghanzi,Farm 45 MK (Dingongorego),7,2022,-21.47335973200593,21.722946683975618,1,1,True,False,7
Ghanzi,Farm 39 MK (Mothosi),1,2022,-21.633319507102975,22.300644554492095,1,1,True,False,1
Ghanzi,Farm 15 MK,30,2022,-21.492652504672,23.3249150607921,1,1,True,False,30
Ghanzi,Farm 46 MK,2,2022,-21.09381700391345,25.279566056129834,1,1,True,False,2
Ghanzi,Farm 163 NL (John Kemp),8,2022,-22.46944185724959,22.966320034526134,1,1,True,False,8
Ghanzi,Xade Wildlife Camp,9,2022,-21.629450006014796,24.03432309002656,1,1,True,False,9
Ghanzi,Farm 151 NL,18,2022,-21.951180629922664,24.454681445473824,1,1,True,False,18
Ghanzi,Farm 1 NK (Molapo),16,2022,-21.80889400431848,20.610715733141788,1,1,True,False,16
Ghanzi,Farm 171 NL,7,2022,-21.64554104816621,23.60175898540808,1,1,True,False,7
Ghanzi,Farm 33 NK,22,2022,-21.623564026718725,22.65384492185185,1,1,True,False,22
Ghanzi,Farm 10 NK,5,2022,-21.320322275608394,23.154481331940552,1,1,True,False,5
Ghanzi,Farm 6 MK,35,2022,-22.516274119634616,20.194492425358916,1,1,True,False,35
Ghanzi,Rhumber Farm,2,2022,-21.838152544399343,25.004618737187183,1,1,True,False,2
Ghanzi,Farm 5 LJ (Mogotlho Farm),11,2022,-22.670178725078262,25.26274302660251,1,1,True,False,11
Ghanzi,Farm 248 MJ (Maruapula),2,2022,-21.969497828491345,20.000850972201054,1,1,True,False,2
Ghanzi,Farm 246 MJ (Lehume),2,2022,-21.620345034387807,21.161034579484852,1,1,True,False,2
Ghanzi,Farm 228 MJ (Dikhutsana),1,2022,-21.531553406411312,20.980350186422207,1,1,True,False,1
Ghanzi,Farm 249 MJ (Kabana),1,2022,-22.358419781581773,24.312247715353074,1,1,True,False,1
Ghanzi,Farm 240 MJ (Thakadu),1,2022,-22.160896332134353,23.296651950051203,1,1,True,False,1
Ghanzi,Farm 235 MJ (Kgomodikae Farm),26,2022,-22.55076842761491,20.96449464895577,1,1,True,False,26
Ghanzi,Farm 236 MJ (Banabamotho),15,2022,-22.918218817680664,24.49331467809169,1,1,True,False,15
Ghanzi,Farm 214 MJ (Kumuhuku),20,2022,-22.71426252926249,21.940828634306442,1,1,True,False,20
Ghanzi,Farm 218 MJ (Shorohawl),9,2022,-21.26148184467188,22.53603688388942,1,1,True,False,9
Ghanzi,Farm 217 MJ (Garebamono Farm),5,2022,-22.60623887695477,22.128354719164832,1,1,True,False,5
Ghanzi,Farm 215 MJ (Banabamotho Farm),2,2022,-21.12186586393473,22.871511953184122,1,1,True,False,2
Ghanzi,Farm 216 MJ,1,2022,-22.756710540836988,22.642935091183087,1,1,True,False,1
Ghanzi,Farm 264 MJ (Otjondjerera Farm),1,2022,-21.683002795029708,21.503544041277667,1,1,True,False,1
Ghanzi,Farm 262 MJ (Motumba Farm),3,2022,-22.01557119820794,22.334824783004795,1,1,True,False,3
Ghanzi,Farm 250 MJ (Seubelo Farm),5,2022,-21.741417799544855,25.016377529613152,1,1,True,False,5
Ghanzi,Farm 258 MJ (Bokamoso Farm),1,2022,-21.859384909698402,22.76904542356149,1,1,True,False,1
Ghanzi,Farm 251 MJ (Sebulelo Farm),15,2022,-21.719393686857842,25.06099381626224,1,1,True,False,15
Ghanzi,Farm 252 MJ (Seobe Syndicate),1,2022,-21.27617409988953,23.030852963985435,1,1,True,False,1
Ghanzi,Farm 256 MJ (Kabaneng/Mokgorise Farm),9,2022,-22.038833266284666,24.243032218920373,1,1,True,False,9
Ghanzi,Matlho a Phuduhudu Ranch,42,2022,-23.143815681305806,21.608899738269372,1,1,True,False,42
Ghanzi,Farm 34 MK (Never Zone Farm),3,2022,-22.69128086050411,24.362737886034598,1,1,True,False,3
Ghanzi,Farm 35 MK (Golf Farm),13,2022,-21.716115448930502,21.446660590222542,1,1,True,False,13
Ghanzi,Farm 164 NK (Tholo Safari),9,2022,-22.19354856952526,20.08991463556969,1,1,True,False,9
Ghanzi,Farm 245 MJ (Kama Farm Syndicate),6,2022,-22.072091743165267,20.87245626278435,1,1,True,False,6
Ghanzi,Farm 244 MJ (Jackport Farm),9,2022,-21.965012647373282,20.101570829279453,1,1,True,False,9
Ghanzi,Farm 232 MJ (Makaleng Farm),4,2022,-22.442015096915085,25.23102925305321,1,1,True,False,4
Ghanzi,Farm 243 MJ (Khubagotswe Farm),18,2022,-21.569690117980826,25.52432862635834,1,1,True,False,18
Ghanzi,Farm 176 NK,3,2022,-21.681968764631716,24.20652093936796,1,1,True,False,3
Ghanzi,Farm 223 NL (Degraafs Farm),5,2022,-21.70255917491075,20.580895139499493,1,1,True,False,5
Ghanzi,Farm 1 ML (Green Gate),6,2022,-21.700305689470483,24.964320286805144,1,1,True,False,6
Ghanzi,Farm 3 MK (Local Syndicate),4,2022,-21.310037958175865,24.104231725106608,1,1,True,False,4
Ghanzi,Farm 233 MJ (Matswane),4,2022,-21.967660561373453,21.82315078564481,1,1,True,False,4
Ghanzi,Farm 242 MJ (Pega Lobotlolo),2,2022,-21.139004267799127,22.765629748755288,1,1,True,False,2
Ghanzi,Farm 210 MJ,7,2022,-23.029344863692547,23.649620161477674,1,1,True,False,7
Ghanzi,Farm 211 MJ,28,2022,-21.88613651735579,20.114860501861752,1,1,True,False,28
Ghanzi,Farm 212 MJ (Hebron),5,2022,-21.69670200124851,22.76154462938307,1,1,True,False,5
Ghanzi,Farm 220 MJ (Tjingombe Farm),4,2022,-22.231124911540544,24.041149308966222,1,1,True,False,4
Ghanzi,Farm 221 MJ,4,2022,-22.65252570806135,21.024866355011042,1,1,True,False,4
Ghanzi,Farm 222 MJ,5,2022,-22.068779899480226,22.441439988691464,1,1,True,False,5
Ghanzi,Farm 223 MJ (Bana ba motho Farm),8,2022,-22.48188196477332,22.93331491570981,1,1,True,False,8
Ghanzi,Farm 224 MJ,7,2022,-21.26819915654687,24.05871997805969,1,1,True,False,7
Ghanzi,Farm 13 MK (Kgomo Syndciate/Haure Habbis Farm),3,2022,-22.499618170596406,25.32742629582367,1,1,True,False,3
Ghanzi,Farm 225 MJ (Rethuseng No. 5),1,2022,-22.903346665426543,24.683461776410727,1,1,True,False,1
Ghanzi,Farm 208 MJ,18,2022,-22.010029023114242,23.426568559084693,1,1,True,False,18
Ghanzi,Farm 209 MJ,4,2022,-22.412221685458196,23.21661581474524,1,1,True,False,4
Ghanzi,Farm 16 MK (Metsi a dinotshi),2,2022,-23.08127985335168,23.32495753696597,1,1,True,False,2
Ghanzi,Farm 7 LJ,4,2022,-22.03577249718897,23.003424424292074,1,1,True,False,4
Ghanzi,Farm 40 MK (Setima),1,2022,-22.095959729077357,20.310593805801588,1,1,True,False,1
Ghanzi,Farm 175 NL,2,2022,-22.908942480927983,23.852141577044936,1,1,True,False,2
Ghanzi,Farm 160 NL,27,2022,-21.96265448340938,23.95213783112238,1,1,True,False,27
Ghanzi,Farm 7 NK (Peacock/Texas Farm),9,2022,-22.030161706656518,22.822180962411718,1,1,True,False,9
Ghanzi,Farm 15 NK (P.Bradleys Farm),1,2022,-21.570320845829755,24.806026809923782,1,1,True,False,1
Ghanzi,Farm 1 MK (Sharper's Farm),17,2022,-22.488966733975285,23.708804316184008,1,1,True,False,17
Ghanzi,Farm 97 NL,8,2022,-22.740476632068106,21.991766745358948,1,1,True,False,8
Ghanzi,Farm 184 NL (H.B.Lewis's Farm),8,2022,-21.174346871757752,20.090714931033638,1,1,True,False,8
Ghanzi,Farm 183 NL (Rud Lemcke's Farm),6,2022,-22.043854022695957,20.309478386180224,1,1,True,False,6
Ghanzi,Farm 182 NL (W.de Graffs'Farm),24,2022,-23.23457567878739,21.931535343445564,1,1,True,False,24
Ghanzi,Farm 173 NL,29,2022,-21.46531386596634,22.542956917570404,1,1,True,False,29
Ghanzi,Farm 159 NK,19,2022,-22.85641347724571,20.906501762678847,1,1,True,False,19
Ghanzi,Farm 175 MJ,20,2022,-21.54262231809913,21.03097981631154,1,1,True,False,20
Ghanzi,Farm 174 NL (Matsetshe Ranches),77,2022,-21.722930009955192,21.25759069163478,1,1,True,False,77
Ghanzi,Farm 5 MK (Watuba Farm),16,2022,-21.135121552265083,24.30786229250402,1,1,True,False,16
Ghanzi,Farm 184 MJ (Old Xanagas),118,2022,-21.142332671729417,24.256726230050777,1,1,True,False,118
Ghanzi,Farm 7 MK (Setshwantsho's Farm),23,2022,-22.68328770761498,22.104145416944963,1,1,True,False,23
Ghanzi,Farm 239 MJ,17,2022,-21.58629079025904,20.936950392506056,1,1,True,False,17
Ghanzi,Farm 173 MJ (Lephoi),2,2022,-22.588658121094344,20.596305642110227,1,1,True,False,2
Ghanzi,Farm 129 NL,17,2022,-21.89229222896293,20.464500499392837,1,1,True,False,17
Ghanzi,Farm 191 MJ,16,2022,-21.962413885562412,22.150374716206382,1,1,True,False,16
Ghanzi,Farm 158 NK,27,2022,-23.173479668270737,20.233988381367798,1,1,True,False,27
Ghanzi,Farm 143 NK (Seketer),3,2022,-23.28353133019607,21.83085831546275,1,1,True,False,3
Ghanzi,Farm 36 NK,22,2022,-23.166299591572987,25.311238417747482,1,1,True,False,22
Ghanzi,Farm 144 NK,8,2022,-23.009838228564362,22.79460087138796,1,1,True,False,8
Ghanzi,Farm 157 NK,16,2022,-22.720649831760067,24.541392181595054,1,1,True,False,16
Ghanzi,Farm 37 NK (Qomboro),16,2022,-21.273034585422494,20.698059857833336,1,1,True,False,16
Ghanzi,Farm 46 NK (Elandshoek Farm),5,2022,-22.138796599375965,21.467486223412664,1,1,True,False,5
Ghanzi,Farm 45 NK,6,2022,-21.51842024338837,25.22816802019521,1,1,True,False,6
Ghanzi,Farm 146 NK (Tholo Safari),11,2022,-21.426074655170996,22.107542727275085,1,1,True,False,11
Ghanzi,Farm 50 NK,49,2022,-21.656534241237175,23.57560457140685,1,1,True,False,49
Ghanzi,Farm 16 NK (Wiv Ranches Swartz),10,2022,-22.42249399618533,25.392129004854212,1,1,True,False,10
Ghanzi,Farm 148 NK,21,2022,-21.36911639230668,23.034515208504416,1,1,True,False,21
Ghanzi,Farm 43 NK (Kurabis),54,2022,-21.64069001136903,21.674054588709705,1,1,True,False,54
Ghanzi,Farm 21 NK (Tshukujwane),8,2022,-21.638233802139982,22.930090756238965,1,1,True,False,8
Ghanzi,Farm 29 NK,11,2022,-21.285031250178978,20.284399805357015,1,1,True,False,11
Ghanzi,Farm 23 NK (Ramsden),20,2022,-21.960368577463374,20.604406536957747,1,1,True,False,20
Ghanzi,Farm 14 NK,3,2022,-22.116631536994767,20.021299754049753,1,1,True,False,3
Ghanzi,Farm 21 LJ (Botshelo),1,2022,-21.31047369913778,24.882643260440872,1,1,True,False,1
Ghanzi,Farm (Jackalas Pits),10,2022,-22.281865212751747,23.702394645749713,1,1,True,False,10
Ghanzi,Farm 119 NK,15,2022,-21.48569362576926,21.635164546803136,1,1,True,False,15
Ghanzi,Farm 156 NK,12,2022,-23.175033970159184,21.207427736331265,1,1,True,False,12
Ghanzi,Farm 61 NK,4,2022,-23.292208079154186,23.767779707940463,1,1,True,False,4
Ghanzi,Farm 51 NK,32,2022,-22.117260120767003,25.078429879558666,1,1,True,False,32
Ghanzi,Farm 125 NL (David Adams),24,2022,-23.13096687163153,21.6396505634882,1,1,True,False,24
Ghanzi,Farm 3NK (Red Sands),18,2022,-21.117889163850503,21.76392259521554,1,1,True,False,18
Ghanzi,Farm 134 NK ( Daam),5,2022,-23.28281917648766,24.71652618688019,1,1,True,False,5
Ghanzi,Farm 135 NK (Red Sands),1,2022,-21.693975130623357,24.93344827674113,1,1,True,False,1
Ghanzi,Farm 5 NK (Kalkpan),17,2022,-22.752459767822188,25.047968856463616,1,1,True,False,17
Ghanzi,Farm 4 MK (Chidadano),12,2022,-21.13793454466199,21.60647692533135,1,1,True,False,12
Ghanzi,Farm 3 MK (Six),10,2022,-22.44443994225831,20.64843213249264,1,1,True,False,10
Ghanzi,Farm 2 NK,25,2022,-23.234255819412123,22.42041574181858,1,1,True,False,25
Ghanzi,Farm 13 NK (Capri),10,2022,-23.235030926507243,21.620947549815376,1,1,True,False,10
Ghanzi,Farm 152 NK (Mmavke),8,2022,-22.06134249472678,24.880739966804658,1,1,True,False,8
Ghanzi,Farm 153NK (Dunner's Camp),28,2022,-21.09521753644559,20.184615002097576,1,1,True,False,28
Ghanzi,Farm 151 NK (Mosesepe),11,2022,-21.110686741803846,23.49509022454924,1,1,True,False,11
Ghanzi,Farm 17 NK (Mahata),4,2022,-22.54313660646486,25.00442822311205,1,1,True,False,4
Ghanzi,Farm 138 NK,6,2022,-22.218900075762548,25.395142059521177,1,1,True,False,6
Ghanzi,Farm 131NL,8,2022,-23.071118584620216,23.58516314950212,1,1,True,False,8
Ghanzi,Farm 91 NL,1,2022,-22.13089487698128,25.246883708094135,1,1,True,False,1
Ghanzi,Farm 83 NL (H. Becker),16,2022,-21.958054082534666,20.400924213681797,1,1,True,False,16
Ghanzi,Farm 180 MJ (Maratatsatsi),2,2022,-22.735344025012882,21.97299674041429,1,1,True,False,2
Ghanzi,Farm 154 NL,2,2022,-21.930379762042605,20.029855739385837,1,1,True,False,2
Ghanzi,Farm 133 NL,7,2022,-21.289226207635213,25.42015943679535,1,1,True,False,7
Ghanzi,Farm 186 NL,27,2022,-23.292954091775016,24.985278112788333,1,1,True,False,27
Ghanzi,Farm 164 NL,6,2022,-22.78467798165063,20.137043654290935,1,1,True,False,6
Ghanzi,Farm 166 NL (Finlay),48,2022,-22.827070012925784,20.082058558896687,1,1,True,False,48
Ghanzi,Farm 170 NL,13,2022,-23.018880701425704,22.01562804372965,1,1,True,False,13
Ghanzi,Farm 156 NL (Xaxou),15,2022,-22.92476267501233,21.414602388815123,1,1,True,False,15
Ghanzi,Farm 163 NK (R. Lemcke),2,2022,-21.89961698740823,24.67601615418885,1,1,True,False,2
Ghanzi,Farm 115 NL,7,2022,-23.066127678714263,20.87110080131762,1,1,True,False,7
Ghanzi,Farm 109 NL,59,2022,-21.64853368594117,24.364045860051895,1,1,True,False,59
Ghanzi,Farm 113 NL (Matsuwi),6,2022,-21.317474230530806,23.054868443376748,1,1,True,False,6
Ghanzi,Farm 95 NL,6,2022,-21.229264081646118,22.073397736679564,1,1,True,False,6
Ghanzi,Farm 80 NL (Jaco Visser's Farm),2,2022,-21.82322730338074,20.789261795910754,1,1,True,False,2
Ghanzi,Farm 132 NL,4,2022,-22.85499028166364,25.51165912826039,1,1,True,False,4
Ghanzi,Farm 116 NL,11,2022,-23.104915967206377,23.40698935958659,1,1,True,False,11
Ghanzi,Farm 14 LJ,9,2022,-22.777786221686924,22.417004973812297,1,1,True,False,9
Central Kgalagadi Game Reserve,Localities with No Affiliation,478,2022,-25.65481088822707,20.117973451829705,1,0,True,False,478
Central Kgalagadi Game Reserve,Xade Wildlife Camp,8,2022,-25.776418859122916,21.610467988951445,1,0,True,False,8
Central Kgalagadi Game Reserve,Matswere Wildlife Camp,10,2022,-25.52220829267041,22.079997723876495,1,0,True,False,10
Central Kgalagadi Game Reserve,Khalahari Plains Camp,7,2022,-26.001059977258475,20.113026274897624,1,0,True,False,7
Central Kgalagadi Game Reserve,Tau Lodge,39,2022,-24.3934374270152,21.580867816125284,1,0,True,False,39
Central Kgalagadi Game Reserve,Tsau Gate,5,2022,-24.99445677521299,20.169348228700752,1,0,True,False,5
Central Kgalagadi Game Reserve,Camping Sites,3,2022,-26.037023094684155,21.255362242969564,1,0,True,False,3
Central Kgalagadi Game Reserve,Gope,142,2022,-24.79023247121199,21.597576056691267,1,0,True,False,142
Central Kgalagadi Game Reserve,Mothomela,101,2022,-24.447839026927415,20.76914697726547,1,0,True,False,101
Central Kgalagadi Game Reserve,Kugamma,63,2022,-25.806064614659682,20.042168158715842,1,0,True,False,63
Central Kgalagadi Game Reserve,Molapo,47,2022,-25.99959270373274,21.261742444005318,1,0,True,False,47
Central Kgalagadi Game Reserve,Metsiamanong,53,2022,-26.3156649343149,22.08846901926875,1,0,True,False,53
Kgalagadi South,Werda Lands,1,2022,-25.84571956746818,21.850542742481082,1,0,True,False,1
Kgalagadi South,Ngologa,1,2022,-26.042318087981766,20.584695142457413,1,0,True,False,1
Kgalagadi South,Mooi-Draai 1/Hilane,10,2022,-24.869987622488242,24.350609241332812,1,0,True,False,10
Kgalagadi South,Morestres/Backsten,15,2022,-24.812140618286765,21.900593103237558,1,0,True,False,15
Kgalagadi South,Leubeng,7,2022,-25.872186177401268,22.38214321313248,1,0,True,False,7
Kgalagadi South,Mooi-Draai 2,6,2022,-24.46694704185741,21.031752080977586,1,0,True,False,6
Kgalagadi South,Ntswai Tswai,1,2022,-26.021608324302246,22.009945772386043,1,0,True,False,1
Kgalagadi South,Dithothaneng,39,2022,-26.53086055646256,24.369398869827997,1,0,True,False,39
Kgalagadi South,Koke,8,2022,-25.174298255789243,22.184232553028757,1,0,True,False,8
Kgalagadi South,Manthuntshwane,12,2022,-26.435630121367428,20.070186955138404,1,0,True,False,12
Kgalagadi South,Masamane Lands,1,2022,-26.00154964426768,21.099772157487166,1,0,True,False,1
Kgalagadi South,Makopong Lands,17,2022,-25.411519675468767,24.34191238940517,1,0,True,False,17
Kgalagadi South,Gowa,20,2022,-25.976733523989715,24.388666744478712,1,0,True,False,20
Kgalagadi South,Ntshutela,3,2022,-26.15939033670391,20.958643885371774,1,0,True,False,3
Kgalagadi South,N-one,3,2022,-24.909853319059454,22.74186939848559,1,0,True,False,3
Kgalagadi South,Tshane,0,2022,-25.309617040703873,20.370133957483223,1,0,True,False,0
Kgalagadi South,Pebane,5,2022,-24.56028269345972,22.575241972297736,1,0,True,False,5
Kgalagadi South,Tekeletso/Boyabatho,17,2022,-25.221977914093493,20.586058791050426,1,0,True,False,17
Kgalagadi South,Nakatsanare,21,2022,-25.472280940812603,23.637940259653632,1,0,True,False,21
Kgalagadi South,Maiteko,2,2022,-26.04098622407988,24.170626580656478,1,0,True,False,2
Kgalagadi South,Tshololametsi,25,2022,-24.682360670398197,20.793409323637732,1,0,True,False,25
Kgalagadi South,Tshwaragano,7,2022,-26.205782763094202,22.069799324851363,1,0,True,False,7
Kgalagadi South,Mambata,4,2022,-26.08968890411981,20.480865164510977,1,0,True,False,4
Kgalagadi South,Didibana,2,2022,-24.55560553100963,21.52540006654011,1,0,True,False,2
Kgalagadi South,Makopong Cattle Posts,12,2022,-24.812572788657683,20.31810226525933,1,0,True,False,12
Kgalagadi South,Khei-Banyana,6,2022,-25.1410098543848,21.196777226471752,1,0,True,False,6
Kgalagadi South,Kishane/Boro 4,8,2022,-26.610062539233187,24.39376019916426,1,0,True,False,8
Kgalagadi South,Witbank,1,2022,-26.3839606719836,20.22781345243998,1,0,True,False,1
Kgalagadi South,Morobane,2,2022,-25.430022382138706,23.815512578596657,1,0,True,False,2
Kgalagadi South,Mmaseletswae/Moseletswane,4,2022,-24.79940040348322,20.372531647989533,1,0,True,False,4
Kgalagadi South,Dikantsi,2,2022,-25.521798594570782,22.36181797298536,1,0,True,False,2
Kgalagadi South,Morokotswane,2,2022,-26.665418898754506,22.023134431575144,1,0,True,False,2
Kgalagadi South,Selosesha,3,2022,-26.238035488962318,24.135292891150172,1,0,True,False,3
Kgalagadi South,Dithubaneng,2,2022,-25.202712025487564,20.908230552144623,1,0,True,False,2
Kgalagadi South,Radikgetsi,2,2022,-24.932808138131495,20.822905173349245,1,0,True,False,2
Kgalagadi South,Tshetlhwane 1,3,2022,-26.624120063622936,23.329785645325092,1,0,True,False,3
Kgalagadi South,Tshetlhwane 2,13,2022,-26.59877186040648,23.22848247597465,1,0,True,False,13
Kgalagadi South,Khaneng Cattle Post,8,2022,-26.040848613635397,23.111570175996125,1,0,True,False,8
Kgalagadi South,Number 2,4,2022,-26.495955488098748,20.1464164544584,1,0,True,False,4
Kgalagadi South,Molapisi,14,2022,-25.322550650582954,21.17656981918126,1,0,True,False,14
Kgalagadi South,Kebonye,2,2022,-26.393061447612506,23.73148548425514,1,0,True,False,2
Kgalagadi South,Bokgetlho,10,2022,-25.050540924643087,22.678403668665876,1,0,True,False,10
Kgalagadi South,Six Mile,20,2022,-24.720345592346053,22.68429296059928,1,0,True,False,20
Kgalagadi South,Motaung,2,2022,-24.225609631043252,21.33497863569319,1,0,True,False,2
Kgalagadi South,Tsuatsa,4,2022,-24.282200187444612,21.17750996458014,1,0,True,False,4
Kgalagadi South,Tsabong Lands,11,2022,-26.009993330192547,24.201376650597517,1,0,True,False,11
Kgalagadi South,Bertriek,15,2022,-26.6344060927499,23.23745125282757,1,0,True,False,15
Kgalagadi South,Taylors Pan/Ngakale Syndicate,27,2022,-25.866538903434364,20.5902238387,1,0,True,False,27
Kgalagadi South,Bophelo,2,2022,-24.89630133935081,24.162396874632368,1,0,True,False,2
Kgalagadi South,Mc Carthy's Rust,286,2022,-26.55661771182461,22.59695460412702,1,0,True,False,286
Kgalagadi South,Kununoga,28,2022,-25.78898386274696,21.49994657478969,1,0,True,False,28
Kgalagadi South,Logaganeng,110,2022,-25.946851144344528,21.78091758248402,1,0,True,False,110
Kgalagadi South,Berrybush,2,2022,-26.148258168024075,23.227094902235137,1,0,True,False,2
Kgalagadi South,Khwiane,18,2022,-24.902314618691342,21.68898856363812,1,0,True,False,18
Kgalagadi South,Benoud,4,2022,-25.02269914724494,22.58098305117861,1,0,True,False,4
Kgalagadi South,Kakasi,3,2022,-25.339065124025808,23.16143061097599,1,0,True,False,3
Kgalagadi South,Matsobane,7,2022,-24.378521432622563,20.892040872006383,1,0,True,False,7
Kgalagadi South,Khudugane,2,2022,-26.44569349657702,24.191184919746817,1,0,True,False,2
Kgalagadi South,Nheke,19,2022,-26.32654619082537,21.600438199495812,1,0,True,False,19
Kgalagadi South,Botshabelo,5,2022,-25.72822812529914,21.878875621673217,1,0,True,False,5
Kgalagadi South,Mokgoro,2,2022,-25.03092793238509,23.108629922385937,1,0,True,False,2
Kgalagadi South,Mc Carthy's Cattle Post,13,2022,-25.21470960872264,22.713326060644317,1,0,True,False,13
Kgalagadi South,swaing,17,2022,-26.520166149931768,21.97026842367278,1,0,True,False,17
Kgalagadi South,Khukwa/Sant Vyt,1,2022,-24.256559169942786,22.89376260415982,1,0,True,False,1
Kgalagadi South,Diphofu,2,2022,-25.92885692499849,24.008738457089873,1,0,True,False,2
Kgalagadi South,Metsiamantsho,1,2022,-25.79087803098069,23.556976077952875,1,0,True,False,1
Kgalagadi South,Mokoko,16,2022,-25.11347870230539,23.662600080758924,1,0,True,False,16
Kgalagadi South,Mokaje/Morokrof,19,2022,-24.290496777268697,21.169735636886244,1,0,True,False,19
Kgalagadi South,Khaneng,2,2022,-25.013507257926808,21.87900158518768,1,0,True,False,2
Kgalagadi South,Kopano Syndicate,4,2022,-24.265905245956116,22.471172643482365,1,0,True,False,4
Kgalagadi South,Tsabong Cattle Post,7,2022,-26.229534965689826,20.22599640505984,1,0,True,False,7
Kgalagadi South,Leherwane 2,11,2022,-25.125815328446258,23.42264553711937,1,0,True,False,11
Kgalagadi South,Khudugane/Leherwane 1,2,2022,-24.588136465481433,21.45633661513889,1,0,True,False,2
Kgalagadi South,Khubulabojang,8,2022,-25.40681505764533,21.276294825943015,1,0,True,False,8
Kgalagadi South,Tsabong Cattle Post 1,12,2022,-25.782684800636147,21.17362835518266,1,0,True,False,12
Kgalagadi South,Jacobus Cattle Post,1,2022,-24.18915707583486,21.279745171255605,1,0,True,False,1
Kgalagadi South,Tlosi syndicate,1,2022,-26.348818967697834,21.52044308932348,1,0,True,False,1
Kgalagadi South,Kwegane,5,2022,-25.65789249175694,22.695877872622006,1,0,True,False,5
Kgalagadi South,Maretwane,3,2022,-24.47425031223965,22.602219946241203,1,0,True,False,3
Kgalagadi South,Hududu,3,2022,-24.404869012491968,21.157855477592875,1,0,True,False,3
Kgalagadi South,Tswaneng,6,2022,-24.2003586976842,20.940718659655968,1,0,True,False,6
Kgalagadi South,Khukwa/Sant Vyt 2,6,2022,-24.444882617933587,23.671848054448596,1,0,True,False,6
Kgalagadi South,Modipane,5,2022,-26.57925471002503,20.439807240429975,1,0,True,False,5
Kgalagadi South,WelKom,7,2022,-24.329911102375956,22.29056274489899,1,0,True,False,7
Kgalagadi South,Land Fill,8,2022,-25.613772087742632,22.32465278077572,1,0,True,False,8
Kgalagadi South,Tsabong BDF Camp,31,2022,-25.041838883033318,22.560682462734317,1,0,True,False,31
Kgalagadi South,Dikbos,31,2022,-25.700518113211338,23.933059641680856,1,0,True,False,31
Kgalagadi South,Magading,9,2022,-24.62706907952494,22.77997646962448,1,0,True,False,9
Kgalagadi South,Maratshane,9,2022,-25.23559545507721,24.320673108979694,1,0,True,False,9
Kgalagadi South,Kolonkwang Cattle Post,1,2022,-24.545479893320536,23.870073821695236,1,0,True,False,1
Kgalagadi South,Ngomme,6,2022,-26.213716136641093,20.977354863755323,1,0,True,False,6
Kgalagadi South,Sloca,7,2022,-26.23621029456651,21.09385017331384,1,0,True,False,7
Kgalagadi South,Jirwane,6,2022,-25.582521163155683,21.550221316934596,1,0,True,False,6
Kgalagadi South,Lekolong,12,2022,-26.697519254364458,21.756136411380574,1,0,True,False,12
Kgalagadi South,Tshwarakgama MK,10,2022,-24.936299612089606,22.4675424034326,1,0,True,False,10
Kgalagadi South,Bokopano,2,2022,-25.95192112179492,21.05565135693958,1,0,True,False,2
Kgalagadi South,Lobu Field Station,77,2022,-25.283253817886997,21.010858475264776,1,0,True,False,77
Kgalagadi South,Matlalo,18,2022,-26.530504436875844,21.71153294081435,1,0,True,False,18
Kgalagadi South,Kotswane,5,2022,-26.272910789607415,22.991922249651704,1,0,True,False,5
Kgalagadi South,Makaleng,2,2022,-25.11545115425791,23.06286208663068,1,0,True,False,2
Kgalagadi South,Metsimantsi,14,2022,-25.927326807717336,24.331611892232075,1,0,True,False,14
Kgalagadi South,Sikamaje / Sekamatso,8,2022,-26.16009267268408,20.92305763520493,1,0,True,False,8
Kgalagadi South,Seritshane,12,2022,-26.12394037155499,21.76206067211151,1,0,True,False,12
Kgalagadi South,Moshaaphofu,4,2022,-26.159843317307327,24.281216116687997,1,0,True,False,4
Kgalagadi South,Molapowabojang,21,2022,-25.11547219514928,23.071158245961715,1,0,True,False,21
Kgalagadi South,Diretshaneng,8,2022,-26.280469467372917,22.640606109838327,1,0,True,False,8
Kgalagadi South,Malegong,2,2022,-25.7813213789565,22.40873285343151,1,0,True,False,2
Kgalagadi South,Masitwane/Marope a Mapodisi,1,2022,-24.949010491473263,20.36397526336674,1,0,True,False,1
Kgalagadi South,Dithapelo,9,2022,-25.39492195023168,23.96708650209324,1,0,True,False,9
Kgalagadi South,Cheme,11,2022,-25.180919706419672,22.78698686009992,1,0,True,False,11
Kgalagadi South,Mapapele,3,2022,-26.067475804318253,22.54980348397289,1,0,True,False,3
Kgalagadi South,Sekabe,14,2022,-24.322364637113093,22.408090934010215,1,0,True,False,14
Kgalagadi South,Moselewapula,2,2022,-25.650342578160647,21.757897702894684,1,0,True,False,2
Kgalagadi South,Masitwasitwane,2,2022,-25.975186760502947,21.153242627090165,1,0,True,False,2
Kgalagadi South,Bojosi,6,2022,-24.395026480485896,23.358896846864823,1,0,True,False,6
Kgalagadi South,Morwe,9,2022,-25.032444294594267,22.276221362146806,1,0,True,False,9
Kgalagadi South,Mongaleng/Ngakale Syndicate,4,2022,-25.138265075191924,20.18083418647221,1,0,True,False,4
Kgalagadi South,Magogwe,3,2022,-24.440052622067867,21.789530603352762,1,0,True,False,3
Kgalagadi South,Kotshieng,4,2022,-26.55984508837837,24.122292114452538,1,0,True,False,4
Kgalagadi South,Seventy Five,7,2022,-24.565610970233678,21.678511847075818,1,0,True,False,7
Kgalagadi South,Drieertries,4,2022,-24.974663434308344,21.85181804137725,1,0,True,False,4
Kgalagadi South,Good Hope,2,2022,-25.78826684201244,22.78018433495805,1,0,True,False,2
Kgalagadi South,Sams Pan,1,2022,-26.0535407665132,23.563104976682535,1,0,True,False,1
Kgalagadi South,Diker Grey,2,2022,-26.441426631046657,22.976229817887113,1,0,True,False,2
Kgalagadi South,Lankgewag Farm,1,2022,-24.300968723657636,23.77624356889257,1,0,True,False,1
Kgalagadi South,Sampan,18,2022,-26.346452004604437,20.53341235870778,1,0,True,False,18
Kgalagadi South,Lazarus,6,2022,-26.04563898744805,24.104621211718715,1,0,True,False,6
Kgalagadi South,Mabogodinku,4,2022,-24.940767985140656,24.013556439911213,1,0,True,False,4
Kgalagadi South,Thotayaletsatsi,3,2022,-24.892020979895477,22.31843092372878,1,0,True,False,3
Kgalagadi South,Bopaganang Syndicate,8,2022,-26.298187873665,22.78362554918956,1,0,True,False,8
Kgalagadi South,Thaola Kgomo,6,2022,-24.625883799429747,20.968864510484128,1,0,True,False,6
Kgalagadi South,Platfoot,4,2022,-25.403582874488677,22.004753053133456,1,0,True,False,4
Kgalagadi South,Cane,6,2022,-24.538026436380644,20.92432610248937,1,0,True,False,6
Kgalagadi South,Camp,8,2022,-26.486270989696564,20.128131632678205,1,0,True,False,8
Kgalagadi South,Kokotshana,5,2022,-26.600056118269734,24.35269814198589,1,0,True,False,5
Kgalagadi South,Tsong,14,2022,-25.07928182390186,21.172987380452078,1,0,True,False,14
Kgalagadi South,Humutu,98,2022,-26.325689840464523,22.644261737690666,1,0,True,False,98
Kgalagadi South,Janeng,4,2022,-25.366055544229017,21.354071168932578,1,0,True,False,4
Kgalagadi South,Motlhabaneng,26,2022,-26.673569136804726,21.664092848404614,1,0,True,False,26
Kgalagadi South,Peloebotlhoko,1,2022,-24.71342476010276,21.783658308280707,1,0,True,False,1
Kgalagadi South,Thakwana,6,2022,-24.407302045872168,21.507367070645653,1,0,True,False,6
Kgalagadi South,Kuwe,27,2022,-24.562531209855734,22.839388475567997,1,0,True,False,27
Kgalagadi South,Marabane,2,2022,-24.256743432393044,24.264734075554152,1,0,True,False,2
Kgalagadi South,Peacock s Valley,3,2022,-24.398175807599415,21.91967023739151,1,0,True,False,3
Kgalagadi South,Maleshe Lands,2,2022,-25.57320134155517,24.319320429375374,1,0,True,False,2
Kgalagadi South,Arizona,5,2022,-25.69009481830119,22.973305081675477,1,0,True,False,5
Kgalagadi South,Letlopi,16,2022,-24.415867535398455,22.706061828480372,1,0,True,False,16
Kgalagadi South,Maleshe Cattle Post,16,2022,-24.33714871042534,21.075878049865636,1,0,True,False,16
Kgalagadi South,Localities with No Affiliation,"1,246",2022,-24.219673341021792,20.30851123949172,1,0,True,False,1246
Kgalagadi South,Farm 2 IK (Van Wyksris's Farm),10,2022,-24.74314614631668,23.784526113411747,1,0,True,False,10
Kgalagadi South,Sparwater Farm,11,2022,-26.192683520155988,22.559996334884566,1,0,True,False,11
Kgalagadi South,Longvester Farm,7,2022,-24.291037815229842,21.85702031594848,1,0,True,False,7
Kgalagadi South,Velverden's Farm,12,2022,-24.285439265732546,23.60844884090529,1,0,True,False,12
Kgalagadi South,Five Dunes Farm,13,2022,-25.00469445946701,21.399580155310883,1,0,True,False,13
Kgalagadi South,Saltpits Farm 1,2,2022,-24.51544215346917,23.4835521426449,1,0,True,False,2
Kgalagadi South,Fransedam's Farm,15,2022,-25.273330308856124,21.47616325226544,1,0,True,False,15
Kgalagadi South,Geelpits Farm,13,2022,-24.293155038775605,24.088270721683713,1,0,True,False,13
Kgalagadi South,Ganahoek Farm,27,2022,-26.46924750514866,21.21184562085631,1,0,True,False,27
Kgalagadi South,Welkom Farm 1,13,2022,-24.49833568011785,20.637310003394774,1,0,True,False,13
Kgalagadi South,Welgewa Farm,3,2022,-26.567617518852426,23.106789916277375,1,0,True,False,3
Kgalagadi South,Welte Vrede's Farm 2,2,2022,-25.841724631101147,20.74873934178015,1,0,True,False,2
Kgalagadi South,Oorwin Farm,3,2022,-26.363310281328744,24.21374805721998,1,0,True,False,3
Kgalagadi South,Farm 29 JM (Cornwall's Farm),25,2022,-25.483317961112938,22.91937219206606,1,0,True,False,25
Kgalagadi South,Farm 1 JM (Aberdeen),2,2022,-26.115238830002742,21.048373567920223,1,0,True,False,2
Kgalagadi South,Farm 7 JM (Flinks's Farm),20,2022,-24.272818422561357,20.95126836491634,1,0,True,False,20
Kgalagadi South,Farm 15 JM (Monmouth Farm),25,2022,-25.27807847026742,24.101460190720683,1,0,True,False,25
Kgalagadi South,CDC Farm Boshoek,13,2022,-24.411907759854845,22.70924136864471,1,0,True,False,13
Kgalagadi South,Farm 3 JN (Norfolk Farm),10,2022,-25.997980616417163,23.968682170907446,1,0,True,False,10
Kgalagadi South,Farm 6 JN (Mogonono Farm),13,2022,-26.643190526102178,20.516912013776768,1,0,True,False,13
Kgalagadi South,Mpugwa Farm,1,2022,-24.724364870145873,24.108144049291386,1,0,True,False,1
Kgalagadi South,Farm 2 JN (Ox-Ford Farm),51,2022,-24.91192079608364,22.32239908482826,1,0,True,False,51
Kgalagadi South,CDC Farm Westward Section,107,2022,-25.313476040689302,22.97605711557034,1,0,True,False,107
Kgalagadi South,Farm 2 JM (Bedford's Farm 2),32,2022,-24.62278274626254,21.67402222875813,1,0,True,False,32
Kgalagadi South,CDC Farm Dailyspan Section,21,2022,-24.55945564525406,20.291856693982144,1,0,True,False,21
Kgalagadi South,Farm 1 JN (Molopo Farm),13,2022,-25.204921906511704,24.25167687586293,1,0,True,False,13
Kgalagadi South,Farm 5 JM (Essex Farm),44,2022,-24.237355009277135,24.413032847059014,1,0,True,False,44
Kgalagadi South,CDC Farm Laagte Section,31,2022,-24.867553080155282,21.637330339510562,1,0,True,False,31
Kgalagadi South,CDC Farm E.G.A. Section,15,2022,-24.977194784073586,24.189539210277154,1,0,True,False,15
Kgalagadi South,CDC Farm Webster's Section,30,2022,-25.784609272183406,20.77023402617812,1,0,True,False,30
Kgalagadi South,Farm 33 JM,13,2022,-26.70390008902303,20.7127779726065,1,0,True,False,13
Kgalagadi South,Borakanelo/Tobetsa,12,2022,-26.092979793174266,20.353408454061686,1,0,True,False,12
Kgalagadi South,Farm 4 JM (Davon Farm),27,2022,-24.754399725590215,21.755057026691905,1,0,True,False,27
Kgalagadi South,Farm 23 JM (Davon Farm),2,2022,-24.892740678774146,20.26173145231329,1,0,True,False,2
Kgalagadi South,Sam Brooks,4,2022,-25.862418234532303,21.76998195801184,1,0,True,False,4
Kgalagadi South,Farm 38 JM (Nakatsakgomo/Deron/ Matlopi),7,2022,-25.108479481264755,20.6409943860534,1,0,True,False,7
Kgalagadi South,Banyana Farms,7,2022,-26.209835861226722,23.24966562236919,1,0,True,False,7
Kgalagadi South,Lorekwang Farm,2,2022,-26.034916625560708,23.702706318816585,1,0,True,False,2
Kgalagadi South,Welkom 2,5,2022,-24.28475682437327,23.06149556001882,1,0,True,False,5
Kgalagadi South,Welte Vrede 1,3,2022,-25.652130862251294,20.914593396958075,1,0,True,False,3
Kgalagadi South,Saltpits 2,1,2022,-26.08262667782628,23.40967575027528,1,0,True,False,1
Kgalagadi South,Relekile,5,2022,-25.462910393426963,21.130490359533443,1,0,True,False,5
Kgalagadi South,Farm 8 JM (Hereford Ranch),24,2022,-25.719100310128443,23.377252925250996,1,0,True,False,24
Kgalagadi South,Farm 4 JN (Nil Harveys/Ukhwi Farm),18,2022,-24.842425895388658,22.530992661964824,1,0,True,False,18
Kgalagadi South,Bodumatau Farm,11,2022,-24.247111151372863,21.646871224633703,1,0,True,False,11
Kgalagadi South,Farm JM 34 (Matshwaoakgomo),53,2022,-25.19510835129068,20.39914009072017,1,0,True,False,53
Kgalagadi South,Farm 2 IK (No 190),2,2022,-25.196619084883423,23.67692021311652,1,0,True,False,2
Kgalagadi South,Esterhuizen Farm,6,2022,-25.77587596941219,24.170969916676235,1,0,True,False,6
Kgalagadi South,Farm 9 JN (Brandom Pistorius),19,2022,-25.264488367526614,22.96502510039507,1,0,True,False,19
Kgalagadi South,Farm 7 JN (Dion Van Syl),13,2022,-25.892347589971795,24.28061726927458,1,0,True,False,13
Kgalagadi South,Peter Pistorius Farm,4,2022,-26.70688579757496,24.146556736488023,1,0,True,False,4
Kgalagadi South,Farm 22 JM,1,2022,-24.492877532151468,20.88866361808375,1,0,True,False,1
Kgalagadi South,Farm 26 JM (Bereka),35,2022,-25.610503832564202,23.252681432359356,1,0,True,False,35
Kgalagadi South,Farm 32 JM (Santa Mara),5,2022,-25.45016329940732,21.570181320214694,1,0,True,False,5
Kgalagadi South,Farm 31 JM (Kukama farm),12,2022,-26.495957484435298,22.179079019766995,1,0,True,False,12
Kgalagadi South,Farm 16 JM (Goodys Farm),4,2022,-24.567067342070928,20.72282687533857,1,0,True,False,4
Kgalagadi South,Bartek Game Ranch,10,2022,-26.273697306571094,24.325720341558267,1,0,True,False,10
Kgalagadi South,Mastovelli s Farm,3,2022,-25.658681772350985,23.23032358547863,1,0,True,False,3
Kgalagadi South,Farm 14 JM,11,2022,-24.558991922995848,21.207182095520494,1,0,True,False,11
Kgalagadi South,Farm 9 JM (Billy s Farm/Koetzie Farm),15,2022,-25.53796954212059,21.667837846054006,1,0,True,False,15
Kgalagadi South,Farm 21 JM (Flinkss),1,2022,-24.326364007041843,21.892568716353967,1,0,True,False,1
Kgalagadi South,Gemsbok Transfrontier Park 1,11,2022,-26.173933714394124,23.324585529788997,1,0,True,False,11
Kgalagadi South,Mabuasehube Camp,59,2022,-24.879017538581714,24.10948804560694,1,0,True,False,59
Kgalagadi South,Camel's Camp,2,2022,-24.206459548995433,21.44742297034579,1,0,True,False,2
Kgalagadi South,Mc Carthy's Rust Border Gate,14,2022,-25.302925659057312,22.11292017142089,1,0,True,False,14
Kgalagadi South,Bophirima Game Reserve,7,2022,-24.938012084984248,22.644699046652015,1,0,True,False,7
Kgalagadi South,Two Rivers Govt Camp,7,2022,-25.70320360181813,21.764196645367463,1,0,True,False,7
Kgalagadi South,Makopong Ranches,13,2022,-24.786606782165773,22.252492391170023,1,0,True,False,13
Kgalagadi South,Farm 20 JM (Teremane),7,2022,-24.383386041735537,20.497009756677752,1,0,True,False,7
Kgalagadi South,Farm 1 JN (Gwiddon),2,2022,-24.910185669189325,20.770005365565783,1,0,True,False,2
Kgalagadi South,Farm 11 JM (Ikia/Kinross/Lincoln),30,2022,-24.314138705715486,21.798371407404723,1,0,True,False,30
Kgalagadi South,Farm 19 JM (Teremane),13,2022,-25.203003934382863,24.06209237031837,1,0,True,False,13
Kgalagadi South,Farm 5 JN (Brandon Pistorious),9,2022,-25.232477521355346,21.57041580961476,1,0,True,False,9
Kgalagadi South,Farm 25 JM (Bedford Farm 2),4,2022,-25.92997653817603,21.131779464787133,1,0,True,False,4
Kgalagadi South,Coolio Farm,5,2022,-24.893364599404098,23.30400514260924,1,0,True,False,5
Kgalagadi South,Farm 12 JM (Lincoln Farm),18,2022,-24.45229265222686,24.212722081863326,1,0,True,False,18
Kgalagadi South,Farm 37 JM (Flinks Farm,15,2022,-25.055411998155087,22.05398990007495,1,0,True,False,15
Kgalagadi South,Farm 24 JM (Cornwalls Farm),8,2022,-26.113208958505204,20.069222278035472,1,0,True,False,8
Kgalagadi South,Farm 3 JM (Cornwalls Farm),63,2022,-25.317014677050828,23.06296657835447,1,0,True,False,63
Kgalagadi South,Farm 6 JM (Flinkss Farm),15,2022,-24.77483272350326,21.859870417553555,1,0,True,False,15
Kgalagadi South,Farm 28 JM (Hereforb Ranch),7,2022,-24.305347717867168,22.99906986353686,1,0,True,False,7
Kgalagadi South,Farm 18 JM (Inverness Farm),18,2022,-26.30886793039041,21.254797831666327,1,0,True,False,18
Kgalagadi North,Kang Lands,36,2022,-24.243922132588242,21.340753965853633,1,1,True,False,36
Kgalagadi North,Masimo 1,2,2022,-23.487772781759336,20.75560168070965,1,1,True,False,2
Kgalagadi North,Moriti/Ditholong,2,2022,-23.60734270385063,20.872242573976266,1,1,True,False,2
Kgalagadi North,Kokwa,2,2022,-23.621495408402005,20.16963414144059,1,1,True,False,2
Kgalagadi North,Kakanata,13,2022,-23.897289172071005,21.691212127443823,1,1,True,False,13
Kgalagadi North,Kings Lands,5,2022,-23.512909338259988,22.58626151038942,1,1,True,False,5
Kgalagadi North,Mookotsi,2,2022,-24.34554698418147,22.396248897384417,1,1,True,False,2
Kgalagadi North,Xabekome,9,2022,-23.773516672008476,21.37704469824535,1,1,True,False,9
Kgalagadi North,Majwana,23,2022,-24.196793428653802,20.633628945125604,1,1,True,False,23
Kgalagadi North,Moraba-wa-Thamaga,3,2022,-23.92020228519581,22.686555666907214,1,1,True,False,3
Kgalagadi North,Botshabelo,18,2022,-23.357045431026396,20.204997227060485,1,1,True,False,18
Kgalagadi North,Nakalatlou,10,2022,-23.376321444242,21.258406769031605,1,1,True,False,10
Kgalagadi North,Marutshwana,6,2022,-24.043793923347128,22.665424515777524,1,1,True,False,6
Kgalagadi North,Maipaa,5,2022,-23.957168629852482,21.23980811684554,1,1,True,False,5
Kgalagadi North,Patisamarago,1,2022,-23.49966304061859,20.39293422262938,1,1,True,False,1
Kgalagadi North,Boogo,12,2022,-23.374750121141865,20.848435406377728,1,1,True,False,12
Kgalagadi North,Palamaokue 2,6,2022,-23.667574330417423,21.87612276786529,1,1,True,False,6
Kgalagadi North,Motlhalawakgama,3,2022,-24.67665386415861,20.498017602244623,1,1,True,False,3
Kgalagadi North,Phenyo,11,2022,-24.312504229589084,22.045022714243302,1,1,True,False,11
Kgalagadi North,Senthomule,6,2022,-23.50073719173226,21.378190464221046,1,1,True,False,6
Kgalagadi North,Moraba wa makgetho,10,2022,-23.68207961702747,21.058968619518065,1,1,True,False,10
Kgalagadi North,Palamaokue 1,4,2022,-23.7190234419147,20.7714572172719,1,1,True,False,4
Kgalagadi North,Kopano,3,2022,-23.824128692284482,22.563033649252805,1,1,True,False,3
Kgalagadi North,Motshosele,18,2022,-24.181494921066815,21.250566290316385,1,1,True,False,18
Kgalagadi North,Maikano,3,2022,-24.198499814919366,22.302018239438443,1,1,True,False,3
Kgalagadi North,Jiking,19,2022,-23.624682519834305,21.38493731364573,1,1,True,False,19
Kgalagadi North,Ngwao,3,2022,-24.35332357350194,20.312928268019878,1,1,True,False,3
Kgalagadi North,Hokoza,3,2022,-23.80021278744616,21.38540114664222,1,1,True,False,3
Kgalagadi North,Tselakgopo,6,2022,-23.74168886650721,21.592063932765324,1,1,True,False,6
Kgalagadi North,Sexaxau,6,2022,-23.574295962083255,21.43873033604291,1,1,True,False,6
Kgalagadi North,Mogobe wa mothaba,15,2022,-24.316399742677774,22.54122889891211,1,1,True,False,15
Kgalagadi North,Magoi,6,2022,-23.719509725087978,22.832264416088396,1,1,True,False,6
Kgalagadi North,Uhuru,3,2022,-24.618230665556652,22.450595530881277,1,1,True,False,3
Kgalagadi North,Xobashwe,13,2022,-24.573574867397575,21.823066369688092,1,1,True,False,13
Kgalagadi North,12LLOK,1,2022,-24.178563975393978,21.695922208060058,1,1,True,False,1
Kgalagadi North,Phuthadikobo,16,2022,-24.690739612633386,22.013278782617558,1,1,True,False,16
Kgalagadi North,Tshubathaga,12,2022,-23.42840948785132,20.9157444986585,1,1,True,False,12
Kgalagadi North,Khong,6,2022,-23.49319342959516,22.527709536410892,1,1,True,False,6
Kgalagadi North,Bosigo,14,2022,-24.69963925130803,22.66614137219541,1,1,True,False,14
Kgalagadi North,Thankane,11,2022,-23.583127972632845,20.852334955299376,1,1,True,False,11
Kgalagadi North,Seqoakane,3,2022,-24.04909069955776,22.80755309297068,1,1,True,False,3
Kgalagadi North,Logonyaneng,9,2022,-23.775982353389573,22.641176841026898,1,1,True,False,9
Kgalagadi North,Katshwane,1,2022,-23.514359702452428,21.33612330850021,1,1,True,False,1
Kgalagadi North,Council water unit,5,2022,-23.952768322962047,22.826569969672047,1,1,True,False,5
Kgalagadi North,Wildlife Camp,26,2022,-24.604316739142515,20.400820060471133,1,1,True,False,26
Kgalagadi North,Telecomms Workers Camp Rep 6E,1,2022,-24.76520476433417,20.11642046981476,1,1,True,False,1
Kgalagadi North,Kalahari Safari Lodge,22,2022,-24.06599674327444,21.100427188621314,1,1,True,False,22
Kgalagadi North,Kang Abattoir,16,2022,-23.426240036912795,21.76970646453311,1,1,True,False,16
Kgalagadi North,Tshane,"1,092",2022,-23.958924744974734,21.111426930432796,1,1,True,False,1092
Kgalagadi North,Lekgwarana/Tshanye,3,2022,-24.241359797244385,22.928291384423297,1,1,True,False,3
Kgalagadi North,Makgarejwana,5,2022,-24.72511531152243,20.813861474733024,1,1,True,False,5
Kgalagadi North,Kganyane,8,2022,-23.474687727592784,20.89538976739478,1,1,True,False,8
Kgalagadi North,Motsokwane,57,2022,-24.306115402905828,21.983167926537334,1,1,True,False,57
Kgalagadi North,Tlhaga's Farm / Tlhage,6,2022,-23.772001452809302,20.042214966670855,1,1,True,False,6
Kgalagadi North,Hukuntsi Lands,16,2022,-23.786909710826702,22.268419632855753,1,1,True,False,16
Kgalagadi North,Gukwa,24,2022,-24.409754832779978,21.191490054745643,1,1,True,False,24
Kgalagadi North,Bohese,15,2022,-24.678643883089325,23.038049613504015,1,1,True,False,15
Kgalagadi North,Marang,31,2022,-24.224300149399348,22.15724843998551,1,1,True,False,31
Kgalagadi North,Makwangkwang,4,2022,-24.3202958685394,20.19095118280556,1,1,True,False,4
Kgalagadi North,Kawi,19,2022,-23.778396044563404,20.31526807167341,1,1,True,False,19
Kgalagadi North,Mae,1,2022,-23.609336062271307,20.3015492618131,1,1,True,False,1
Kgalagadi North,Namoepedi,12,2022,-24.454220975178284,22.96075892245632,1,1,True,False,12
Kgalagadi North,Khuruhuru,3,2022,-24.021711938517875,22.13458919765039,1,1,True,False,3
Kgalagadi North,Masuri,11,2022,-24.711414781895584,21.34571862665402,1,1,True,False,11
Kgalagadi North,Tshwaragano Syndicate,13,2022,-24.465804493182276,20.647048237093635,1,1,True,False,13
Kgalagadi North,Phephane,13,2022,-23.691401911961943,22.717795126072918,1,1,True,False,13
Kgalagadi North,Bonwapitse,15,2022,-23.646654340932166,20.6503497011366,1,1,True,False,15
Kgalagadi North,Marota/Makubu,14,2022,-23.670690775208964,22.20419581870485,1,1,True,False,14
Kgalagadi North,Tshegatshega,30,2022,-24.567455813526013,22.37844602790367,1,1,True,False,30
Kgalagadi North,Kgainyane 2,63,2022,-23.98945801180885,20.936741810166517,1,1,True,False,63
Kgalagadi North,Moege,13,2022,-24.170965187151403,21.583533576871687,1,1,True,False,13
Kgalagadi North,Thakoyanamane,5,2022,-23.366474943573387,20.716282386567936,1,1,True,False,5
Kgalagadi North,Monong Lands,2,2022,-23.84372314987638,21.195981802234193,1,1,True,False,2
Kgalagadi North,Maotoakgomo Syndicate,16,2022,-23.446084393090146,22.999248412225814,1,1,True,False,16
Kgalagadi North,Ovinyanga,9,2022,-24.56326576694027,22.16254081433899,1,1,True,False,9
Kgalagadi North,Kika,20,2022,-24.131128275934845,22.63465991588549,1,1,True,False,20
Kgalagadi North,Tomole,3,2022,-23.677475549865857,21.693306264957986,1,1,True,False,3
Kgalagadi North,Mataopa,6,2022,-24.248547040176966,20.76565636169322,1,1,True,False,6
Kgalagadi North,Jamoja,7,2022,-23.874219965378856,22.223270054443635,1,1,True,False,7
Kgalagadi North,Masego/Thite,23,2022,-24.04509072505342,21.57016214508104,1,1,True,False,23
Kgalagadi North,Thalaga,5,2022,-23.365848196943297,20.574346536302627,1,1,True,False,5
Kgalagadi North,Lekojwana,39,2022,-24.522923375753106,21.29903427840663,1,1,True,False,39
Kgalagadi North,Dikgomodialela,41,2022,-23.445877033699855,21.983206706211828,1,1,True,False,41
Kgalagadi North,Thupayamokala,22,2022,-24.200862413092494,22.292336268233914,1,1,True,False,22
Kgalagadi North,Eighteen,5,2022,-24.106913856489594,20.778518002135613,1,1,True,False,5
Kgalagadi North,Mazagazaga,21,2022,-24.021187452273104,22.725047487380913,1,1,True,False,21
Kgalagadi North,Megobeng,16,2022,-24.393512510516704,21.197893488152125,1,1,True,False,16
Kgalagadi North,Zutshwane,7,2022,-23.405836603679884,20.864392179753573,1,1,True,False,7
Kgalagadi North,Rulwane,8,2022,-23.479627178659015,20.630551851225196,1,1,True,False,8
Kgalagadi North,Zutshwa Mixture,10,2022,-23.392756541064145,22.504098342093066,1,1,True,False,10
Kgalagadi North,Kaa Camp,5,2022,-23.35879001559498,21.119800148902502,1,1,True,False,5
Kgalagadi North,Letsepa,10,2022,-23.821474019174225,21.517347554416084,1,1,True,False,10
Kgalagadi North,Tshwarantsa,2,2022,-24.129979452707936,20.715761102292134,1,1,True,False,2
Kgalagadi North,Shubule Zutshila,21,2022,-23.5655578057795,22.140863142579875,1,1,True,False,21
Kgalagadi North,Bothatogo,22,2022,-24.735181928495603,22.43292209937735,1,1,True,False,22
Kgalagadi North,Selaga,9,2022,-23.58865506548037,21.0744594469233,1,1,True,False,9
Kgalagadi North,Zweichelwa,51,2022,-24.065481198921493,22.937555743056716,1,1,True,False,51
Kgalagadi North,Kobuyagajwe,21,2022,-23.8166368025127,20.12449250003213,1,1,True,False,21
Kgalagadi North,Ditshimong,21,2022,-24.23979414396199,20.43928485188471,1,1,True,False,21
Kgalagadi North,Inalegolo Lands,55,2022,-24.247464407330853,21.841539180449498,1,1,True,False,55
Kgalagadi North,Camp 5,17,2022,-24.723990656438374,22.18797714964109,1,1,True,False,17
Kgalagadi North,Tsanyane,4,2022,-24.169436177602027,20.80147299320406,1,1,True,False,4
Kgalagadi North,Mmakanyane,3,2022,-24.191268067269185,21.73474699426645,1,1,True,False,3
Kgalagadi North,Magare,17,2022,-24.450903194486862,21.009739858338182,1,1,True,False,17
Kgalagadi North,Nxhabe,12,2022,-24.419033262763154,21.73480282288226,1,1,True,False,12
Kgalagadi North,Setsile,16,2022,-23.94263387877008,22.058534341163416,1,1,True,False,16
Kgalagadi North,Kaka,5,2022,-24.319390034014717,23.022853895763635,1,1,True,False,5
Kgalagadi North,Lengonyaneng,13,2022,-23.594527925099673,21.432130921285083,1,1,True,False,13
Kgalagadi North,Namolaleuba,20,2022,-24.611306788544333,22.024353033033695,1,1,True,False,20
Kgalagadi North,Farm,2,2022,-23.95182001231027,21.808477149352353,1,1,True,False,2
Kgalagadi North,Phuduhudu Quarantine,6,2022,-24.542481697084636,21.007182473039922,1,1,True,False,6
Kgalagadi North,Localities with No Affiliation,122,2022,-24.02169842071151,20.80879779613284,1,1,True,False,122
Kgalagadi North,Matlhogotsane,1,2022,-23.987320599125617,23.06918925385091,1,1,True,False,1
Kgalagadi North,Kgainyane,21,2022,-23.860373948521964,20.66664244320007,1,1,True,False,21
Kgalagadi North,Bonsmara Ranch,8,2022,-24.16429403350322,22.46135164886629,1,1,True,False,8
Kgalagadi North,Kalakantsi Game Cattle Ranch,5,2022,-24.048241325334164,20.481257027811115,1,1,True,False,5
Kgalagadi North,Golden Springs Ranch,61,2022,-24.512909181714914,22.504651852973538,1,1,True,False,61
Kgalagadi North,Savanna Ranch,7,2022,-24.11395429204129,20.601661635928043,1,1,True,False,7
Kgalagadi North,Maokanyane,3,2022,-24.241230730087644,23.0054691879365,1,1,True,False,3
Kgalagadi North,Boago farm,5,2022,-23.826663509085815,22.140545021500145,1,1,True,False,5
Kgalagadi North,Mafnewaick Farm,5,2022,-24.153831892673825,20.30754821788476,1,1,True,False,5
Kgalagadi North,Inalegolo phuduhudu remote area management association,6,2022,-23.66653636136221,22.162661045920466,1,1,True,False,6
